trajectory_id,task_id,family,representation,variant,task_text,reference_solution,alignment_method,boundary_crossed,reference_start_token_index,base_token_count_metadata,token_count,analysis_token_count,trajectory_valid,mean_entropy_top20,median_entropy_top20,std_entropy_top20,cumulative_entropy_top20,mean_entropy_valid_vocab,median_entropy_valid_vocab,std_entropy_valid_vocab,cumulative_entropy_valid_vocab,mean_p1,median_p1,mean_top20_mass,fraction_p1_ge_090,fraction_p1_ge_099,longest_run_p1_ge_090,longest_run_p1_ge_099,mean_abs_entropy_change_top20,mean_abs_entropy_change_valid_vocab,reference_in_top20_fraction,mean_reference_surprisal
binary_search_exact__python__v2,binary_search_exact,binary_search,python,2,"Given an ascending sorted list and a target value, return the target index or minus one if absent.","def binary_search_exact(counter, output):
    value = 0
    item = len(counter) - 1
    while value <= item:
        current = (value + item) // 2
        if counter[current] == output:
            return current
        if counter[current] < output:
            value = current + 1
        else:
            item = current - 1
    return -1",fast_offsets,False,31,31,97,96,True,0.3887063962229149,0.09508678317070007,0.5929946129247963,37.31581403739983,0.47428048489337016,0.09832035377621651,0.8205733032494252,45.530926549763535,0.8774777499493212,0.9844001531600952,0.9871463396896919,0.6875,0.4479166666666667,27,10,0.3729087395483236,0.5141578173568153,0.9583333333333334,0.6852730388719408
partition_by_sign__nl__v2,partition_by_sign,partition,nl,2,"Given a list of numbers, return two lists: negative values first and nonnegative values second, preserving input order within each group.",Build an empty negative list and an empty nonnegative list. Inspect each number and add it to the appropriate list according to its sign. Output both lists.,fast_offsets,False,37,37,32,31,True,0.914438221783888,0.8070275783538818,0.6402229003602214,28.347584875300527,1.0788144838785934,0.8829985857009888,0.7892261678787976,33.44324900023639,0.7199295249677473,0.7507325410842896,0.9794054358236252,0.3225806451612903,0.12903225806451613,4,1,0.7474159671614568,0.8722581616292397,0.9354838709677419,1.4652989277495974
gcd_two__nl__v2,gcd_two,gcd_family,nl,2,"Given two nonnegative integers, compute their greatest common divisor using the Euclidean algorithm.","While the second value is not zero, replace the pair with the second value and the remainder of the first divided by the second. Output the first value when the second becomes zero.",fast_offsets,False,28,28,37,36,True,1.052410890865657,0.8729356825351715,0.8015131588185551,37.886792071163654,1.3160234887359872,1.006206750869751,1.109753927533502,47.376845594495535,0.6681283230168952,0.7583180963993073,0.9604473561048508,0.3333333333333333,0.05555555555555555,4,1,0.7861867849315916,0.9821338983518737,0.9166666666666666,1.3603038320741487
is_subset__python__v3,is_subset,set_relation,python,3,"Given two collections, determine whether every value in the first collection occurs in the second.","def is_subset(element, entry):
    for x in element:
        if x not in entry:
            return False
    return True",fast_offsets,False,27,27,32,31,True,0.5576203939534964,0.186757892370224,0.7092145065665858,17.28623221255839,0.677487438206651,0.18928314745426178,0.9231119558562155,21.002110584406182,0.8257676199559243,0.9592386484146118,0.9828679542387685,0.5806451612903226,0.3548387096774194,13,3,0.4945431689110895,0.6486955898813903,0.9354838709677419,1.0207525149894683
matrix_find_position__nl__v2,matrix_find_position,matrix_search,nl,2,"Given a matrix and a target value, return the row and column of the first occurrence in row-major order, or minus one for both if absent.","Scan rows from top to bottom and columns from left to right. If a value equals the target, output its row and column indices. If no match exists, output minus one for both indices.",fast_offsets,False,41,41,39,38,True,1.040458847131384,1.1139817833900452,0.7377966218271492,39.537436190992594,1.2149037610935538,1.2241418957710266,0.8979446660129161,46.16634292155504,0.6633443279485953,0.6487908661365509,0.9759201532916019,0.2894736842105263,0.13157894736842105,4,3,0.6431629715134969,0.7762256460012616,1.0,0.9931411945864582
fibonacci_nth__python__v3,fibonacci_nth,fibonacci,python,3,"Given a nonnegative integer n with F0 equal to zero and F1 equal to one, return Fn iteratively.","def fibonacci_nth(result):
    entry = 0
    x = 1
    for element in range(result):
        entry, x = x, entry + x
    return entry",fast_offsets,False,35,35,45,44,True,0.6344642513484525,0.2937592566013336,0.705588975603959,27.91642705933191,0.7728811296613209,0.3003138303756714,0.9675900483743936,34.00676970509812,0.7845340181480754,0.9396736323833466,0.9795772473920475,0.5681818181818182,0.2727272727272727,12,4,0.6935288572445685,0.9039196928443257,0.8863636363636364,1.3611778398103938
contains_target__nl__v1,contains_target,membership_test,nl,1,"Given a list of values and a target, determine whether the target occurs in the list.","Examine the values one by one. If the current value equals the target, return true immediately. If the scan finishes without a match, return false.",fast_offsets,False,28,28,33,32,True,0.835427042649826,0.7380621135234833,0.6386770457989124,26.733665364794433,0.9342353564770747,0.7702070474624634,0.7395965606156045,29.89553140726639,0.7336380574852228,0.7889843881130219,0.9880579970777035,0.40625,0.125,6,1,0.5211861948933332,0.6042599462520992,0.96875,1.3330932013225265
invert_unique_map__nl__v2,invert_unique_map,dictionary_transform,nl,2,"Given a dictionary whose values are unique, return a new dictionary mapping each original value to its original key.",Begin with an empty result dictionary. Inspect each key and value in the input and assign the original key under the original value in the result. Output the result.,fast_offsets,False,31,31,33,32,True,0.8673864139127545,0.7847878336906433,0.5916021279391662,27.756365245208144,1.0233010817319155,0.8935815691947937,0.7517019605100115,32.745634615421295,0.7266162782907486,0.7335409820079803,0.9805161729454994,0.3125,0.0625,3,1,0.7859728053933189,0.9594643308270362,0.9375,1.8757006164560153
moving_average_three__nl__v1,moving_average_three,sliding_window,nl,1,"Given a list of numbers, return the average of every consecutive window of three values.","Create an empty result list. For each starting index that leaves three values available, add those three values, divide by three, and append the average. Return the result.",fast_offsets,False,27,27,34,33,True,1.108655260367827,0.8547595739364624,0.6969973078329526,36.58562359213829,1.2479703801147866,0.8952949047088623,0.8430242030773739,41.183022543787956,0.6488507430661808,0.7143264412879944,0.9804043011231856,0.21212121212121213,0.0,1,0,0.7160075851716101,0.8747928095981479,1.0,1.9327449640541365
clamp_values__nl__v1,clamp_values,bounded_numeric_transform,nl,1,"Given a list of numbers and lower and upper bounds, clamp each value into the inclusive interval.","Create an empty result list. Examine each value. Replace values below the lower bound with the lower bound, values above the upper bound with the upper bound, and keep all others unchanged. Return the result.",fast_offsets,False,31,31,44,43,True,0.6884171650420094,0.48855218291282654,0.6235498505507228,29.601938096806407,0.7870746314807167,0.5308994054794312,0.7739292996304131,33.84420915367082,0.789486461600592,0.8767192363739014,0.9867035788159038,0.4883720930232558,0.16279069767441862,9,7,0.543685241779756,0.6550530452680375,0.9767441860465116,1.3805175487988974
bubble_sort_descending__python__v2,bubble_sort_descending,bubble_sort,python,2,"Given a list of numbers, sort it in descending order using bubble sort and return the sorted copy.","def bubble_sort_descending(output):
    current = output[:]
    for item in range(len(current) - 1, 0, -1):
        for value in range(item):
            if current[value] < current[value + 1]:
                current[value], current[value + 1] = current[value + 1], current[value]
    return current",fast_offsets,False,32,32,92,91,True,0.2500693023356899,0.03533998876810074,0.44441762951179453,22.75630651254778,0.26790461818256095,0.036002568900585175,0.49125627175899067,24.37932025461305,0.9129468752787664,0.9954010248184204,0.9978817393491556,0.7802197802197802,0.5824175824175825,23,15,0.3292916350576585,0.3520901275784531,0.967032967032967,0.5942376050065251
flatten_lists__nl__v1,flatten_lists,flatten_one_level,nl,1,"Given a list of lists, flatten exactly one level into a single list.","Create an empty result list. Examine each inner list in order, then append each of its values to the result. Return the result.",fast_offsets,False,26,26,29,28,True,0.9477171653083393,0.8074673116207123,0.6020334524621762,26.5360806286335,1.0996852117989744,1.0239054560661316,0.7406152901740699,30.791185930371284,0.7112166881561279,0.7670972049236298,0.9807048738002777,0.25,0.0,2,0,0.6653322743044959,0.843111507318638,0.9642857142857143,1.5672726093325764
frequency_map_items__nl__v2,frequency_map_items,frequency_map,nl,2,"Given a list of hashable values, build a dictionary mapping each value to its occurrence count.","Begin with an empty dictionary. Inspect each value. If it is already a key, increase its count; otherwise build the key with count one. Output the dictionary.",fast_offsets,False,29,29,34,33,True,0.9977295020538749,0.9915461540222168,0.5525646281611197,32.92507356777787,1.16101123810266,1.2211604118347168,0.6887950478087431,38.31337085738778,0.6903198036280546,0.6865725517272949,0.9802172310424574,0.21212121212121213,0.06060606060606061,2,1,0.6627637355122715,0.8164540489669889,0.9393939393939394,1.8655512337008435
string_palindrome__python__v2,string_palindrome,palindrome_test,python,2,"Given a string, determine whether it reads the same forward and backward.","def string_palindrome(current):
    item = 0
    value = len(current) - 1
    while item < value:
        if current[item] != current[value]:
            return False
        item += 1
        value -= 1
    return True",fast_offsets,False,25,25,65,64,True,0.38479867520328526,0.15366673469543457,0.5566161124097116,24.627115213010256,0.4459960628546469,0.16291458159685135,0.7178196774733743,28.5437480226974,0.8873140239156783,0.9706759452819824,0.9908506330102682,0.765625,0.375,34,8,0.3839264738631928,0.48160033718320644,0.953125,0.7650994594636202
contains_target__python__v1,contains_target,membership_test,python,1,"Given a list of values and a target, determine whether the target occurs in the list.","def contains_target(values, target):
    for value in values:
        if value == target:
            return True
    return False",fast_offsets,False,28,28,31,30,True,0.27159759608330203,0.025493521243333817,0.5143710764494441,8.147927882499062,0.2937735248163032,0.0262024886906147,0.5768065623418231,8.813205744489096,0.9198395282030105,0.9967181384563446,0.9973576307296753,0.8333333333333334,0.6,18,8,0.28222978066107063,0.306491766715069,1.0,0.13818505885574267
matrix_find_position__nl__v3,matrix_find_position,matrix_search,nl,3,"Given a matrix and a target value, return the row and column of the first occurrence in row-major order, or minus one for both if absent.","Scan rows from top to bottom and columns from left to right. Whenever a value equals the target, return its row and column indices. If no match exists, return minus one for both indices.",fast_offsets,False,41,41,40,39,True,1.0433631711281264,1.1385999917984009,0.7498059580800885,40.691163673996925,1.2153484109693613,1.2772802114486694,0.9037787279192058,47.39858802780509,0.6564036076649641,0.6929946541786194,0.976407799965296,0.3333333333333333,0.1282051282051282,4,3,0.7091027344331929,0.8390068784356117,1.0,0.972127717467419
chunks_fixed_size__python__v2,chunks_fixed_size,chunking,python,2,"Given a list and a positive chunk size, split the list into consecutive chunks of at most that size.","def chunks_fixed_size(output, value):
    item = []
    for current in range(0, len(output), value):
        item.append(output[current:current + value])
    return item",fast_offsets,False,32,32,50,49,True,0.5235750153536044,0.22218358516693115,0.6354854957561796,25.655175752326613,0.6379101978613738,0.2249312698841095,0.8405117620058208,31.25759969520732,0.834914572688998,0.9642508029937744,0.9844369559871907,0.5918367346938775,0.2857142857142857,7,2,0.5875902119502522,0.7609321242744045,0.9387755102040817,1.1499362373042645
is_strictly_increasing__nl__v2,is_strictly_increasing,monotonicity,nl,2,"Given a list of numbers, determine whether it is strictly increasing.","Inspect each adjacent pair from left to right. If an earlier value is greater than or equal to the following value, output false. Output true if every pair increases.",fast_offsets,False,23,23,34,33,True,1.0467746444893153,1.1561331748962402,0.6393821868377845,34.54356326814741,1.1576600052754988,1.1916342973709106,0.7168546677169152,38.20278017409146,0.6635787487030029,0.6251692771911621,0.9866020842032,0.24242424242424243,0.12121212121212122,2,2,0.6836908825789578,0.7142299882834777,0.9393939393939394,1.9730922079496933
transpose_matrix__nl__v1,transpose_matrix,matrix_transform,nl,1,"Given a non-empty rectangular matrix, return its transpose.","Create an empty result. For every column index, build a new row by taking that column value from each original row. Append each new row and return the result.",fast_offsets,False,24,24,33,32,True,1.234502773033455,1.1900314092636108,0.6605805610636915,39.50408873707056,1.5086722315754741,1.3927823305130005,0.8836207236090512,48.27751141041517,0.6346840099431574,0.6758622825145721,0.9594311006367207,0.09375,0.03125,2,1,0.7268060104500863,1.0279104099158318,0.96875,2.0739479106268845
chunks_pairs__nl__v2,chunks_pairs,chunking,nl,2,"Given a list, split it into consecutive chunks containing at most two elements.",Build an empty result list. Move a starting index through the input two positions at a time. Add the slice containing that position and the next one if present. Output the result.,fast_offsets,False,26,26,36,35,True,1.3423337977379561,1.3812832832336426,0.6775801171983765,46.98168292082846,1.6402536868516888,1.5456836223602295,0.8842514795735891,57.40887903980911,0.5870237699576787,0.5614450573921204,0.9559166737965175,0.2,0.05714285714285714,3,2,0.6999898981302977,0.9651832844623748,0.8857142857142857,2.7092790041617785
count_primes_up_to__nl__v1,count_primes_up_to,primality,nl,1,"Given a nonnegative integer n, count how many prime numbers are at most n.","Start a prime counter at zero. For every candidate from two through n, test divisors up to its square root. Increase the counter when no divisor is found. Return the counter.",fast_offsets,False,27,27,40,39,True,0.9572847907741865,0.8664082288742065,0.6499023311697427,37.33410684019327,1.1178473111910698,0.9312560558319092,0.8135748759616024,43.59604513645172,0.6885541750070376,0.7096584439277649,0.9783899402007078,0.3076923076923077,0.05128205128205128,3,1,0.7527525264181589,0.9537601753285057,1.0,1.8563138073883378
selection_sort_descending__python__v3,selection_sort_descending,selection_sort,python,3,"Given a list of numbers, sort it in descending order using selection sort and return the sorted copy.","def selection_sort_descending(n_count):
    result = n_count[:]
    for x in range(len(result)):
        element = x
        for entry in range(x + 1, len(result)):
            if result[entry] > result[element]:
                element = entry
        result[x], result[element] = result[element], result[x]
    return result",fast_offsets,False,31,31,93,92,True,0.27049860395567044,0.06049374304711819,0.4478609814779288,24.885871563921683,0.2923575549255316,0.06250128336250782,0.5080003371331923,26.89689505314891,0.9071684042396753,0.9901509881019592,0.9971660233062246,0.7608695652173914,0.5108695652173914,25,12,0.3303578640513409,0.36336239107649715,0.9565217391304348,0.7072024562930299
count_vowels__python__v3,count_vowels,char_count,python,3,"Given a lowercase string, count how many characters are vowels.","def count_vowels(x):
    entry = 0
    for element in x:
        if element in ""aeiou"":
            entry += 1
    return entry",fast_offsets,False,25,25,42,41,True,0.3792030191682165,0.15503039956092834,0.5145479021044449,15.547323785896879,0.4117213235720822,0.16191913187503815,0.565364900707298,16.88057426645537,0.8852098802240883,0.9740188717842102,0.996374785900116,0.7317073170731707,0.2682926829268293,7,3,0.4180923020379851,0.44393284250836584,0.9512195121951219,0.8964035278762067
is_subset__nl__v1,is_subset,set_relation,nl,1,"Given two collections, determine whether every value in the first collection occurs in the second.","Examine each value in the first collection. If any value is absent from the second collection, return false. Return true if every value is present.",fast_offsets,False,27,27,31,30,True,0.8352820716177424,0.8009136021137238,0.5634738623569838,25.05846214853227,0.9190813300510248,0.818105161190033,0.6280881021751643,27.572439901530743,0.7187873403231303,0.7483198642730713,0.9907085140546162,0.3333333333333333,0.06666666666666667,4,2,0.60505408780842,0.6633406045108006,1.0,0.8894155111241465
partition_by_sign__python__v1,partition_by_sign,partition,python,1,"Given a list of numbers, return two lists: negative values first and nonnegative values second, preserving input order within each group.","def partition_by_sign(values):
    negative = []
    nonnegative = []
    for value in values:
        if value < 0:
            negative.append(value)
        else:
            nonnegative.append(value)
    return negative, nonnegative",fast_offsets,False,37,37,63,62,True,0.192384766212443,0.008013557177037,0.427232521205421,11.927855505171465,0.2108119268621874,0.008381931111216545,0.4886067609989902,13.070339465455618,0.9407477813862986,0.999090701341629,0.9977237937911865,0.8709677419354839,0.6774193548387096,41,15,0.24824265501801626,0.2743619945263834,1.0,0.17946501469457637
count_above__nl__v1,count_above,threshold_count,nl,1,"Given a list of numbers and a threshold, count the values greater than the threshold.","Start a counter at zero. Examine every value. Whenever the current value is greater than the threshold, increase the counter by one. Return the counter.",fast_offsets,False,27,27,33,32,True,0.7342276558920275,0.7039087414741516,0.6253000095540858,23.49528498854488,0.8008087524067378,0.7536519169807434,0.7059053128993318,25.62588007701561,0.7599267815239727,0.7823149561882019,0.9920021779835224,0.375,0.0625,3,1,0.674114424434881,0.7526316321004303,0.96875,1.424656329849313
adjacent_sums__nl__v2,adjacent_sums,adjacent_transform,nl,2,"Given a list of numbers, create a list containing the sum of each adjacent pair.","Build an empty result list. Starting with the second input value, add it to the preceding value and add the sum. Output the result.",fast_offsets,False,27,27,28,27,True,0.9587164267345711,0.8703722953796387,0.5366731853541593,25.88534352183342,1.0723646178289696,0.9298202395439148,0.6678399028670389,28.95384468138218,0.6989055629129763,0.7382479906082153,0.9851187666257223,0.18518518518518517,0.0,1,0,0.7550342816572922,0.898853335243005,0.9629629629629629,2.2089528553187847
count_primes_up_to__python__v2,count_primes_up_to,primality,python,2,"Given a nonnegative integer n, count how many prime numbers are at most n.","def count_primes_up_to(output):
    value = 0
    for item in range(2, output + 1):
        counter = True
        current = 2
        while current * current <= item:
            if item % current == 0:
                counter = False
                break
            current += 1
        if counter:
            value += 1
    return value",fast_offsets,False,27,27,91,90,True,0.3488091061865109,0.10886584222316742,0.49173321381273555,31.39281955678598,0.3866998216307062,0.11205260455608368,0.5707901947906869,34.80298394676356,0.8905744930108388,0.9815316796302795,0.995481378502316,0.7222222222222222,0.4222222222222222,20,5,0.3994896323701335,0.44593268484001447,0.9777777777777777,0.7120828802901997
first_even_index__nl__v3,first_even_index,first_match_index,nl,3,"Given a list of integers, return the index of the first even value, or minus one if none exists.","Process the list from the beginning while tracking the current index. Whenever an even value is encountered, return its index. If the end is reached with no match, return minus one.",fast_offsets,False,32,32,37,36,True,0.8529741780366749,0.773722916841507,0.6848119860665471,30.707070409320295,0.9713667137807028,0.8908580541610718,0.8590020914533922,34.9692016961053,0.7161051419874033,0.7563873827457428,0.9827957782480452,0.3888888888888889,0.08333333333333333,5,1,0.6472875885133232,0.7699910429439374,1.0,1.2257543996448577
chunks_pairs__nl__v3,chunks_pairs,chunking,nl,3,"Given a list, split it into consecutive chunks containing at most two elements.",Initialize an empty result list. Move a starting index through the input two positions at a time. Place the slice containing that position and the next one if present. Produce the result.,fast_offsets,False,26,26,38,37,True,1.212558025645243,1.398598074913025,0.7900707675229569,44.864646948874,1.4493854486610036,1.4717152118682861,1.0052398578027286,53.62726160045713,0.6276753419959867,0.6032369136810303,0.9644170838433344,0.2972972972972973,0.08108108108108109,3,2,0.8069269706805547,1.0301518391093447,0.8648648648648649,2.8266823291369536
first_negative_index__python__v1,first_negative_index,first_match_index,python,1,"Given a list of numbers, return the index of the first negative value, or minus one if none exists.","def first_negative_index(values):
    for index, value in enumerate(values):
        if value < 0:
            return index
    return -1",fast_offsets,False,32,32,37,36,True,0.17273416433373415,0.018024498131126165,0.3366047692088477,6.218429916014429,0.18080147309713843,0.01847686432301998,0.3507022335522804,6.508853031496983,0.9418298006057739,0.9977380931377411,0.9992923024627898,0.8611111111111112,0.6666666666666666,24,18,0.1888471405105,0.19533231167754692,1.0,0.22004057461284296
ordered_intersection__nl__v2,ordered_intersection,ordered_intersection,nl,2,"Given two lists, return values from the first list that also occur in the second list, preserving duplicates and order from the first list.","Build an empty result. Inspect each value in the first list. If that value occurs in the second list, add it to the result. Output the result.",fast_offsets,False,38,38,33,32,True,0.8183839092962444,0.6527535915374756,0.6598064979604138,26.18828509747982,0.9793253974057734,0.729275107383728,0.8224970395319874,31.33841271698475,0.7433283794671297,0.8523863554000854,0.9795865137130022,0.40625,0.09375,4,2,0.6650869279138504,0.7977115680133143,0.9375,1.3422421082650544
is_prime__python__v3,is_prime,primality,python,3,"Given an integer n, determine whether it is prime.","def is_prime(entry):
    if entry < 2:
        return False
    element = 2
    while element * element <= entry:
        if entry % element == 0:
            return False
        element += 1
    return True",fast_offsets,False,21,21,58,57,True,0.21012034700681015,0.050536468625068665,0.3475992087257673,11.976859779388178,0.22787175292359552,0.05515456944704056,0.3770452823362111,12.988689916644944,0.9424777553792585,0.9929406046867371,0.9982845166273284,0.8421052631578947,0.543859649122807,28,8,0.23323907881734027,0.25207024900945335,0.9649122807017544,0.5844348286507962
binary_to_integer__python__v3,binary_to_integer,base_conversion,python,3,"Given a string of binary digits, convert it to a nonnegative integer.","def binary_to_integer(x):
    entry = 0
    for element in x:
        entry = entry * 2 + int(element)
    return entry",fast_offsets,False,25,25,39,38,True,0.4451059917919338,0.288602814078331,0.5363348124802306,16.914027688093483,0.5047597556473001,0.29872937500476837,0.6341711107817357,19.180870714597404,0.8651436253597862,0.9439640045166016,0.9925532639026642,0.631578947368421,0.3157894736842105,11,3,0.4345284448181455,0.48173697781119795,0.9473684210526315,0.9420318173675026
group_by_first_character__python__v3,group_by_first_character,grouping,python,3,"Given a list of non-empty strings, build a dictionary grouping strings by their first character while preserving input order inside each group.","def group_by_first_character(result):
    element = {}
    for x in result:
        entry = x[0]
        if entry not in element:
            element[entry] = []
        element[entry].append(x)
    return element",fast_offsets,False,37,37,61,60,True,0.35032508639560545,0.08752347156405449,0.5485919097371278,21.019505183736328,0.40157310082092107,0.096844382584095,0.6662097707911812,24.094386049255263,0.8962411147852739,0.9858660995960236,0.9929665376742681,0.7166666666666667,0.45,11,10,0.46917460353500445,0.5462905053242694,0.95,0.8310697449203872
rotate_right_one__python__v3,rotate_right_one,rotation,python,3,"Given a non-empty list, rotate it right by one position.","def rotate_right_one(x):
    element = [x[-1]]
    for entry in x[:-1]:
        element.append(entry)
    return element",fast_offsets,False,24,24,40,39,True,0.47952485212889046,0.3108851909637451,0.500957864547374,18.701469233026728,0.522121058532204,0.3214089274406433,0.5640807422823649,20.362721282755956,0.843114198018343,0.9302069544792175,0.9952626793812482,0.5641025641025641,0.20512820512820512,7,4,0.4622243179228941,0.5161866841862273,0.9230769230769231,1.0181114120742467
first_negative_index__nl__v2,first_negative_index,first_match_index,nl,2,"Given a list of numbers, return the index of the first negative value, or minus one if none exists.","Inspect the list from the beginning while tracking the current index. If a negative value is encountered, output its index. When the end is reached with no match, output minus one.",fast_offsets,False,32,32,37,36,True,0.8923106259769864,0.8358169794082642,0.6466980331045853,32.12318253517151,1.0068571180001729,0.8549030423164368,0.7965237786575968,36.246856248006225,0.7046164953046374,0.7489805519580841,0.9842274006870058,0.2777777777777778,0.05555555555555555,2,1,0.6426520620073591,0.7663874367518084,0.9722222222222222,1.6300252092187293
merge_sorted_descending__nl__v3,merge_sorted_descending,merge_sorted,nl,3,"Given two lists sorted in descending order, merge them into one descending list.",Initialize an empty result and place one index at the start of each list. Repeatedly append the larger current value and advance its index. Place any remaining values and return the result.,fast_offsets,False,27,27,39,38,True,1.0960411587484966,1.0849568843841553,0.6933627444718744,41.64956403244287,1.269701552087147,1.1143097877502441,0.8555899039872616,48.248658979311585,0.6496182342893199,0.6128710210323334,0.9756387550579874,0.23684210526315788,0.07894736842105263,2,2,0.7789845063376266,0.9394449804078888,0.9210526315789473,1.9382066261452182
selection_sort_ascending__python__v1,selection_sort_ascending,selection_sort,python,1,"Given a list of numbers, sort it in ascending order using selection sort and return the sorted copy.","def selection_sort_ascending(values):
    result = values[:]
    for index in range(len(result)):
        best = index
        for candidate in range(index + 1, len(result)):
            if result[candidate] < result[best]:
                best = candidate
        result[index], result[best] = result[best], result[index]
    return result",fast_offsets,False,31,31,91,90,True,0.1749058305621121,0.017963530495762825,0.33825131568914607,15.741524750590088,0.18576528366241593,0.019614153541624546,0.3735991356191602,16.718875529617435,0.9434092462062835,0.9977742731571198,0.9987211942672729,0.8555555555555555,0.6555555555555556,28,16,0.23541884030759463,0.2540616674169756,0.9777777777777777,0.5501997134833001
group_by_first_character__nl__v3,group_by_first_character,grouping,nl,3,"Given a list of non-empty strings, build a dictionary grouping strings by their first character while preserving input order inside each group.","Initialize with an empty dictionary. Process each string, use its first character as the key, create an empty list for a new key, and append the string to that key's list. Produce the dictionary.",fast_offsets,False,37,37,44,43,True,0.8677326654014482,0.7590236663818359,0.6774220972385137,37.31250461226227,1.0381673487436485,0.7885196208953857,0.9394162470955228,44.64119599597689,0.7210387455862622,0.8029817938804626,0.9742943200954172,0.4186046511627907,0.06976744186046512,4,1,0.7094295288135029,0.9204270849331806,0.9302325581395349,1.6205353097838333
running_product__python__v1,running_product,cumulative_scan,python,1,"Given a list of numbers, produce the running product after each position.","def running_product(values):
    product = 1
    result = []
    for value in values:
        product *= value
        result.append(product)
    return result",fast_offsets,False,24,24,43,42,True,0.20567638452863926,0.03426401689648628,0.42039296994624786,8.63840815020285,0.21365993706257586,0.034547144547104836,0.43558775139605393,8.973717356628185,0.9351857971577417,0.9951455891132355,0.9992581208546957,0.8333333333333334,0.6190476190476191,21,12,0.32793938553692076,0.3384751400726822,1.0,0.25615565880802443
anti_diagonal_sum__python__v1,anti_diagonal_sum,diagonal_aggregate,python,1,"Given a square matrix, calculate the sum of its anti-diagonal.","def anti_diagonal_sum(matrix):
    total = 0
    size = len(matrix)
    for row in range(size):
        total += matrix[row][size - 1 - row]
    return total",fast_offsets,False,26,26,53,52,True,0.22641795773317705,0.05064353160560131,0.4269471183003398,11.773733802125207,0.23403221888397988,0.05159870535135269,0.4437459167938298,12.169675381966954,0.9271692450229938,0.9927168488502502,0.9992548032448842,0.8269230769230769,0.5192307692307693,11,5,0.2914943122401989,0.30088451896082524,1.0,0.25510112308456184
chunks_pairs__python__v1,chunks_pairs,chunking,python,1,"Given a list, split it into consecutive chunks containing at most two elements.","def chunks_pairs(values):
    result = []
    for start in range(0, len(values), 2):
        result.append(values[start:start + 2])
    return result",fast_offsets,False,26,26,49,48,True,0.3586404926954856,0.07729382440447807,0.5443540744134661,17.21474364938331,0.41485660439260147,0.07875614613294601,0.6651602728485625,19.91311701084487,0.8900226727128029,0.9870591759681702,0.992726186911265,0.75,0.4791666666666667,13,5,0.4439484466033235,0.52748344124275,0.9791666666666666,0.5835540420023335
matrix_find_position__python__v3,matrix_find_position,matrix_search,python,3,"Given a matrix and a target value, return the row and column of the first occurrence in row-major order, or minus one for both if absent.","def matrix_find_position(entry, result):
    for x in range(len(entry)):
        for element in range(len(entry[x])):
            if entry[x][element] == result:
                return x, element
    return -1, -1",fast_offsets,False,41,41,62,61,True,0.39407884097681,0.09384919703006744,0.5850885213186994,24.03880929958541,0.4486095109710195,0.09443144500255585,0.6820365776030625,27.36518016923219,0.8712686823039758,0.9842255115509033,0.9935859559012241,0.7540983606557377,0.4426229508196721,25,6,0.3775417740980629,0.44225345977659647,0.9672131147540983,0.940423195944411
list_divisors__python__v3,list_divisors,divisors,python,3,"Given a positive integer n, return all positive divisors of n in increasing order.","def list_divisors(entry):
    x = []
    for element in range(1, entry + 1):
        if entry % element == 0:
            x.append(element)
    return x",fast_offsets,False,27,27,50,49,True,0.30798551537410107,0.10266569256782532,0.4633048712776054,15.091290253330953,0.3540874208010049,0.10689245909452438,0.564213080792662,17.35028361924924,0.9156922685856722,0.9834436178207397,0.9944117519320274,0.7346938775510204,0.3877551020408163,15,5,0.31839514445649303,0.3759316489158664,0.9591836734693877,0.6804780513518882
insertion_sort_ascending__nl__v2,insertion_sort_ascending,insertion_sort,nl,2,"Given a list of numbers, sort it in ascending order using insertion sort and return the sorted copy.","Copy the list. Starting with the second element, shift larger earlier values one position right until the current value can be inserted in order. Output the copy.",fast_offsets,False,32,32,31,30,True,1.1472018147508303,1.2278716564178467,0.5762061401363915,34.41605444252491,1.3298397714893022,1.368171513080597,0.7100559552032131,39.89519314467907,0.6440648068984349,0.6749426424503326,0.9758611857891083,0.2,0.0,3,0,0.5220601969751818,0.6116315876615459,0.9,2.225550329126418
scan_min__python__v1,scan_min,scan_extremum,python,1,"Given a non-empty list of numbers, find the smallest value by scanning the list once.","def scan_min(values):
    best = values[0]
    for value in values[1:]:
        if value < best:
            best = value
    return best",fast_offsets,False,30,30,41,40,True,0.3269437705283053,0.06807312741875648,0.5292582634597396,13.077750821132213,0.35228635707462674,0.0730331651866436,0.5727931892603357,14.091454282985069,0.891285590082407,0.9899665415287018,0.9973084673285484,0.75,0.5,19,8,0.33073598181064695,0.35881772922137034,0.975,0.6500889559465577
filter_mapping_by_value__python__v1,filter_mapping_by_value,dictionary_transform,python,1,"Given a dictionary with numeric values and a threshold, return a new dictionary containing only entries whose value is greater than the threshold.","def filter_mapping_by_value(mapping, threshold):
    result = {}
    for key, value in mapping.items():
        if value > threshold:
            result[key] = value
    return result",fast_offsets,False,35,35,48,47,True,0.26801684680035676,0.022118303924798965,0.49264815668204043,12.596791799616767,0.3008174120527172,0.022129986435174942,0.5657843589869322,14.138418366477708,0.9086737303023643,0.9967639446258545,0.9961443708298054,0.7872340425531915,0.6170212765957447,30,12,0.3333066678650262,0.3888265296048738,0.9787234042553191,0.3523824546157599
least_frequent__python__v1,least_frequent,mode_selection,python,1,"Given a non-empty list, return a value with the lowest occurrence count, choosing the first such value on ties.","def least_frequent(values):
    counts = {}
    for value in values:
        counts[value] = counts.get(value, 0) + 1
    best = values[0]
    for value in values:
        if counts[value] < counts[best]:
            best = value
    return best",fast_offsets,False,35,35,75,74,True,0.3039963121940292,0.01690390706062317,0.5591652660510512,22.49572710235816,0.34109628647351004,0.018667676486074924,0.678725043995568,25.241125199039743,0.8995809939664763,0.9978228509426117,0.9947732928636912,0.7567567567567568,0.581081081081081,17,17,0.3894331364355373,0.4385402371775704,0.9864864864864865,0.39789921659945354
count_divisors__python__v2,count_divisors,divisors,python,2,"Given a positive integer n, count its positive divisors.","def count_divisors(current):
    item = 0
    for value in range(1, current + 1):
        if current % value == 0:
            item += 1
    return item",fast_offsets,False,22,22,49,48,True,0.3615029063366819,0.11491153761744499,0.5079344896893279,17.352139504160732,0.41457049759143655,0.12331520020961761,0.6290277510390957,19.899383884388953,0.8984870451192061,0.9817214012145996,0.993209940691789,0.7291666666666666,0.3541666666666667,13,5,0.36483596299002147,0.44024164980634095,0.9375,0.878963942373351
insertion_sort_descending__nl__v2,insertion_sort_descending,insertion_sort,nl,2,"Given a list of numbers, sort it in descending order using insertion sort and return the sorted copy.","Copy the list. Starting with the second element, shift smaller earlier values one position right until the current value can be inserted in order. Output the copy.",fast_offsets,False,32,32,31,30,True,1.1936076601346335,1.2685866951942444,0.5704712843465748,35.808229804039,1.397509640455246,1.3683578372001648,0.7072153644705017,41.92528921365738,0.6242756545543671,0.6327721774578094,0.9728348394234975,0.16666666666666666,0.0,3,0,0.5047321936179852,0.5935551154202429,0.9,2.3649718023836614
is_prime__python__v1,is_prime,primality,python,1,"Given an integer n, determine whether it is prime.","def is_prime(n):
    if n < 2:
        return False
    divisor = 2
    while divisor * divisor <= n:
        if n % divisor == 0:
            return False
        divisor += 1
    return True",fast_offsets,False,21,21,63,62,True,0.1136742950398002,0.020745065063238144,0.24062709197874166,7.047806292467612,0.11634346740903868,0.021106538362801075,0.2428441544011743,7.213294979360398,0.969277948141098,0.9975608587265015,0.9997990602447141,0.9193548387096774,0.7096774193548387,31,21,0.14447377515108334,0.1450121072387849,1.0,0.19699897571519298
count_divisors__nl__v1,count_divisors,divisors,nl,1,"Given a positive integer n, count its positive divisors.","Start a counter at zero. Examine every integer from one through n. If n is divisible by the current integer, increase the counter. Return the counter.",fast_offsets,False,22,22,34,33,True,1.0210840073273038,0.9997535943984985,0.6200817175772745,33.69577224180102,1.1216717165979473,1.0512336492538452,0.7122757632738089,37.01516664773226,0.6658870081106821,0.6945762634277344,0.9872854713237647,0.21212121212121213,0.030303030303030304,2,1,0.7278767267707735,0.8280604374594986,0.9696969696969697,1.2013276506173
linear_first_index__python__v2,linear_first_index,linear_search,python,2,"Given a list and a target, return the index of the first target occurrence or minus one if absent.","def linear_first_index(output, value):
    for item, current in enumerate(output):
        if current == value:
            return item
    return -1",fast_offsets,False,31,31,38,37,True,0.4924192005592222,0.19401374459266663,0.6341089151353336,18.219510420691222,0.5803295951588331,0.23184801638126373,0.7933852410805851,21.472195020876825,0.8462665157543646,0.9655994176864624,0.9884828973460842,0.6216216216216216,0.24324324324324326,8,4,0.4659682887270012,0.5823025281489309,0.9459459459459459,1.4315751941939123
insertion_sort_descending__python__v2,insertion_sort_descending,insertion_sort,python,2,"Given a list of numbers, sort it in descending order using insertion sort and return the sorted copy.","def insertion_sort_descending(counter):
    output = counter[:]
    for value in range(1, len(output)):
        item = output[value]
        current = value - 1
        while current >= 0 and output[current] < item:
            output[current + 1] = output[current]
            current -= 1
        output[current + 1] = item
    return output",fast_offsets,False,32,32,97,96,True,0.24958596241769251,0.07208768650889397,0.428957610032329,23.960252392098482,0.2701522509494699,0.07630326226353645,0.49645658135375015,25.93461609114911,0.9196492501844963,0.9887070953845978,0.997269426782926,0.8020833333333334,0.4895833333333333,17,11,0.29014515528519713,0.318434543712551,0.9791666666666666,0.5487570461686531
invert_unique_map__python__v1,invert_unique_map,dictionary_transform,python,1,"Given a dictionary whose values are unique, return a new dictionary mapping each original value to its original key.","def invert_unique_map(mapping):
    result = {}
    for key, value in mapping.items():
        result[value] = key
    return result",fast_offsets,False,31,31,37,36,True,0.32043308515504676,0.06440506875514984,0.5795876605912745,11.535591065581684,0.3463812101726944,0.06775438785552979,0.6478283977189658,12.469723566216999,0.8968620921174685,0.9899253249168396,0.9965239465236664,0.8055555555555556,0.5,13,9,0.4579710320875165,0.4944688323045349,1.0,0.4765767230730312
factorial_iterative__python__v3,factorial_iterative,factorial_product,python,3,"Given a nonnegative integer n, compute n factorial iteratively.","def factorial_iterative(element):
    entry = 1
    for x in range(2, element + 1):
        entry *= x
    return entry",fast_offsets,False,24,24,39,38,True,0.3524992069287691,0.11539705470204353,0.4690851037154706,13.394969863293227,0.39807455400755554,0.13877983391284943,0.5608387314714798,15.126833052287111,0.8880013133350172,0.9790271520614624,0.9945856787656483,0.6842105263157895,0.42105263157894735,6,3,0.4235932645041848,0.4740718294586357,0.9473684210526315,0.9687615513505176
bubble_sort_descending__nl__v3,bubble_sort_descending,bubble_sort,nl,3,"Given a list of numbers, sort it in descending order using bubble sort and return the sorted copy.","Proceed as follows. Copy the input list. Repeatedly scan adjacent pairs and swap them when the left value is less than the right value. After enough passes, return the copy.",fast_offsets,False,32,32,39,38,True,1.1321701254622127,1.135154128074646,0.7178546621822246,43.02246476756409,1.3157288204437416,1.2545909881591797,0.9024780874679572,49.99769517686218,0.6299422653882127,0.5961833298206329,0.9729615951839247,0.2631578947368421,0.07894736842105263,3,2,0.8386523197782604,1.0165797383398623,0.9473684210526315,1.9961183621620109
partition_by_sign__python__v2,partition_by_sign,partition,python,2,"Given a list of numbers, return two lists: negative values first and nonnegative values second, preserving input order within each group.","def partition_by_sign(output):
    item = []
    value = []
    for current in output:
        if current < 0:
            item.append(current)
        else:
            value.append(current)
    return item, value",fast_offsets,False,37,37,60,59,True,0.4396582872062227,0.12384019047021866,0.6079852067234993,25.93983894516714,0.5078878667426564,0.1331300437450409,0.733304945607552,29.965384137816727,0.8608930441787688,0.9778440594673157,0.9915088980884875,0.6949152542372882,0.3559322033898305,31,10,0.4715565131768456,0.5518317486737566,0.9322033898305084,0.8662062803607915
rotate_left_one__nl__v2,rotate_left_one,rotation,nl,2,"Given a non-empty list, rotate it left by one position.","Build an empty result list. Add every element except the first in original order, then add the original first element. Output the result.",fast_offsets,False,24,24,27,26,True,1.0961128989091287,0.9218229055404663,0.6478417187901178,28.498935371637344,1.3527259070139666,1.0503098964691162,0.8766474871858757,35.17087358236313,0.6446082718097247,0.7356556951999664,0.9641562035450568,0.19230769230769232,0.0,2,0,0.7133257079124451,0.97000084400177,0.9615384615384616,2.185867275756139
rotate_right_one__nl__v3,rotate_right_one,rotation,nl,3,"Given a non-empty list, rotate it right by one position.","Initialize an empty result list. Place the original last element, then append every earlier element in original order. Produce the result.",fast_offsets,False,24,24,27,26,True,1.2246285199832458,1.198474109172821,0.7445679498350866,31.84034151956439,1.532872506059133,1.3510472178459167,1.094175441707236,39.85468515753746,0.6041580879917512,0.6039735674858093,0.9514811130670401,0.19230769230769232,0.038461538461538464,1,1,0.820940770059824,1.187661539912224,0.8846153846153846,2.7189573055813807
product_one_to_n__nl__v2,product_one_to_n,factorial_product,nl,2,"Given a positive integer n, compute the product of all integers from one through n.","Begin a product at one. Inspect every integer from one through n, multiplying it into the product. Output the final product.",fast_offsets,False,27,27,27,26,True,1.0751748277017703,0.9557695388793945,0.6749125121482763,27.95454552024603,1.2915124331529324,1.2172226905822754,0.8735680976213629,33.57932326197624,0.6630394802643702,0.6814144551753998,0.9692788811830374,0.23076923076923078,0.038461538461538464,1,1,0.9608893567323684,1.1968334555625915,0.9230769230769231,1.6878068388726275
digit_sum__python__v1,digit_sum,digit_aggregate,python,1,"Given a nonnegative integer, compute the sum of its decimal digits.","def digit_sum(number):
    total = 0
    while number > 0:
        total += number % 10
        number //= 10
    return total",fast_offsets,False,24,24,42,41,True,0.23419424175073977,0.05247364938259125,0.4203458225371078,9.60196391178033,0.24770953973232437,0.05281001329421997,0.45252265692194493,10.156091129025299,0.9285269997468809,0.9911250472068787,0.9986206278568361,0.7804878048780488,0.5365853658536586,9,6,0.29884849000827673,0.3147203188491403,1.0,0.1654582624157905
is_subset__nl__v3,is_subset,set_relation,nl,3,"Given two collections, determine whether every value in the first collection occurs in the second.","Process each value in the first collection. If any value is absent from the second collection, return false. Produce true if every value is present.",fast_offsets,False,27,27,30,29,True,0.9082950234156231,0.875119686126709,0.6099869373574665,26.340555679053068,1.0482643336571495,1.0260071754455566,0.7600951156889962,30.39966567605734,0.689627141788088,0.6752486824989319,0.9830060847874346,0.3448275862068966,0.06896551724137931,4,2,0.5936625996338469,0.695646984236581,0.9655172413793104,1.3134984461317674
reverse_list__nl__v2,reverse_list,reverse_sequence,nl,2,"Given a list, create a new list containing the same values in reverse order.",Build an empty result list. Inspect the input from the last position to the first and add each value to the result. Output the result.,fast_offsets,False,26,26,29,28,True,1.0040365556321507,1.0142433047294617,0.6120053461859762,28.113023557700217,1.152002539485693,1.1332078576087952,0.7214571737316449,32.2560711055994,0.6857015671474593,0.677594780921936,0.98162222972938,0.21428571428571427,0.03571428571428571,1,1,0.7996928950564729,0.9422837837978646,0.9642857142857143,1.9387257513507004
bubble_sort_ascending__python__v3,bubble_sort_ascending,bubble_sort,python,3,"Given a list of numbers, sort it in ascending order using bubble sort and return the sorted copy.","def bubble_sort_ascending(result):
    x = result[:]
    for element in range(len(x) - 1, 0, -1):
        for entry in range(element):
            if x[entry] > x[entry + 1]:
                x[entry], x[entry + 1] = x[entry + 1], x[entry]
    return x",fast_offsets,False,32,32,92,91,True,0.2340109869126556,0.039711885154247284,0.40828420741849697,21.29499980905166,0.25172426736349773,0.04372185841202736,0.4496962275706913,22.906908330078295,0.9213938821148087,0.9947924017906189,0.998024290734595,0.8131868131868132,0.5494505494505495,26,7,0.2994096058772508,0.32470199874935335,0.9560439560439561,0.6021646509477812
scan_max__python__v1,scan_max,scan_extremum,python,1,"Given a non-empty list of numbers, find the largest value by scanning the list once.","def scan_max(values):
    best = values[0]
    for value in values[1:]:
        if value > best:
            best = value
    return best",fast_offsets,False,30,30,41,40,True,0.3054388042044593,0.05070333555340767,0.5037064077068412,12.217552168178372,0.3282188580924412,0.05391062796115875,0.5448206980959773,13.128754323697649,0.89963393881917,0.99273481965065,0.9975933372974396,0.75,0.525,19,9,0.3421179620274462,0.36829597607422143,1.0,0.6524858939761543
linear_last_index__nl__v3,linear_last_index,linear_search,nl,3,"Given a list and a target, return the index of the last target occurrence or minus one if absent.","Initialize a saved index at minus one. Process the list from left to right. For any case in which a value equals the target, replace the saved index with the current index. Produce the saved index after the scan.",fast_offsets,False,31,31,46,45,True,1.0527642848177088,0.9317499399185181,0.7284710769005364,47.3743928167969,1.2581956460244126,1.196523666381836,0.8876744175110838,56.618804071098566,0.6870515455802282,0.7608582973480225,0.9728926446702745,0.26666666666666666,0.06666666666666667,3,1,0.7631501590155743,0.9398728487166491,0.8888888888888888,1.9302525730234468
partition_by_sign__nl__v1,partition_by_sign,partition,nl,1,"Given a list of numbers, return two lists: negative values first and nonnegative values second, preserving input order within each group.",Create an empty negative list and an empty nonnegative list. Examine each number and append it to the appropriate list according to its sign. Return both lists.,fast_offsets,False,37,37,33,32,True,0.7522859234013595,0.6166594624519348,0.6193027031106445,24.073149548843503,0.852420538169099,0.6550855934619904,0.7541850169239847,27.27745722141117,0.761782324872911,0.8600613176822662,0.9868459664285183,0.375,0.125,5,1,0.7585223748558952,0.8752981583557783,0.9375,1.2380243451516435
remove_digits__nl__v2,remove_digits,string_filter,nl,2,"Given a string, return a new string with all decimal digits removed.","Begin with an empty result string. Inspect each character. If it is not a decimal digit, add it to the result. Output the result.",fast_offsets,False,24,24,30,29,True,0.7049749650318047,0.6780893206596375,0.5226614347807076,20.444273985922337,0.8216017642668609,0.7763254642486572,0.6797412929293918,23.826451163738966,0.7751612863663969,0.7888521552085876,0.9858494133784853,0.3793103448275862,0.10344827586206896,3,1,0.5618405634803432,0.6565449953611407,0.9310344827586207,1.183176984540829
ordered_unique_intersection__nl__v2,ordered_unique_intersection,ordered_intersection,nl,2,"Given two lists, return distinct values from the first list that also occur in the second list, preserving first-list order.","Build an empty result. Inspect each value in the first list. If it occurs in the second list and is not already in the result, add it. Output the result.",fast_offsets,False,36,36,36,35,True,0.8867052380527769,0.9274730682373047,0.7068287051721327,31.03468333184719,1.0368860521486827,0.994857668876648,0.8442060518252087,36.291011825203896,0.7042711011001042,0.7262166738510132,0.980855929851532,0.42857142857142855,0.05714285714285714,4,1,0.6984554507276591,0.8065116379190894,0.9428571428571428,1.2422091389740153
matrix_column_sums__python__v2,matrix_column_sums,matrix_aggregate,python,2,"Given a non-empty rectangular matrix of numbers, return a list containing the sum of each column.","def matrix_column_sums(value):
    current = []
    for item in range(len(value[0])):
        counter = 0
        for output in value:
            counter += output[item]
        current.append(counter)
    return current",fast_offsets,False,31,31,62,61,True,0.3721926346016651,0.09134668856859207,0.6180923796915235,22.70375071070157,0.43689033742154354,0.10038165748119354,0.7636795486664021,26.650310582714155,0.8821875308869315,0.9852697253227234,0.9909107812115403,0.7868852459016393,0.4098360655737705,17,7,0.5128311110117162,0.6058684836219376,0.9344262295081968,1.020402980562811
count_unique_words__nl__v2,count_unique_words,word_count,nl,2,"Given a string containing words separated by whitespace, count the distinct words.","Split the string on whitespace, place the words into a set, and output the size of the set.",fast_offsets,False,24,24,21,20,True,0.92044289521873,1.021359533071518,0.6110543230742985,18.4088579043746,1.0109390512108802,1.0874782502651215,0.6945053996812658,20.218781024217606,0.694025681912899,0.7046746611595154,0.9889514714479446,0.3,0.0,2,0,0.6643784289297304,0.7591381669044495,0.95,1.0944441538769751
flatten_lists__nl__v3,flatten_lists,flatten_one_level,nl,3,"Given a list of lists, flatten exactly one level into a single list.","Initialize an empty result list. Process each inner list in order, then append each of its values to the result. Produce the result.",fast_offsets,False,26,26,29,28,True,0.9161769941981349,0.8833748698234558,0.6326836137863239,25.65295583754778,1.0533132275034274,0.9795472025871277,0.7548985249995243,29.49277037009597,0.7135473617485592,0.7545399069786072,0.983016603759357,0.35714285714285715,0.03571428571428571,3,1,0.6784240379929543,0.7802752601327719,0.9285714285714286,1.940476663310879
contains_target__nl__v2,contains_target,membership_test,nl,2,"Given a list of values and a target, determine whether the target occurs in the list.","Inspect the values one by one. When the current value equals the target, output true immediately. When the scan finishes without a match, output false.",fast_offsets,False,28,28,32,31,True,0.9574356142378923,1.0589888095855713,0.6619552712909276,29.68050404137466,1.1029941974688442,1.2513999938964844,0.7575918108838294,34.19282012153417,0.6967868391544588,0.6900185346603394,0.9825611922048754,0.3548387096774194,0.0967741935483871,3,1,0.6455171131451304,0.7268395559862256,0.9354838709677419,1.9050664350293265
string_palindrome__nl__v2,string_palindrome,palindrome_test,nl,2,"Given a string, determine whether it reads the same forward and backward.",Set one index at the beginning and another at the end. Compare the two characters and move both indices inward. Output false on a mismatch; output true if all mirrored pairs match.,fast_offsets,False,25,25,39,38,True,1.333932279069957,1.5113657116889954,0.6424786501362231,50.689426604658365,1.5411300398470638,1.6108179688453674,0.7896031261769838,58.562941514188424,0.5567192168612229,0.5283465087413788,0.9715422297778883,0.13157894736842105,0.07894736842105263,2,2,0.6905057440335686,0.8411890151407067,0.9210526315789473,1.9781733348760386
count_odd__python__v1,count_odd,parity_count,python,1,"Given a list of integers, count how many values are odd.","def count_odd(values):
    count = 0
    for value in values:
        if value % 2 != 0:
            count += 1
    return count",fast_offsets,False,23,23,41,40,True,0.1995079699298003,0.03644736111164093,0.4043416094058176,7.980318797192012,0.20800816851733545,0.04155735671520233,0.4219125865130464,8.320326740693417,0.937564006447792,0.9947983622550964,0.999182990193367,0.825,0.625,13,10,0.27697006752005576,0.28615736561000515,1.0,0.1543094649780187
merge_sorted_ascending__nl__v2,merge_sorted_ascending,merge_sorted,nl,2,"Given two lists sorted in ascending order, merge them into one ascending list.",Build an empty result and place one index at the start of each list. Repeatedly add the smaller current value and advance its index. Add any remaining values and output the result.,fast_offsets,False,27,27,38,37,True,1.2146300019671183,1.235003113746643,0.6772759248263942,44.94131007278338,1.4555045011377818,1.3327553272247314,0.8830590541315854,53.853666542097926,0.6217203228860289,0.6231245398521423,0.96514820730364,0.13513513513513514,0.05405405405405406,2,2,0.8010606338114789,0.9810040109894342,0.9459459459459459,2.004304048836521
invert_unique_map__nl__v3,invert_unique_map,dictionary_transform,nl,3,"Given a dictionary whose values are unique, return a new dictionary mapping each original value to its original key.",Initialize with an empty result dictionary. Process each key and value in the input and assign the original key under the original value in the result. Produce the result.,fast_offsets,False,31,31,34,33,True,0.8385556801363374,0.8702091574668884,0.6411057469081757,27.672337444499135,1.00556306495811,1.0201205015182495,0.8733051926490559,33.18358114361763,0.7343811582435261,0.738289475440979,0.9775094606659629,0.36363636363636365,0.12121212121212122,3,1,0.8307689572684467,1.0558778425911441,0.8787878787878788,2.279468277419889
list_palindrome__nl__v3,list_palindrome,palindrome_test,nl,3,"Given a list, determine whether its values read the same forward and backward.",Set one index at the beginning and another at the end. Compare the two values and move both indices inward. Produce false on a mismatch; return true if all mirrored pairs match.,fast_offsets,False,26,26,40,39,True,1.2361435337851827,1.3593494892120361,0.6252068992897649,48.209597817622125,1.4480455761285833,1.492366075515747,0.7804731121719283,56.47377746901475,0.5941169666938293,0.5644644498825073,0.9717013851190225,0.15384615384615385,0.07692307692307693,2,1,0.6983160584870922,0.870055938445914,0.9230769230769231,2.065823504505739
absolute_values__python__v2,absolute_values,element_transform,python,2,"Given a list of numbers, create a list containing the absolute value of each element.","def absolute_values(current):
    item = []
    for value in current:
        item.append(abs(value))
    return item",fast_offsets,False,27,27,33,32,True,0.386786973001108,0.08726126328110695,0.5537243502040573,12.377183136035455,0.41508008610253455,0.0887969546020031,0.5909540879797951,13.282562755281106,0.8810810493305326,0.9861833453178406,0.9970262069255114,0.75,0.46875,11,7,0.5040461096871314,0.5356410378740439,0.9375,1.1961955227379804
main_diagonal_sum__nl__v2,main_diagonal_sum,diagonal_aggregate,nl,2,"Given a square matrix, calculate the sum of its main diagonal.","Begin a total at zero. For every index, add the matrix element whose row and column both equal that index. Output the total.",fast_offsets,False,23,23,27,26,True,1.255347739188717,1.194089949131012,0.6840562276094879,32.63904121890664,1.539035002486064,1.3466606736183167,0.9581653760659138,40.01491006463766,0.606290918130141,0.6263509392738342,0.9573389543936803,0.11538461538461539,0.038461538461538464,1,1,0.8265644881129265,1.1220245915651321,0.8846153846153846,2.2134611171025496
absolute_values__nl__v1,absolute_values,element_transform,nl,1,"Given a list of numbers, create a list containing the absolute value of each element.","Create an empty result list. Examine each input number, compute its absolute value, and append that value to the result. Return the result.",fast_offsets,False,27,27,30,29,True,0.6997340810966903,0.5001311302185059,0.6492896180780774,20.292288351804018,0.755836353348247,0.5147989392280579,0.7385771451018646,21.91925424709916,0.772389328171467,0.8832258582115173,0.992461856069236,0.41379310344827586,0.10344827586206896,4,2,0.5741577273500817,0.6537789470915284,0.9655172413793104,1.5745130184363445
count_vowels__python__v1,count_vowels,char_count,python,1,"Given a lowercase string, count how many characters are vowels.","def count_vowels(text):
    count = 0
    for char in text:
        if char in ""aeiou"":
            count += 1
    return count",fast_offsets,False,25,25,42,41,True,0.15991925161364545,0.034917205572128296,0.3058427188326142,6.5566893161594635,0.1659843494548468,0.03626490756869316,0.317553791767196,6.805358327648719,0.9512658737054686,0.995297908782959,0.9994684472316648,0.8536585365853658,0.6829268292682927,14,11,0.21194060783673194,0.2180340365644952,1.0,0.21876611740521096
selection_sort_descending__python__v1,selection_sort_descending,selection_sort,python,1,"Given a list of numbers, sort it in descending order using selection sort and return the sorted copy.","def selection_sort_descending(values):
    result = values[:]
    for index in range(len(result)):
        best = index
        for candidate in range(index + 1, len(result)):
            if result[candidate] > result[best]:
                best = candidate
        result[index], result[best] = result[best], result[index]
    return result",fast_offsets,False,31,31,91,90,True,0.16578235578331765,0.014285423792898655,0.3210597972197651,14.920412020498588,0.171844572248483,0.014460603706538677,0.3398823648625776,15.466011502363472,0.9409881740808487,0.9983739256858826,0.9993256290753683,0.8666666666666667,0.6333333333333333,49,16,0.23410713387455145,0.24393382110686748,0.9777777777777777,0.47651013190535574
flatten_pairs__nl__v3,flatten_pairs,flatten_one_level,nl,3,"Given a list of two-element pairs, flatten the pairs into one list in pair order.",Initialize an empty result list. Process each pair in order and append its first value followed by its second value. Produce the result.,fast_offsets,False,30,30,28,27,True,0.8141896436335864,0.8078331351280212,0.6217979309858024,21.983120378106833,0.9097644940570548,0.8469560146331787,0.7305756490906524,24.56364133954048,0.7387656602594588,0.788952648639679,0.9881318233631275,0.37037037037037035,0.1111111111111111,4,1,0.5428938610622516,0.6233105837152555,0.9259259259259259,1.8820498230742049
count_below__python__v3,count_below,threshold_count,python,3,"Given a list of numbers and a threshold, count the values less than the threshold.","def count_below(result, entry):
    element = 0
    for x in result:
        if x < entry:
            element += 1
    return element",fast_offsets,False,27,27,39,38,True,0.5516034326589617,0.3090745061635971,0.609357645019699,20.960930441040546,0.6335197530662346,0.3210706412792206,0.7421216854491297,24.073750616516918,0.8404551407224253,0.9291541576385498,0.989806310126656,0.5789473684210527,0.15789473684210525,8,2,0.5763309295666782,0.6840825887598299,0.9210526315789473,1.3056633196503848
selection_sort_descending__nl__v2,selection_sort_descending,selection_sort,nl,2,"Given a list of numbers, sort it in descending order using selection sort and return the sorted copy.","Copy the list. For each position, find the largest value in the remaining suffix and swap it into the current position. Output the copy.",fast_offsets,False,31,31,28,27,True,1.133304464596289,1.1798758506774902,0.5880344111578416,30.599220544099808,1.3166247479341648,1.3020046949386597,0.741190252035241,35.54886819422245,0.6560441183823126,0.6706395149230957,0.9753328716313397,0.14814814814814814,0.07407407407407407,1,1,0.5995055184914515,0.681543115239877,0.9259259259259259,1.6982306198010013
remove_digits__python__v1,remove_digits,string_filter,python,1,"Given a string, return a new string with all decimal digits removed.","def remove_digits(text):
    result = """"
    for char in text:
        if not char.isdigit():
            result += char
    return result",fast_offsets,False,24,24,38,37,True,0.2356300808597872,0.046251051127910614,0.42760523420535956,8.718312991812127,0.2607951690851887,0.046874046325683594,0.47511260490614043,9.649421256151982,0.9214749481226947,0.9933882355690002,0.9972207369031133,0.8378378378378378,0.5675675675675675,25,6,0.3526479557767743,0.3841900878307772,1.0,0.19335531762796587
keep_letters__nl__v3,keep_letters,string_filter,nl,3,"Given a string, return a new string containing only alphabetic characters.","Initialize with an empty result string. Process each character. If it is alphabetic, append it to the result. Produce the result.",fast_offsets,False,26,26,31,30,True,0.6918128312410166,0.6433754861354828,0.5774845836552214,20.754384937230498,0.8128925482432048,0.6905776262283325,0.7728260268963416,24.386776447296143,0.7746001427372297,0.8289811313152313,0.984494705994924,0.4,0.23333333333333334,4,3,0.5686182601152566,0.7382158770322286,0.9,1.5830508472887839
list_palindrome__nl__v2,list_palindrome,palindrome_test,nl,2,"Given a list, determine whether its values read the same forward and backward.",Set one index at the beginning and another at the end. Compare the two values and move both indices inward. Output false on a mismatch; output true if all mirrored pairs match.,fast_offsets,False,26,26,39,38,True,1.3121297464730513,1.4600249528884888,0.6316402218179212,49.860930365975946,1.5313767658387263,1.5168055891990662,0.7897519946907996,58.192317101871595,0.5678769467692626,0.5271526873111725,0.97021221644,0.13157894736842105,0.07894736842105263,2,1,0.6713284778886953,0.8366110322971803,0.9210526315789473,1.9810516746733093
list_divisors__nl__v1,list_divisors,divisors,nl,1,"Given a positive integer n, return all positive divisors of n in increasing order.","Create an empty result list. Examine every integer from one through n. If n is divisible by the current integer, append it. Return the result.",fast_offsets,False,27,27,33,32,True,0.9569656630919781,1.0084214806556702,0.606156984648316,30.622901218943298,1.0548704589018598,1.061354160308838,0.6961629699375022,33.755854684859514,0.6871120133437216,0.6654491424560547,0.9877982139587402,0.25,0.0625,2,1,0.7053534732831102,0.8058386298437272,0.96875,1.5804180157683732
rotate_left_one__python__v3,rotate_left_one,rotation,python,3,"Given a non-empty list, rotate it left by one position.","def rotate_left_one(x):
    element = []
    for entry in x[1:]:
        element.append(entry)
    element.append(x[0])
    return element",fast_offsets,False,24,24,46,45,True,0.4026200358548926,0.21360047161579132,0.5033115165640522,18.117901613470167,0.4452134567882038,0.2177998423576355,0.588727990347284,20.03460555546917,0.8712888479232788,0.9571648836135864,0.9948685606320699,0.6666666666666666,0.28888888888888886,9,6,0.401106665186076,0.4579882094615393,0.9333333333333333,0.8773738062248514
reverse_list__nl__v3,reverse_list,reverse_sequence,nl,3,"Given a list, create a new list containing the same values in reverse order.",Initialize an empty result list. Process the input from the last position to the first and append each value to the result. Produce the result.,fast_offsets,False,26,26,30,29,True,0.865129162830397,0.9442495107650757,0.6414739832519007,25.088745722081512,0.945337668992579,1.0360643863677979,0.7123794115787755,27.41479240078479,0.7233250408337034,0.701305091381073,0.9905323756152186,0.41379310344827586,0.10344827586206896,4,1,0.6911971596003111,0.7657213300865676,0.9310344827586207,2.045925596231145
reverse_list__nl__v1,reverse_list,reverse_sequence,nl,1,"Given a list, create a new list containing the same values in reverse order.",Create an empty result list. Examine the input from the last position to the first and append each value to the result. Return the result.,fast_offsets,False,26,26,30,29,True,0.8188360562098438,0.7329468727111816,0.6487780790605429,23.74624563008547,0.902230230127943,0.7773268818855286,0.7330768391290842,26.164676673710346,0.7374686711821062,0.8463398814201355,0.9897814084743631,0.41379310344827586,0.034482758620689655,4,1,0.6866677323622363,0.7752877378037998,0.9655172413793104,1.7216769095253328
running_product__python__v3,running_product,cumulative_scan,python,3,"Given a list of numbers, produce the running product after each position.","def running_product(result):
    element = 1
    entry = []
    for x in result:
        element *= x
        entry.append(element)
    return entry",fast_offsets,False,24,24,43,42,True,0.44286078345058266,0.1695074662566185,0.591935231101107,18.60015290492447,0.5034219793943477,0.17443498224020004,0.6964567240319405,21.143723134562606,0.8591340240978059,0.9687847197055817,0.9923392974195027,0.6904761904761905,0.2857142857142857,14,6,0.45441265568625544,0.5247426693733759,0.9285714285714286,1.0590283932038975
anti_diagonal_sum__python__v3,anti_diagonal_sum,diagonal_aggregate,python,3,"Given a square matrix, calculate the sum of its anti-diagonal.","def anti_diagonal_sum(element):
    result = 0
    x = len(element)
    for entry in range(x):
        result += element[entry][x - 1 - entry]
    return result",fast_offsets,False,26,26,53,52,True,0.40013842079833223,0.18611909449100494,0.509656666034593,20.807197881513275,0.4393914135781905,0.1915009766817093,0.5872386929436131,22.848353506065905,0.86886618200403,0.967021256685257,0.9952221352320451,0.6923076923076923,0.2692307692307692,8,4,0.4334929723466071,0.489973981189085,0.9423076923076923,0.8790003666505911
count_even_digits__python__v1,count_even_digits,digit_count,python,1,"Given a positive integer, count how many of its decimal digits are even.","def count_even_digits(number):
    count = 0
    while number > 0:
        digit = number % 10
        if digit % 2 == 0:
            count += 1
        number //= 10
    return count",fast_offsets,False,25,25,62,61,True,0.1396998728355431,0.007686601020395756,0.2947810798421284,8.521692242968129,0.14603907129345525,0.007895221933722496,0.30892631823171096,8.90838334890077,0.9553173194166089,0.999169111251831,0.9994206623952897,0.8688524590163934,0.6885245901639344,26,17,0.20079029469755671,0.2084474088866197,1.0,0.06803675323928675
sum_negative__nl__v3,sum_negative,sign_sum,nl,3,"Given a list of numbers, sum only the negative values.","Initialize the total at zero. Process every number. For any case in which a number is less than zero, add it to the total. Produce the total after the list has been processed.",fast_offsets,False,22,22,40,39,True,0.9335618933232931,0.9187759160995483,0.6913879227174714,36.40891383960843,1.078814017180449,0.9793363809585571,0.8509820510736075,42.07374667003751,0.71491522475695,0.7711960673332214,0.9800644929592426,0.3076923076923077,0.05128205128205128,4,1,0.7146020166968045,0.8373737188154146,0.9230769230769231,1.8964785837854903
count_words__nl__v2,count_words,word_count,nl,2,"Given a string containing words separated by whitespace, count the words.",Split the string on whitespace and output the number of resulting words.,fast_offsets,False,23,23,13,12,True,0.9949971929502984,1.0850412249565125,0.6854830045272277,11.93996631540358,1.0472622644156218,1.115003526210785,0.6997707101620493,12.567147172987461,0.6619403511285782,0.6247476637363434,0.9946827093760172,0.3333333333333333,0.16666666666666666,1,1,0.9137603284960444,0.9289993169632825,0.9166666666666666,1.498107445727025
sum_negative__python__v2,sum_negative,sign_sum,python,2,"Given a list of numbers, sum only the negative values.","def sum_negative(current):
    item = 0
    for value in current:
        if value < 0:
            item += value
    return item",fast_offsets,False,22,22,37,36,True,0.4090055682592922,0.15338795632123947,0.5709783341986964,14.724200457334518,0.46356722096809083,0.16553931683301926,0.6697955083985933,16.68841995485127,0.8811223573154874,0.9747681617736816,0.9933794554736879,0.75,0.2222222222222222,20,3,0.35871344708970615,0.4090105934866837,0.9444444444444444,1.1105805724607005
lcm_list__nl__v1,lcm_list,lcm_family,nl,1,"Given a non-empty list of positive integers, compute the least common multiple of all values.",Use the first value as the current lcm. Combine each remaining value with the current lcm by computing their gcd and then the corresponding lcm. Return the final value.,fast_offsets,False,29,29,37,36,True,1.2261969831177137,1.2971086502075195,0.7491852453241559,44.14309139223769,1.4651083504625906,1.4555508494377136,0.9743754454345656,52.743900616653264,0.6172593991375632,0.6141168773174286,0.965388200349278,0.2222222222222222,0.1111111111111111,2,1,0.7848161622615797,0.9950592234198536,0.9444444444444444,1.6942707622155366
adjacent_differences__python__v3,adjacent_differences,adjacent_transform,python,3,"Given a list of numbers, create a list of differences between each value and its predecessor.","def adjacent_differences(x):
    entry = []
    for element in range(1, len(x)):
        entry.append(x[element] - x[element - 1])
    return entry",fast_offsets,False,30,30,49,48,True,0.40702618232353416,0.09790113568305969,0.5632189500804957,19.53725675152964,0.44424064641619526,0.09926699474453926,0.6238236815235016,21.323551027977373,0.8599616146335999,0.9838310778141022,0.9957078223427137,0.625,0.3958333333333333,7,3,0.5082355734775774,0.5495908870881899,0.9791666666666666,0.8841363741622293
count_unique_words__nl__v3,count_unique_words,word_count,nl,3,"Given a string containing words separated by whitespace, count the distinct words.","Proceed as follows. Split the string on whitespace, place the words into a set, and return the size of the set.",fast_offsets,False,24,24,26,25,True,1.0961874341964721,1.1260950565338135,0.6828494298124093,27.404685854911804,1.3217124420404434,1.2619118690490723,0.948112197842687,33.042811051011086,0.6555768483877182,0.6662682890892029,0.9657845878601075,0.24,0.0,1,0,0.8561727950970331,1.132409255951643,0.96,1.1662930884584783
reverse_string__nl__v1,reverse_string,reverse_sequence,nl,1,"Given a string, create a new string containing the same characters in reverse order.",Start with an empty result string. Examine the input from the last position to the first and append each character to the result. Return the result.,fast_offsets,False,26,26,31,30,True,0.8239741464455922,0.719847559928894,0.6189881281186301,24.719224393367767,0.911853340268135,0.7596234679222107,0.7128271665289929,27.355600208044052,0.747016520301501,0.833939790725708,0.9890778541564942,0.36666666666666664,0.0,2,0,0.8308726672468514,0.933463624839125,0.9666666666666667,1.3366630896925926
reverse_list__python__v1,reverse_list,reverse_sequence,python,1,"Given a list, create a new list containing the same values in reverse order.","def reverse_list(values):
    result = []
    for index in range(len(values) - 1, -1, -1):
        result.append(values[index])
    return result",fast_offsets,False,26,26,47,46,True,0.15748199150758688,0.021669945679605007,0.3335265258505043,7.244171609348996,0.16251445903902134,0.02181093767285347,0.34309108222597534,7.475665115794982,0.9437578352897064,0.9970144033432007,0.9995383464771769,0.8695652173913043,0.6521739130434783,24,10,0.22749079743306438,0.23147828013623237,1.0,0.33484748568523925
filter_mapping_by_value__python__v2,filter_mapping_by_value,dictionary_transform,python,2,"Given a dictionary with numeric values and a threshold, return a new dictionary containing only entries whose value is greater than the threshold.","def filter_mapping_by_value(value, output):
    current = {}
    for item, counter in value.items():
        if counter > output:
            current[item] = counter
    return current",fast_offsets,False,35,35,48,47,True,0.42206686977396146,0.12210351228713989,0.5572942739246157,19.837142879376188,0.48329189709793935,0.12437957525253296,0.6481247435558402,22.71471916360315,0.8602792395556227,0.9798877835273743,0.9930680838037045,0.6595744680851063,0.3617021276595745,13,5,0.5135255678577105,0.6052569859792761,0.9148936170212766,1.3946930999772256
bubble_sort_descending__nl__v1,bubble_sort_descending,bubble_sort,nl,1,"Given a list of numbers, sort it in descending order using bubble sort and return the sorted copy.","Copy the input list. Repeatedly scan adjacent pairs and swap them when the left value is less than the right value. After enough passes, return the copy.",fast_offsets,False,32,32,34,33,True,1.0443743354161128,1.062331199645996,0.6944870726801616,34.464353068731725,1.1795237488113344,1.115798830986023,0.8059433786870138,38.924283710774034,0.6547022339972582,0.6336460113525391,0.9820305036775994,0.2727272727272727,0.09090909090909091,3,2,0.761321748024784,0.8481418656592723,0.9393939393939394,1.9790762816591077
linear_first_index__python__v3,linear_first_index,linear_search,python,3,"Given a list and a target, return the index of the first target occurrence or minus one if absent.","def linear_first_index(result, entry):
    for element, x in enumerate(result):
        if x == entry:
            return element
    return -1",fast_offsets,False,31,31,38,37,True,0.5037560743984539,0.17268803715705872,0.5936749798453309,18.638974752742797,0.6010183456630723,0.19253984093666077,0.7450239328773743,22.237678789533675,0.8410168088771202,0.9712440371513367,0.9878788928727846,0.5675675675675675,0.24324324324324326,8,4,0.4311405675640951,0.5391708632879373,0.8648648648648649,1.5906717218049626
count_words__python__v2,count_words,word_count,python,2,"Given a string containing words separated by whitespace, count the words.","def count_words(item):
    value = item.split()
    return len(value)",fast_offsets,False,23,23,22,21,True,0.4845515804453975,0.22398141026496887,0.5426337565966796,10.175583189353347,0.5286971731111407,0.2329024076461792,0.5924539612435141,11.102640635333955,0.8425237763495672,0.9482048153877258,0.9954476214590526,0.6190476190476191,0.23809523809523808,4,3,0.629050581343472,0.6903320214711129,0.9047619047619048,1.1713130081077994
list_divisors__python__v1,list_divisors,divisors,python,1,"Given a positive integer n, return all positive divisors of n in increasing order.","def list_divisors(n):
    result = []
    for divisor in range(1, n + 1):
        if n % divisor == 0:
            result.append(divisor)
    return result",fast_offsets,False,27,27,54,53,True,0.14575695334449093,0.017040390521287918,0.30487475851922974,7.725118527258019,0.1574071887939595,0.017590250819921494,0.347350911907029,8.342581006079854,0.9581197432751926,0.9980284571647644,0.9987657564990925,0.8867924528301887,0.6415094339622641,28,25,0.1371482352592116,0.14797827989325293,1.0,0.2600599374073158
product_one_to_n__python__v2,product_one_to_n,factorial_product,python,2,"Given a positive integer n, compute the product of all integers from one through n.","def product_one_to_n(item):
    value = 1
    for current in range(1, item + 1):
        value *= current
    return value",fast_offsets,False,27,27,41,40,True,0.34081430195365103,0.0914134718477726,0.4891934263625627,13.63257207814604,0.3784502856666222,0.10757539793848991,0.5665381134742533,15.138011426664889,0.8924011655151844,0.9851012229919434,0.9956915780901909,0.775,0.4,6,3,0.43773831374561173,0.48786698553997737,0.95,0.9468837468128186
matrix_row_sums__python__v2,matrix_row_sums,matrix_aggregate,python,2,"Given a matrix of numbers, return a list containing the sum of each row.","def matrix_row_sums(item):
    value = []
    for current in item:
        output = 0
        for counter in current:
            output += counter
        value.append(output)
    return value",fast_offsets,False,26,26,52,51,True,0.40220319678751276,0.1180436760187149,0.5694513269045486,20.51236303616315,0.455872785026098,0.13156524300575256,0.6806799651447366,23.249512036330998,0.8756058502431009,0.9815559387207031,0.9927856875400917,0.7058823529411765,0.35294117647058826,18,7,0.487218749076128,0.5634672865085304,0.9019607843137255,1.2460441047647584
group_by_first_character__nl__v2,group_by_first_character,grouping,nl,2,"Given a list of non-empty strings, build a dictionary grouping strings by their first character while preserving input order inside each group.","Begin with an empty dictionary. Inspect each string, use its first character as the key, build an empty list for a new key, and add the string to that key's list. Output the dictionary.",fast_offsets,False,37,37,43,42,True,0.9643020806965762,0.8874279856681824,0.6564161785737131,40.5006873892562,1.1793272207668495,0.9833326935768127,0.9216166964739503,49.53174327220768,0.6943885329223815,0.7354685366153717,0.9687246666068122,0.30952380952380953,0.047619047619047616,4,1,0.676893482911798,0.8568706985381318,0.9047619047619048,1.6644451106183602
partition_by_sign__python__v3,partition_by_sign,partition,python,3,"Given a list of numbers, return two lists: negative values first and nonnegative values second, preserving input order within each group.","def partition_by_sign(result):
    element = []
    entry = []
    for x in result:
        if x < 0:
            element.append(x)
        else:
            entry.append(x)
    return element, entry",fast_offsets,False,37,37,60,59,True,0.4071468652356258,0.09763336926698685,0.5817859335815698,24.021665048901923,0.46815071318898416,0.10057854652404785,0.6900063477885134,27.620892078150064,0.8693516211489499,0.9834262132644653,0.992740469463801,0.7288135593220338,0.4406779661016949,34,10,0.41917989535883454,0.48324689823042216,0.9491525423728814,0.8636100036027975
ordered_unique_intersection__python__v2,ordered_unique_intersection,ordered_intersection,python,2,"Given two lists, return distinct values from the first list that also occur in the second list, preserving first-list order.","def ordered_unique_intersection(item, current):
    value = []
    for output in item:
        if output in current and output not in value:
            value.append(output)
    return value",fast_offsets,False,36,36,48,47,True,0.6193738646676487,0.2050718367099762,0.8285008757791733,29.110571639379486,0.7964230662489191,0.2144841104745865,1.1850512269192424,37.4318841136992,0.797130027032913,0.9567543268203735,0.9708435751022176,0.6382978723404256,0.3404255319148936,17,6,0.7047689595037019,0.9760126853766649,0.8936170212765957,1.3625372056233167
rotate_left_one__python__v2,rotate_left_one,rotation,python,2,"Given a non-empty list, rotate it left by one position.","def rotate_left_one(current):
    item = []
    for value in current[1:]:
        item.append(value)
    item.append(current[0])
    return item",fast_offsets,False,24,24,46,45,True,0.396807130622781,0.16583791375160217,0.5084381603722997,17.856320878025144,0.4428365748686095,0.16800449788570404,0.6097235043898541,19.927645869087428,0.8734574642446306,0.9655439257621765,0.9941664550039503,0.6666666666666666,0.28888888888888886,13,3,0.38324837397191336,0.4475116853559898,0.9555555555555556,0.884725276256601
dedupe_last__nl__v1,dedupe_last,deduplication,nl,1,"Given a list, remove duplicate values while keeping the last occurrence of each value and preserving the order of those kept occurrences.","Start with an empty temporary list. Examine the input from right to left. If the current value has not yet been kept, append it to the temporary list. Reverse that list and return it.",fast_offsets,False,36,36,42,41,True,0.931647293303707,0.8742917776107788,0.6588336905488996,38.19753902545199,1.019897611811757,0.907164454460144,0.7453784808754864,41.81580208428204,0.6859029945803852,0.6301630735397339,0.9888053318349327,0.3170731707317073,0.0975609756097561,3,1,0.7972294937120751,0.8944653200916945,0.9512195121951219,1.6399427498648194
first_negative_index__python__v3,first_negative_index,first_match_index,python,3,"Given a list of numbers, return the index of the first negative value, or minus one if none exists.","def first_negative_index(x):
    for element, entry in enumerate(x):
        if entry < 0:
            return element
    return -1",fast_offsets,False,32,32,37,36,True,0.2892554551621692,0.13536639511585236,0.34685928534887955,10.413196385838091,0.30999801406222915,0.143482506275177,0.37184539985550275,11.159928506240249,0.9178743527995216,0.9756816923618317,0.9980994827217526,0.7222222222222222,0.3611111111111111,13,4,0.2617425661534071,0.27459237799048425,0.9166666666666666,1.0358531579040573
filter_negative__python__v1,filter_negative,sign_filter,python,1,"Given a list of numbers, create a new list containing only negative values.","def filter_negative(values):
    result = []
    for value in values:
        if value < 0:
            result.append(value)
    return result",fast_offsets,False,25,25,39,38,True,0.1970693112464352,0.017870990559458733,0.39111174468173654,7.488633827364538,0.20275480444596675,0.01827157475054264,0.4021685211495875,7.704682568946737,0.9377818076234115,0.9979411065578461,0.9994678371830991,0.8157894736842105,0.6842105263157895,23,20,0.2641386465591102,0.2684844086816648,1.0,0.2895613436642299
group_by_first_character__python__v1,group_by_first_character,grouping,python,1,"Given a list of non-empty strings, build a dictionary grouping strings by their first character while preserving input order inside each group.","def group_by_first_character(words):
    groups = {}
    for word in words:
        key = word[0]
        if key not in groups:
            groups[key] = []
        groups[key].append(word)
    return groups",fast_offsets,False,37,37,61,60,True,0.17321678498919937,0.013616933487355709,0.284814075707117,10.393007099351962,0.18189658877818146,0.013924508821219206,0.3042875411146338,10.913795326690888,0.9512553016344706,0.9983610212802887,0.9991208126147588,0.8166666666666667,0.5666666666666667,23,10,0.23229178192608957,0.24262597658710902,1.0,0.2344431258597865
matrix_row_sums__python__v1,matrix_row_sums,matrix_aggregate,python,1,"Given a matrix of numbers, return a list containing the sum of each row.","def matrix_row_sums(matrix):
    result = []
    for row in matrix:
        total = 0
        for value in row:
            total += value
        result.append(total)
    return result",fast_offsets,False,26,26,52,51,True,0.17051591794320392,0.018411682918667793,0.33057859983426147,8.6963118151034,0.17565490570225795,0.018905937671661377,0.3413347344211898,8.958400190815155,0.9350207331133824,0.9976401329040527,0.9995410126798293,0.8627450980392157,0.6666666666666666,20,17,0.23706729463592638,0.24184823154675542,1.0,0.3158747035348931
rotate_matrix_clockwise__python__v2,rotate_matrix_clockwise,matrix_transform,python,2,"Given a non-empty square matrix, return a new matrix rotated ninety degrees clockwise.","def rotate_matrix_clockwise(value):
    output = []
    total_value = len(value)
    for item in range(total_value):
        current = []
        for counter in range(total_value - 1, -1, -1):
            current.append(value[counter][item])
        output.append(current)
    return output",fast_offsets,False,30,30,85,84,True,0.364296562424854,0.12168554589152336,0.5363031951293099,30.600911243687733,0.4248997211235248,0.1299503818154335,0.6802030457095669,35.691576574376086,0.891309804504826,0.9804409444332123,0.9918101358981359,0.7380952380952381,0.39285714285714285,33,6,0.39199906734066614,0.4810684564886671,0.9404761904761905,0.7190366729653415
adjacent_differences__nl__v1,adjacent_differences,adjacent_transform,nl,1,"Given a list of numbers, create a list of differences between each value and its predecessor.","Create an empty result list. Starting with the second input value, subtract the preceding value from the current value and append the difference. Return the result.",fast_offsets,False,30,30,30,29,True,0.7572433298517918,0.6371162533760071,0.5289374991800783,21.96005656570196,0.8113765081968801,0.6791404485702515,0.6061089017670436,23.529918737709522,0.7611836277205368,0.8178386092185974,0.9931939737550144,0.3103448275862069,0.034482758620689655,2,1,0.5557874622089523,0.6283395567110607,1.0,1.6162724506816473
is_prime__python__v2,is_prime,primality,python,2,"Given an integer n, determine whether it is prime.","def is_prime(value):
    if value < 2:
        return False
    item = 2
    while item * item <= value:
        if value % item == 0:
            return False
        item += 1
    return True",fast_offsets,False,21,21,58,57,True,0.19347495645623686,0.046047188341617584,0.3151659623568243,11.028072518005501,0.20597384563160104,0.04728735238313675,0.33743089570778523,11.74050920100126,0.9466756749571416,0.9935775399208069,0.9987887687850416,0.8596491228070176,0.5263157894736842,28,8,0.1986731035971648,0.20876120828584785,0.9824561403508771,0.5001576120554379
most_frequent__python__v2,most_frequent,mode_selection,python,2,"Given a non-empty list, return a value with the highest occurrence count, choosing the first such value on ties.","def most_frequent(output):
    value = {}
    for current in output:
        value[current] = value.get(current, 0) + 1
    item = output[0]
    for current in output:
        if value[current] > value[item]:
            item = current
    return item",fast_offsets,False,35,35,75,74,True,0.40686257437974327,0.07128314301371574,0.6600430820688087,30.107830504101003,0.4728189957227064,0.07432973757386208,0.8207400055775609,34.98860568348027,0.8690493876064146,0.9888663291931152,0.9902710761572864,0.7432432432432432,0.4864864864864865,21,6,0.43004997967254394,0.5219998086458997,0.9459459459459459,0.8197896167079971
merge_sorted_ascending__python__v3,merge_sorted_ascending,merge_sorted,python,3,"Given two lists sorted in ascending order, merge them into one ascending list.","def merge_sorted_ascending(x, n_count):
    result = []
    element = 0
    entry = 0
    while element < len(x) and entry < len(n_count):
        if x[element] <= n_count[entry]:
            result.append(x[element])
            element += 1
        else:
            result.append(n_count[entry])
            entry += 1
    result.extend(x[element:])
    result.extend(n_count[entry:])
    return result",fast_offsets,False,27,27,129,128,True,0.23247453973112897,0.0373530238866806,0.3752949598864353,29.75674108558451,0.2606576694539058,0.04055256396532059,0.4469790560169909,33.36418169009994,0.9298258610069752,0.9945777058601379,0.9967312118969858,0.8046875,0.578125,56,20,0.21398300187264416,0.24851754734255502,0.9765625,0.6578350313609747
is_nondecreasing__python__v1,is_nondecreasing,monotonicity,python,1,"Given a list of numbers, determine whether it is in nondecreasing order.","def is_nondecreasing(values):
    for index in range(1, len(values)):
        if values[index - 1] > values[index]:
            return False
    return True",fast_offsets,False,27,27,46,45,True,0.18134293960303896,0.02691017836332321,0.3350777377490882,8.160432282136753,0.1873531409274114,0.027584880590438843,0.34683091236123326,8.430891341733513,0.9445181892977821,0.9968196153640747,0.9994556917084588,0.8666666666666667,0.6,16,13,0.23610916452096056,0.2430163200902329,1.0,0.42074352851320024
numeric_palindrome__nl__v2,numeric_palindrome,numeric_reverse,nl,2,"Given a nonnegative integer, determine whether its decimal digits form a palindrome.",Save the original number and build its reversed decimal value digit by digit. Compare the reversed value with the original and output whether they are equal.,fast_offsets,False,27,27,31,30,True,1.2692875077016652,1.2805938720703125,0.7524587456260008,38.078625231049955,1.5074142448604106,1.5311887860298157,0.959435450446633,45.22242734581232,0.5869230056802431,0.5815196335315704,0.9662339349587759,0.2,0.1,2,1,0.8946875313874977,1.0779467713216255,0.9666666666666667,1.5195991822576616
fibonacci_first_n__python__v3,fibonacci_first_n,fibonacci,python,3,"Given a nonnegative integer n, return the first n Fibonacci values starting with zero and one.","def fibonacci_first_n(result):
    entry = 0
    x = 1
    n_count = []
    for element in range(result):
        n_count.append(entry)
        entry, x = x, entry + x
    return n_count",fast_offsets,False,32,32,66,65,True,0.5430159898940474,0.2897545099258423,0.6264582752377671,35.29603934311308,0.649068366134396,0.3262786865234375,0.8461994045025533,42.18944379873574,0.8315652886262307,0.9426639676094055,0.9847171994356009,0.5692307692307692,0.23076923076923078,5,2,0.6095337518490851,0.7787141876906389,0.9384615384615385,1.1991094376992595
binary_search_insertion__python__v2,binary_search_insertion,binary_search,python,2,"Given an ascending sorted list and a target value, return the index where the target could be inserted while preserving order.","def binary_search_insertion(counter, output):
    value = 0
    item = len(counter)
    while value < item:
        current = (value + item) // 2
        if counter[current] < output:
            value = current + 1
        else:
            item = current
    return value",fast_offsets,False,35,35,76,75,True,0.5000999267859152,0.3040385842323303,0.5952454831890089,37.50749450894364,0.5786625948587122,0.3188939690589905,0.752713093394519,43.399694614403415,0.8326588420073191,0.9286203980445862,0.989500904083252,0.56,0.32,11,4,0.4444556559284211,0.544516038217242,0.9466666666666667,0.9371396573922902
selection_sort_ascending__python__v2,selection_sort_ascending,selection_sort,python,2,"Given a list of numbers, sort it in ascending order using selection sort and return the sorted copy.","def selection_sort_ascending(counter):
    output = counter[:]
    for current in range(len(output)):
        item = current
        for value in range(current + 1, len(output)):
            if output[value] < output[item]:
                item = value
        output[current], output[item] = output[item], output[current]
    return output",fast_offsets,False,31,31,89,88,True,0.27600631385079893,0.06085568852722645,0.4232231526919907,24.288555618870305,0.30477425464034075,0.06173783540725708,0.49328236938648123,26.820134408349986,0.9148269634355198,0.9903013408184052,0.9965052875605497,0.7613636363636364,0.5,20,13,0.3124423228109245,0.3542801255575012,0.9545454545454546,0.7283403791533684
ordered_intersection__nl__v3,ordered_intersection,ordered_intersection,nl,3,"Given two lists, return values from the first list that also occur in the second list, preserving duplicates and order from the first list.","Initialize an empty result. Process each value in the first list. If that value occurs in the second list, append it to the result. Produce the result.",fast_offsets,False,38,38,34,33,True,0.6162274451644132,0.47952204942703247,0.5157549912674267,20.335505690425634,0.6856970874818437,0.5235053300857544,0.5734134245956203,22.628003886900842,0.8103951586015297,0.8957486152648926,0.9926493926481768,0.42424242424242425,0.18181818181818182,4,3,0.527552621322684,0.5894171628751792,0.9393939393939394,1.337516029672274
sum_negative__nl__v1,sum_negative,sign_sum,nl,1,"Given a list of numbers, sum only the negative values.","Start the total at zero. Examine every number. Whenever a number is less than zero, add it to the total. Return the total after the list has been processed.",fast_offsets,False,22,22,37,36,True,0.8996889031388693,0.7608321309089661,0.7275240482894177,32.388800512999296,1.0128774201083515,0.7896263897418976,0.8540080572924849,36.46358712390065,0.7207149368607335,0.8001177608966827,0.9846867604388131,0.3888888888888889,0.08333333333333333,4,1,0.7355098232626915,0.8581007589186941,0.9444444444444444,1.4561157849319797
keep_letters__python__v1,keep_letters,string_filter,python,1,"Given a string, return a new string containing only alphabetic characters.","def keep_letters(text):
    result = """"
    for char in text:
        if char.isalpha():
            result += char
    return result",fast_offsets,False,26,26,37,36,True,0.3287008585498875,0.04549674317240715,0.598857071399886,11.83323090779595,0.35968822964544717,0.0496769193559885,0.674028298525257,12.948776267236099,0.8972264938056469,0.9934259355068207,0.9961502204338709,0.7777777777777778,0.5277777777777778,20,11,0.47154404245583076,0.5114314622910959,1.0,0.30836687815220404
is_strictly_increasing__python__v3,is_strictly_increasing,monotonicity,python,3,"Given a list of numbers, determine whether it is strictly increasing.","def is_strictly_increasing(entry):
    for element in range(1, len(entry)):
        if entry[element - 1] >= entry[element]:
            return False
    return True",fast_offsets,False,23,23,49,48,True,0.22517224561094432,0.0481862835586071,0.41719193664791626,10.808267789325328,0.24258350834376566,0.05091116949915886,0.46281005802493885,11.644008400500752,0.9269545854379734,0.9934214949607849,0.9980489040414492,0.8541666666666666,0.5833333333333334,16,9,0.28733170546152864,0.3045890705432109,0.9791666666666666,0.6110624256339937
rotate_right_one__python__v2,rotate_right_one,rotation,python,2,"Given a non-empty list, rotate it right by one position.","def rotate_right_one(current):
    item = [current[-1]]
    for value in current[:-1]:
        item.append(value)
    return item",fast_offsets,False,24,24,40,39,True,0.49514099172889614,0.3511006236076355,0.5182386966863978,19.31049867742695,0.5409800463672488,0.3925137519836426,0.6005149128863421,21.098221808322705,0.8302056758831708,0.9257591366767883,0.9945153899681873,0.5384615384615384,0.28205128205128205,5,4,0.4952206064481288,0.5596776275442129,0.9487179487179487,1.0737725179080884
partition_by_threshold__nl__v3,partition_by_threshold,partition,nl,3,"Given a list of numbers and a threshold, return two lists: values below the threshold and values at least the threshold, preserving order.",Initialize two empty result lists. Process each number and append it to the below-threshold list or the other list according to the comparison. Produce both lists.,fast_offsets,False,38,38,34,33,True,0.8520087294252308,0.8954931497573853,0.6189738150250532,28.116288071032614,0.9432401169571235,0.9501394033432007,0.7213056266499704,31.126923859585077,0.7262995071483381,0.7078815698623657,0.9884899746287953,0.30303030303030304,0.15151515151515152,4,2,0.6701166188868228,0.7836183467588853,0.9393939393939394,2.1385212182455384
adjacent_differences__python__v2,adjacent_differences,adjacent_transform,python,2,"Given a list of numbers, create a list of differences between each value and its predecessor.","def adjacent_differences(current):
    value = []
    for item in range(1, len(current)):
        value.append(current[item] - current[item - 1])
    return value",fast_offsets,False,30,30,49,48,True,0.4052916698528861,0.09838543087244034,0.5896933783901263,19.454000152938534,0.4457543513162818,0.10035624355077744,0.6649262423934018,21.396208863181528,0.8655597061539689,0.9836121797561646,0.9951459926863512,0.6666666666666666,0.4375,7,3,0.5373882236073111,0.5900740283665228,0.9583333333333334,0.9175356296591417
count_unique_words__nl__v1,count_unique_words,word_count,nl,1,"Given a string containing words separated by whitespace, count the distinct words.","Split the string on whitespace, place the words into a set, and return the size of the set.",fast_offsets,False,24,24,21,20,True,0.9009620249271393,0.9874324202537537,0.6083434410913475,18.019240498542786,0.990257166326046,1.0386970043182373,0.6902396832357427,19.80514332652092,0.7038383439183236,0.7124983966350555,0.9891715407371521,0.35,0.0,4,0,0.6397082797790828,0.7322798810507122,0.95,0.8565010762773454
count_even__python__v3,count_even,parity_count,python,3,"Given a list of integers, count how many values are even.","def count_even(x):
    element = 0
    for entry in x:
        if entry % 2 == 0:
            element += 1
    return element",fast_offsets,False,23,23,41,40,True,0.3636053136026021,0.1416003331542015,0.5304186973390361,14.544212544104084,0.39269664167950397,0.14425665140151978,0.5787922899560755,15.707865667180158,0.8976231694221497,0.9698927402496338,0.9968459293246269,0.8,0.3,17,6,0.40285258502580035,0.4305684117254061,0.925,0.8616578618688436
filter_mapping_by_value__nl__v3,filter_mapping_by_value,dictionary_transform,nl,3,"Given a dictionary with numeric values and a threshold, return a new dictionary containing only entries whose value is greater than the threshold.","Initialize with an empty result dictionary. Process each key and value. If the value is greater than the threshold, copy that entry into the result. Produce the result.",fast_offsets,False,35,35,35,34,True,0.706498769344762,0.634574830532074,0.5506572297244439,24.020958157721907,0.824788058121853,0.6506468951702118,0.7465182434571512,28.042793976143003,0.7689313673797775,0.8372281491756439,0.9846889061086318,0.4411764705882353,0.08823529411764706,5,1,0.5593821228848714,0.7225656246371341,0.9117647058823529,1.861076979267904
filter_nonnegative__python__v2,filter_nonnegative,sign_filter,python,2,"Given a list of numbers, create a new list containing only values greater than or equal to zero.","def filter_nonnegative(current):
    item = []
    for value in current:
        if value >= 0:
            item.append(value)
    return item",fast_offsets,False,30,30,42,41,True,0.3726836903980456,0.06949837505817413,0.6037640380679394,15.28003130631987,0.41306486363783934,0.07069747149944305,0.6754491216310518,16.935659409151413,0.8826192442963763,0.9897681474685669,0.9952515959739685,0.7804878048780488,0.4878048780487805,23,8,0.43332115942030214,0.4777884314942639,0.9512195121951219,1.0572346768151364
ordered_intersection__nl__v1,ordered_intersection,ordered_intersection,nl,1,"Given two lists, return values from the first list that also occur in the second list, preserving duplicates and order from the first list.","Create an empty result. Examine each value in the first list. If that value occurs in the second list, append it to the result. Return the result.",fast_offsets,False,38,38,34,33,True,0.6702015180930947,0.5058549642562866,0.5454061160956192,22.116650097072124,0.7658231883789554,0.5696848034858704,0.6623644884757092,25.272165216505527,0.7985926297577944,0.840076208114624,0.9885056921930024,0.3939393939393939,0.09090909090909091,4,3,0.5947277336381376,0.7091564456932247,0.9696969696969697,1.0229666980166892
string_palindrome__python__v3,string_palindrome,palindrome_test,python,3,"Given a string, determine whether it reads the same forward and backward.","def string_palindrome(x):
    element = 0
    entry = len(x) - 1
    while element < entry:
        if x[element] != x[entry]:
            return False
        element += 1
        entry -= 1
    return True",fast_offsets,False,25,25,65,64,True,0.4017374405972305,0.165127232670784,0.5536108700358365,25.71119619822275,0.4585697447569146,0.16682443022727966,0.6863320747431928,29.348463664442534,0.8790441444143653,0.9689525067806244,0.9919670186936855,0.6875,0.359375,19,8,0.38651232391532087,0.468486889837391,0.96875,0.7067265474357356
count_unique_words__python__v3,count_unique_words,word_count,python,3,"Given a string containing words separated by whitespace, count the distinct words.","def count_unique_words(element):
    x = element.split()
    entry = set(x)
    return len(entry)",fast_offsets,False,24,24,32,31,True,0.5459258037153631,0.2906332015991211,0.6025393073544815,16.923699915176257,0.6154399342579587,0.30776265263557434,0.6894541353979998,19.07863796199672,0.8376889440321154,0.9472774267196655,0.9920109721922106,0.5483870967741935,0.25806451612903225,5,3,0.6288092391099781,0.7197408530395478,0.9032258064516129,1.3271405194846597
gcd_list__python__v1,gcd_list,gcd_family,python,1,"Given a non-empty list of nonnegative integers, compute the greatest common divisor of all values.","def gcd_list(values):
    current = values[0]
    for value in values[1:]:
        a = current
        b = value
        while b != 0:
            a, b = b, a % b
        current = a
    return current",fast_offsets,False,31,31,64,63,True,0.22949463239412926,0.04140881448984146,0.4512490225571707,14.458161840830144,0.25610429428660797,0.04348604381084442,0.5246100627060113,16.134570540056302,0.9263748531303708,0.9941980242729187,0.9968700162948124,0.8571428571428571,0.5714285714285714,17,9,0.3064794357134463,0.3392271653730507,0.9841269841269841,0.4762693234868327
dedupe_first__python__v2,dedupe_first,deduplication,python,2,"Given a list, remove duplicate values while keeping the first occurrence of each value.","def dedupe_first(current):
    item = []
    for value in current:
        if value not in item:
            item.append(value)
    return item",fast_offsets,False,26,26,40,39,True,0.39508404741541314,0.09122684597969055,0.6393730501779771,15.408277849201113,0.47289706874065673,0.09313050657510757,0.8021429252977602,18.442985680885613,0.8831931956303425,0.9853059649467468,0.9890264715903845,0.7435897435897436,0.48717948717948717,20,13,0.4559894982284229,0.5397756476641485,0.9487179487179487,1.1701980002294594
anti_diagonal_sum__nl__v3,anti_diagonal_sum,diagonal_aggregate,nl,3,"Given a square matrix, calculate the sum of its anti-diagonal.","Initialize a total at zero. For every row index, add the element whose column index is the mirrored position from the right. Produce the total.",fast_offsets,False,26,26,32,31,True,1.3400123073689398,1.4330796003341675,0.6993747153667973,41.54038152843714,1.5615724995732307,1.5916095972061157,0.8773869902065189,48.40874748677015,0.576646077056085,0.5515567064285278,0.9671162539912809,0.16129032258064516,0.06451612903225806,1,1,0.8059334946175416,1.012517871707678,0.9354838709677419,2.1520250591359313
matrix_find_position__nl__v1,matrix_find_position,matrix_search,nl,1,"Given a matrix and a target value, return the row and column of the first occurrence in row-major order, or minus one for both if absent.","Scan rows from top to bottom and columns from left to right. When a value equals the target, return its row and column indices. If no match exists, return minus one for both indices.",fast_offsets,False,41,41,39,38,True,1.0065860781377476,0.9664914906024933,0.7426320098645416,38.25027096923441,1.1698962046862824,1.1688430905342102,0.8909223177932493,44.456055778078735,0.6680565048989496,0.6957078576087952,0.9777059555053711,0.34210526315789475,0.15789473684210525,4,3,0.7194041758272294,0.8364455950119205,1.0,0.9344081940607315
rotate_matrix_clockwise__nl__v2,rotate_matrix_clockwise,matrix_transform,nl,2,"Given a non-empty square matrix, return a new matrix rotated ninety degrees clockwise.","Build an empty result. For each original column from left to right, build a row by reading that column from bottom to top. Add each row and output the result.",fast_offsets,False,30,30,34,33,True,1.1915892779149793,1.107372522354126,0.6904489723794323,39.322446171194315,1.5153855773987193,1.3238637447357178,0.9764960664777388,50.007724054157734,0.6389332960049311,0.7016727328300476,0.9510183749776898,0.15151515151515152,0.030303030303030304,2,1,0.7513168097939342,1.1017831810750067,0.9393939393939394,2.0563335398522518
matrix_column_sums__nl__v3,matrix_column_sums,matrix_aggregate,nl,3,"Given a non-empty rectangular matrix of numbers, return a list containing the sum of each column.","Initialize an empty result list. For each column index, start a total at zero, add that column's value from every row, and append the total. Produce the result.",fast_offsets,False,31,31,38,37,True,1.0135893738038864,1.0737805366516113,0.6308773564315034,37.50280683074379,1.1073347673770293,1.129583716392517,0.7105383670911056,40.97138639295008,0.666892269173184,0.6538066864013672,0.9886399185335314,0.24324324324324326,0.05405405405405406,2,1,0.6396604064664442,0.7402995374997974,0.972972972972973,1.9884052157910963
transpose_matrix__python__v1,transpose_matrix,matrix_transform,python,1,"Given a non-empty rectangular matrix, return its transpose.","def transpose_matrix(matrix):
    result = []
    for col in range(len(matrix[0])):
        new_row = []
        for row in matrix:
            new_row.append(row[col])
        result.append(new_row)
    return result",fast_offsets,False,24,24,67,66,True,0.17524689648861927,0.00963094737380743,0.3638246654301306,11.566295168248871,0.18590836073599348,0.010036184918135405,0.38717181880810164,12.26995180857557,0.9436219993865851,0.9989339709281921,0.998961040467927,0.8636363636363636,0.6363636363636364,27,20,0.2393515158999015,0.2505406817473928,1.0,0.1651458035581823
are_disjoint__python__v3,are_disjoint,set_relation,python,3,"Given two collections, determine whether they have no value in common.","def are_disjoint(element, entry):
    for x in element:
        if x in entry:
            return False
    return True",fast_offsets,False,23,23,32,31,True,0.5401681195944548,0.253800630569458,0.6400542229217037,16.745211707428098,0.6306461689753398,0.28008028864860535,0.7996940231400195,19.550031238235533,0.8264315801282083,0.9429834485054016,0.9884149643682665,0.5806451612903226,0.22580645161290322,10,2,0.4848664280027151,0.5735307817968229,0.9354838709677419,1.4063954138921784
sum_positive__python__v1,sum_positive,sign_sum,python,1,"Given a list of numbers, sum only the positive values.","def sum_positive(values):
    total = 0
    for value in values:
        if value > 0:
            total += value
    return total",fast_offsets,False,22,22,38,37,True,0.17191641320843357,0.024404896423220634,0.3451306044461683,6.360907288712042,0.17677818138877596,0.026848789304494858,0.3521271684527575,6.540792711384711,0.9508837010409381,0.9967682361602783,0.999567995200286,0.8648648648648649,0.6216216216216216,20,17,0.21171632528219358,0.21447027650800818,1.0,0.2165737573238427
reverse_string__python__v1,reverse_string,reverse_sequence,python,1,"Given a string, create a new string containing the same characters in reverse order.","def reverse_string(text):
    result = """"
    for index in range(len(text) - 1, -1, -1):
        result += text[index]
    return result",fast_offsets,False,26,26,45,44,True,0.1850922403708947,0.033310674130916595,0.3619034853922939,8.144058576319367,0.19163334979814614,0.03352426551282406,0.37312862289105453,8.43186739111843,0.9332116252996705,0.994980663061142,0.9993863769552924,0.8636363636363636,0.5909090909090909,22,10,0.2728245025175775,0.27709997727922814,1.0,0.30651222444581355
digit_sum__nl__v3,digit_sum,digit_aggregate,nl,3,"Given a nonnegative integer, compute the sum of its decimal digits.","Initialize a total at zero. While the number is positive, add its last decimal digit to the total and remove that digit using integer division by ten. Produce the total.",fast_offsets,False,24,24,36,35,True,0.933547364468021,0.819573163986206,0.670881894439869,32.67415775638074,1.0278394744864532,0.8914992809295654,0.7789971034991028,35.97438160702586,0.692000481912068,0.7296890616416931,0.9869112253189087,0.2571428571428571,0.08571428571428572,2,1,0.8921988755738472,0.9913666720556862,0.9428571428571428,1.8986820146857228
group_by_length__python__v1,group_by_length,grouping,python,1,"Given a list of strings, build a dictionary grouping strings by their length while preserving input order inside each group.","def group_by_length(words):
    groups = {}
    for word in words:
        key = len(word)
        if key not in groups:
            groups[key] = []
        groups[key].append(word)
    return groups",fast_offsets,False,33,33,59,58,True,0.14221987411116876,0.013580507133156061,0.2682337612144508,8.248752698447788,0.14796400737797175,0.013701264280825853,0.28050442699973893,8.581912427922362,0.9622976677171116,0.9983128011226654,0.9994566759158825,0.8793103448275862,0.603448275862069,14,10,0.19470901038904118,0.20155113820459392,1.0,0.2588631021788638
bubble_sort_ascending__nl__v1,bubble_sort_ascending,bubble_sort,nl,1,"Given a list of numbers, sort it in ascending order using bubble sort and return the sorted copy.","Copy the input list. Repeatedly scan adjacent pairs and swap them when the left value is greater than the right value. After enough passes, return the copy.",fast_offsets,False,32,32,34,33,True,1.0060590033694594,1.062910795211792,0.6821294272908837,33.19994711119216,1.1292348911731758,1.0866881608963013,0.7878927706146743,37.2647514087148,0.6768191438732725,0.6591494083404541,0.9838789683399778,0.30303030303030304,0.15151515151515152,3,2,0.7560743282156182,0.8327292104950175,0.9393939393939394,1.9704847070242977
gcd_list__nl__v2,gcd_list,gcd_family,nl,2,"Given a non-empty list of nonnegative integers, compute the greatest common divisor of all values.","Take the first value as the current gcd. For each remaining value, repeatedly apply the Euclidean algorithm to combine it with the current gcd. Output the final gcd.",fast_offsets,False,31,31,36,35,True,1.070580080919899,1.1190433502197266,0.7295235107379545,37.47030283219647,1.247215680215907,1.2805765867233276,0.8871429887983997,43.65254880755674,0.6659123599529266,0.6890299916267395,0.9761948381151472,0.2857142857142857,0.14285714285714285,5,1,0.7694170204991037,0.9666347760666052,0.9428571428571428,1.2129734542881903
lcm_list__nl__v2,lcm_list,lcm_family,nl,2,"Given a non-empty list of positive integers, compute the least common multiple of all values.",Take the first value as the current lcm. Combine each remaining value with the current lcm by computing their gcd and then the corresponding lcm. Output the final value.,fast_offsets,False,29,29,37,36,True,1.1893943883607991,1.2779830694198608,0.7185896496698382,42.81819798098877,1.3793548589843947,1.4462047219276428,0.865790096138703,49.656774923438206,0.6283701894183954,0.6242589056491852,0.9745530419879489,0.25,0.1111111111111111,4,1,0.7864871024819357,0.9701900047782276,0.9722222222222222,1.6136074706308945
running_product__python__v2,running_product,cumulative_scan,python,2,"Given a list of numbers, produce the running product after each position.","def running_product(output):
    item = 1
    value = []
    for current in output:
        item *= current
        value.append(item)
    return value",fast_offsets,False,24,24,43,42,True,0.449400085221333,0.16179487109184265,0.5840301984613221,18.874803579295985,0.5081459117881466,0.17205645889043808,0.694121124374096,21.342128295102157,0.8522467634507588,0.9715563952922821,0.9923186046736581,0.6666666666666666,0.2619047619047619,14,6,0.4691531643237373,0.5466362569742359,0.9047619047619048,1.0430328755655431
count_primes_up_to__nl__v3,count_primes_up_to,primality,nl,3,"Given a nonnegative integer n, count how many prime numbers are at most n.","Initialize a prime counter at zero. For every candidate from two through n, test divisors up to its square root. Increase the counter when no divisor is found. Produce the counter.",fast_offsets,False,27,27,42,41,True,0.9307816218948219,0.8069455623626709,0.6797579118166132,38.1620464976877,1.0662678095580238,0.8700934648513794,0.8069689299090788,43.716980191878974,0.7023310952070283,0.7639926075935364,0.9821289603303118,0.3170731707317073,0.0975609756097561,3,1,0.748870890866965,0.9127040778752417,0.975609756097561,2.0195248518139124
clamp_values__nl__v3,clamp_values,bounded_numeric_transform,nl,3,"Given a list of numbers and lower and upper bounds, clamp each value into the inclusive interval.","Initialize an empty result list. Process each value. Replace values below the lower bound with the lower bound, values above the upper bound with the upper bound, and keep all others unchanged. Produce the result.",fast_offsets,False,31,31,44,43,True,0.7162803544792845,0.662063479423523,0.6078099257876332,30.800055242609233,0.7869186543123147,0.7343921065330505,0.6722423722587433,33.83750213542953,0.7750837636548419,0.8224292993545532,0.9920775654704072,0.3953488372093023,0.23255813953488372,8,7,0.49244326945128186,0.5407434813900008,0.9302325581395349,1.5266424402970886
lcm_list__python__v3,lcm_list,lcm_family,python,3,"Given a non-empty list of positive integers, compute the least common multiple of all values.","def lcm_list(n_count):
    x = n_count[0]
    for result in n_count[1:]:
        element = x
        entry = result
        while entry != 0:
            element, entry = entry, element % entry
        x = (x // element) * result
    return x",fast_offsets,False,29,29,76,75,True,0.48018968900083564,0.1960567831993103,0.5988602836428807,36.01422667506267,0.5440784862695728,0.24060195684432983,0.7152505331622017,40.805886470217956,0.8423030934731166,0.9602559804916382,0.9916067131360372,0.6533333333333333,0.28,10,5,0.5331388309785178,0.6282762213715516,0.9333333333333333,1.2429241973290723
least_frequent__nl__v3,least_frequent,mode_selection,nl,3,"Given a non-empty list, return a value with the lowest occurrence count, choosing the first such value on ties.",Initialize occurrence counts. Then scan the original list while tracking the best value and lowest count seen. Replace the best only when a strictly lower count is found. Produce the best value.,fast_offsets,False,35,35,38,37,True,1.3450357781068698,1.334522008895874,0.6684470438496704,49.766323789954185,1.682740727590548,1.6379145383834839,0.8843189647933702,62.26140692085028,0.5803399802865209,0.5727956295013428,0.9517048371804727,0.10810810810810811,0.05405405405405406,1,1,0.699376641979648,0.8773307912051678,0.8918918918918919,2.694131874076619
lcm_two__nl__v2,lcm_two,lcm_family,nl,2,"Given two positive integers, compute their least common multiple using their greatest common divisor.","Compute the greatest common divisor with the Euclidean algorithm, then divide one input by that gcd and multiply by the other input. Output the product.",fast_offsets,False,27,27,32,31,True,0.8761125327117981,0.9427644610404968,0.6524645669713386,27.159488514065742,1.0162551744480528,1.0236997604370117,0.7606586062004465,31.503910407889634,0.723107768643287,0.7441752552986145,0.9834816205886102,0.3225806451612903,0.1935483870967742,3,3,0.7623956998189291,0.8807479892857373,0.967741935483871,1.5636611773600546
square_values__nl__v2,square_values,element_transform,nl,2,"Given a list of numbers, create a list containing the square of each element.","Build an empty result list. Inspect each input number, multiply it by itself, and add the product to the result. Output the result.",fast_offsets,False,26,26,29,28,True,0.8888672817764538,0.8360704779624939,0.6290321599725254,24.888283889740705,1.0052117117946702,0.8879082500934601,0.7753767930720198,28.145927930250764,0.7165504672697612,0.7593894004821777,0.9847207835742405,0.32142857142857145,0.07142857142857142,2,1,0.7376688578062587,0.8954862404476713,0.9642857142857143,1.9301515759517704
running_sum__nl__v2,running_sum,cumulative_scan,nl,2,"Given a list of numbers, produce the running sum after each position.",Begin a total at zero and build an empty result list. Inspect the numbers in order. Include each value to the total and add the updated total to the result. Output the result.,fast_offsets,False,24,24,39,38,True,1.2663790215002864,1.3311140537261963,0.630739656843146,48.12240281701088,1.575335690261502,1.6181063055992126,0.8610819036178724,59.86275622993708,0.5861777220117418,0.518842950463295,0.9574028237869865,0.15789473684210525,0.02631578947368421,3,1,0.6642383562551962,0.9606582711677294,0.8947368421052632,2.215501326577444
moving_average_three__nl__v2,moving_average_three,sliding_window,nl,2,"Given a list of numbers, return the average of every consecutive window of three values.","Build an empty result list. For each starting index that leaves three values available, add those three values, divide by three, and add the average. Output the result.",fast_offsets,False,27,27,34,33,True,1.310630797436743,1.2141072750091553,0.6536310365587725,43.25081631541252,1.5303558960105434,1.3373174667358398,0.8464284673118315,50.50174456834793,0.5827526368878104,0.6361486315727234,0.9679302627390082,0.09090909090909091,0.0,1,0,0.7249520607292652,0.9445137865841389,0.9696969696969697,2.1281645738265733
partition_by_threshold__python__v2,partition_by_threshold,partition,python,2,"Given a list of numbers and a threshold, return two lists: values below the threshold and values at least the threshold, preserving order.","def partition_by_threshold(counter, current):
    value = []
    item = []
    for output in counter:
        if output < current:
            value.append(output)
        else:
            item.append(output)
    return value, item",fast_offsets,False,38,38,62,61,True,0.491828073274161,0.164169043302536,0.6205676796407442,30.00151246972382,0.603711439487448,0.1778874546289444,0.8133140192822529,36.82639780873433,0.8534590597035455,0.9698399901390076,0.9861343512769605,0.6557377049180327,0.3442622950819672,25,10,0.4439213391703864,0.5658820910844952,0.9180327868852459,1.103748007117366
merge_sorted_descending__python__v2,merge_sorted_descending,merge_sorted,python,2,"Given two lists sorted in descending order, merge them into one descending list.","def merge_sorted_descending(current, counter):
    output = []
    item = 0
    value = 0
    while item < len(current) and value < len(counter):
        if current[item] >= counter[value]:
            output.append(current[item])
            item += 1
        else:
            output.append(counter[value])
            value += 1
    output.extend(current[item:])
    output.extend(counter[value:])
    return output",fast_offsets,False,27,27,119,118,True,0.30767560961470797,0.06256633624434471,0.49044296240442187,36.30572193453554,0.35718474048048,0.06317349523305893,0.6450822390409627,42.14779937669664,0.9060352591134734,0.9905401170253754,0.9930912806826123,0.7372881355932204,0.5084745762711864,41,18,0.2754291059453295,0.3591435502916843,0.9661016949152542,0.5276913801543881
anti_diagonal_sum__python__v2,anti_diagonal_sum,diagonal_aggregate,python,2,"Given a square matrix, calculate the sum of its anti-diagonal.","def anti_diagonal_sum(item):
    output = 0
    current = len(item)
    for value in range(current):
        output += item[value][current - 1 - value]
    return output",fast_offsets,False,26,26,53,52,True,0.4361353483131657,0.21081625670194626,0.549621759041889,22.679038112284616,0.4974957464527016,0.21224995702505112,0.6913485371040681,25.869778815540485,0.8598567860630842,0.9514853656291962,0.9913974232398547,0.6346153846153846,0.2692307692307692,8,2,0.498468142851968,0.594875796939995,0.9423076923076923,0.9890581561399953
matrix_column_sums__python__v1,matrix_column_sums,matrix_aggregate,python,1,"Given a non-empty rectangular matrix of numbers, return a list containing the sum of each column.","def matrix_column_sums(matrix):
    result = []
    for col in range(len(matrix[0])):
        total = 0
        for row in matrix:
            total += row[col]
        result.append(total)
    return result",fast_offsets,False,31,31,62,61,True,0.19903791289584288,0.010528067126870155,0.4003444228281958,12.141312686646415,0.20709588689723965,0.010603725910186768,0.4209130772678253,12.632849100731619,0.932361328210987,0.9989230632781982,0.999166163264728,0.8360655737704918,0.6229508196721312,21,17,0.25858987038276005,0.26664595629232885,1.0,0.20671841451665715
fibonacci_first_n__nl__v3,fibonacci_first_n,fibonacci,nl,3,"Given a nonnegative integer n, return the first n Fibonacci values starting with zero and one.","Initialize with zero and one and an empty result list. Repeat n times, append the current first value, then replace the pair with the second value and their sum. Produce the result.",fast_offsets,False,32,32,40,39,True,1.1684669997805777,0.9675577878952026,0.6575398670667859,45.57021299144253,1.3714025436828916,1.042074203491211,0.8411716483749053,53.48469920363277,0.6347830769343253,0.6694141030311584,0.9714854283210559,0.1282051282051282,0.05128205128205128,1,1,0.727023180488399,0.9588160350379583,0.8974358974358975,2.247731995103188
count_equal_neighbors__python__v1,count_equal_neighbors,adjacent_analysis,python,1,"Given a list, count how many adjacent pairs contain equal values.","def count_equal_neighbors(values):
    count = 0
    for index in range(1, len(values)):
        if values[index] == values[index - 1]:
            count += 1
    return count",fast_offsets,False,23,23,56,55,True,0.14879728636753334,0.020727848634123802,0.2747536591699901,8.183850750214333,0.1592934998333724,0.02089977264404297,0.300187236858866,8.761142490835482,0.9582882057536732,0.9971980452537537,0.998972289128737,0.8545454545454545,0.6181818181818182,16,11,0.2234039386103514,0.23817995993899618,1.0,0.34292506959270874
running_sum__python__v3,running_sum,cumulative_scan,python,3,"Given a list of numbers, produce the running sum after each position.","def running_sum(result):
    entry = 0
    element = []
    for x in result:
        entry += x
        element.append(entry)
    return element",fast_offsets,False,24,24,42,41,True,0.45989309125239164,0.16602247953414917,0.6122499217431437,18.855616741348058,0.5445578155312233,0.17170359194278717,0.7630554337882883,22.326870436780155,0.8589427231288538,0.9712195992469788,0.9885272892510019,0.6829268292682927,0.2926829268292683,13,3,0.4543975542997941,0.5582118196878583,0.926829268292683,1.0780594567356563
running_sum__python__v2,running_sum,cumulative_scan,python,2,"Given a list of numbers, produce the running sum after each position.","def running_sum(output):
    value = 0
    item = []
    for current in output:
        value += current
        item.append(value)
    return item",fast_offsets,False,24,24,42,41,True,0.44555712364068845,0.13438957929611206,0.613435340729368,18.267842069268227,0.5080086161700509,0.14335188269615173,0.7348039224137488,20.828353262972087,0.8596330681225148,0.976105272769928,0.9914939825127764,0.7317073170731707,0.34146341463414637,19,8,0.46504661040380596,0.5497550000669434,0.9024390243902439,1.060768727313943
fibonacci_nth__nl__v1,fibonacci_nth,fibonacci,nl,1,"Given a nonnegative integer n with F0 equal to zero and F1 equal to one, return Fn iteratively.","Start with the pair zero and one. Repeat n times, replacing the pair with the second value and the sum of the two values. Return the first value.",fast_offsets,False,35,35,33,32,True,1.1082844911143184,1.0118898153305054,0.639293909785262,35.46510371565819,1.2789155304199085,1.0708033442497253,0.828473297960492,40.92529697343707,0.6357629913836718,0.6459218859672546,0.975915065035224,0.15625,0.0625,1,1,0.6794768514171723,0.8518342118590109,0.90625,1.9088149462186266
scan_min__python__v2,scan_min,scan_extremum,python,2,"Given a non-empty list of numbers, find the smallest value by scanning the list once.","def scan_min(current):
    item = current[0]
    for value in current[1:]:
        if value < item:
            item = value
    return item",fast_offsets,False,30,30,41,40,True,0.42580170014407487,0.1358386166393757,0.5738961155696608,17.032068005762994,0.4795210985466838,0.14215849339962006,0.6613366581424357,19.18084394186735,0.8696834743022919,0.9764086604118347,0.9936462789773941,0.625,0.45,12,7,0.40182854736653656,0.4688750896125268,0.95,0.9724809385967091
product_one_to_n__nl__v1,product_one_to_n,factorial_product,nl,1,"Given a positive integer n, compute the product of all integers from one through n.","Start a product at one. Examine every integer from one through n, multiplying it into the product. Return the final product.",fast_offsets,False,27,27,28,27,True,0.9145146655263724,0.9004858732223511,0.5679826859325429,24.691895969212055,1.0166039844905888,0.9770680069923401,0.6464567007864388,27.4483075812459,0.7194244370416358,0.7391065359115601,0.9880948221241986,0.2222222222222222,0.037037037037037035,1,1,0.7789461240172386,0.8780387542568721,0.9629629629629629,1.3846753896903936
count_even__nl__v2,count_even,parity_count,nl,2,"Given a list of integers, count how many values are even.","Begin a counter at zero. Inspect every integer. When the current value is even, increase the counter by one. Output the counter after all values are processed.",fast_offsets,False,23,23,33,32,True,0.9925820873249904,0.8439376354217529,0.6763032430402617,31.762626794399694,1.1451010613454855,1.0831537246704102,0.7998536495313066,36.643233963055536,0.6792883547022939,0.7160918414592743,0.9805179238319397,0.25,0.03125,2,1,0.7626706401877585,0.9066943319123839,0.90625,1.8064992657982657
flatten_pairs__python__v2,flatten_pairs,flatten_one_level,python,2,"Given a list of two-element pairs, flatten the pairs into one list in pair order.","def flatten_pairs(value):
    current = []
    for item in value:
        current.append(item[0])
        current.append(item[1])
    return current",fast_offsets,False,30,30,45,44,True,0.37095029014480213,0.07759628817439079,0.5675030316180671,16.321812766371295,0.4222919497988187,0.07878509163856506,0.6705932267313345,18.580845791148022,0.8762622418051417,0.988367110490799,0.9936419061639092,0.7045454545454546,0.4772727272727273,13,8,0.41941325756353004,0.4767417488836272,0.9545454545454546,0.7087382723272061
remove_digits__nl__v3,remove_digits,string_filter,nl,3,"Given a string, return a new string with all decimal digits removed.","Initialize with an empty result string. Process each character. If it is not a decimal digit, append it to the result. Produce the result.",fast_offsets,False,24,24,31,30,True,0.7161980745693047,0.7072746455669403,0.5533851149090354,21.485942237079144,0.8464975801606973,0.7784990966320038,0.7783239924030312,25.39492740482092,0.7583557849129041,0.7995264530181885,0.9828799704710642,0.36666666666666664,0.13333333333333333,4,1,0.5936940623254612,0.7670166669734593,0.9,1.576277077322205
is_strictly_increasing__python__v2,is_strictly_increasing,monotonicity,python,2,"Given a list of numbers, determine whether it is strictly increasing.","def is_strictly_increasing(value):
    for item in range(1, len(value)):
        if value[item - 1] >= value[item]:
            return False
    return True",fast_offsets,False,23,23,49,48,True,0.22788790636089593,0.04236766882240772,0.42431933823222046,10.938619505323004,0.24307591818918203,0.045171648263931274,0.465275534794031,11.667644073080737,0.9237261014059186,0.9938610196113586,0.9981930144131184,0.8125,0.5625,16,8,0.285735454521776,0.30109240801043885,0.9791666666666666,0.5716723049863504
count_divisors__nl__v3,count_divisors,divisors,nl,3,"Given a positive integer n, count its positive divisors.","Initialize a counter at zero. Process every integer from one through n. If n is divisible by the current integer, increase the counter. Produce the counter.",fast_offsets,False,22,22,34,33,True,0.9930165951337778,0.992832362651825,0.6044281276553344,32.76954763941467,1.0959462538135774,1.0717023611068726,0.6947355685468504,36.166226375848055,0.6814361241730776,0.7008399367332458,0.9872281786167261,0.21212121212121213,0.09090909090909091,2,1,0.5614046632545069,0.6501981816254556,0.9393939393939394,1.5294898279138247
keep_letters__python__v2,keep_letters,string_filter,python,2,"Given a string, return a new string containing only alphabetic characters.","def keep_letters(current):
    value = """"
    for item in current:
        if item.isalpha():
            value += item
    return value",fast_offsets,False,26,26,37,36,True,0.41792389194920865,0.10858496278524399,0.6486763591638234,15.045260110171512,0.46604020675618407,0.12433374300599098,0.7528188127759283,16.777447443222627,0.8701330054965284,0.9815308153629303,0.993719122476048,0.75,0.3055555555555556,14,3,0.5942665293147521,0.6636071410695357,0.9444444444444444,1.013208419489173
flatten_pairs__python__v3,flatten_pairs,flatten_one_level,python,3,"Given a list of two-element pairs, flatten the pairs into one list in pair order.","def flatten_pairs(entry):
    x = []
    for element in entry:
        x.append(element[0])
        x.append(element[1])
    return x",fast_offsets,False,30,30,45,44,True,0.3785991629569749,0.10259633511304855,0.5430125117101247,16.658363170106895,0.4264811496779492,0.10356386005878448,0.6526708735496735,18.765170585829765,0.8714387277987871,0.9829021394252777,0.9937746280973608,0.7045454545454546,0.38636363636363635,13,9,0.38634319037610537,0.4538392928363972,0.9545454545454546,0.6657407102725714
rotate_right_one__nl__v2,rotate_right_one,rotation,nl,2,"Given a non-empty list, rotate it right by one position.","Build an empty result list. Add the original last element, then add every earlier element in original order. Output the result.",fast_offsets,False,24,24,25,24,True,1.2557842495540779,1.1960918307304382,0.6503234844786174,30.138821989297867,1.6096312043567498,1.3939581513404846,0.9703644248908835,38.631148904562,0.6054285516341528,0.6124635636806488,0.947657622396946,0.08333333333333333,0.0,1,0,0.7565333895061327,1.1551616839740588,0.9166666666666666,2.4449024771650634
group_by_first_character__nl__v1,group_by_first_character,grouping,nl,1,"Given a list of non-empty strings, build a dictionary grouping strings by their first character while preserving input order inside each group.","Start with an empty dictionary. Examine each string, use its first character as the key, create an empty list for a new key, and append the string to that key's list. Return the dictionary.",fast_offsets,False,37,37,44,43,True,0.8362145837187241,0.6797467470169067,0.636022063260099,35.95722709990514,0.9798461537311384,0.7601482272148132,0.860039672507439,42.13338461043895,0.7450114829942237,0.8374592661857605,0.9784185886383057,0.32558139534883723,0.046511627906976744,4,1,0.7024341514673628,0.8661325888395022,0.9534883720930233,1.2420294331670956
clamp_values__python__v2,clamp_values,bounded_numeric_transform,python,2,"Given a list of numbers and lower and upper bounds, clamp each value into the inclusive interval.","def clamp_values(counter, item, current):
    value = []
    for output in counter:
        if output < item:
            value.append(item)
        elif output > current:
            value.append(current)
        else:
            value.append(output)
    return value",fast_offsets,False,31,31,70,69,True,0.4541351927235129,0.09518912434577942,0.6292908696049958,31.335328297922388,0.533966356213542,0.12264637649059296,0.7760049216424562,36.8436785787344,0.8648749460344729,0.9841483235359192,0.989864252615666,0.6811594202898551,0.4057971014492754,29,7,0.4234278482206933,0.5273070830975056,0.927536231884058,1.0000614555903957
fibonacci_nth__python__v2,fibonacci_nth,fibonacci,python,2,"Given a nonnegative integer n with F0 equal to zero and F1 equal to one, return Fn iteratively.","def fibonacci_nth(output):
    value = 0
    current = 1
    for item in range(output):
        value, current = current, value + current
    return value",fast_offsets,False,35,35,45,44,True,0.5244255136746109,0.3030151426792145,0.6225950666975033,23.07472260168288,0.6214806601743806,0.31454823911190033,0.8036168836715756,27.34514904767275,0.8322499993849884,0.9310772716999054,0.9873690862547267,0.5909090909090909,0.3181818181818182,12,3,0.6042936534111842,0.7539023899061735,0.9090909090909091,1.135977893173483
running_product__nl__v1,running_product,cumulative_scan,nl,1,"Given a list of numbers, produce the running product after each position.",Start a product at one and create an empty result list. Examine the numbers in order. Multiply the product by each value and append the updated product to the result. Return the result.,fast_offsets,False,24,24,41,40,True,0.9745986046385952,0.8799963593482971,0.6066539855835043,38.983944185543805,1.1186917609418743,0.9713814854621887,0.7479178695959326,44.74767043767497,0.6856148257851601,0.7582216560840607,0.981758713722229,0.25,0.05,3,2,0.637773193204059,0.7996953460507286,0.95,1.5570627517608955
digit_sum__nl__v2,digit_sum,digit_aggregate,nl,2,"Given a nonnegative integer, compute the sum of its decimal digits.","Begin a total at zero. While the number is positive, add its last decimal digit to the total and remove that digit using integer division by ten. Output the total.",fast_offsets,False,24,24,34,33,True,1.02824108641256,0.9314929246902466,0.6729855039059317,33.931955851614475,1.1942091155232806,0.9634033441543579,0.8430799795540592,39.40890081226826,0.6635917276144028,0.6944617629051208,0.976915879683061,0.2727272727272727,0.030303030303030304,2,1,0.8493569535203278,1.0092063238844275,0.9393939393939394,1.7868989258440156
frequency_map_chars__nl__v2,frequency_map_chars,frequency_map,nl,2,"Given a string, build a dictionary mapping each character to its occurrence count.","Begin with an empty dictionary. Inspect each character. If it is already a key, increase its count; otherwise build the key with count one. Output the dictionary.",fast_offsets,False,25,25,34,33,True,0.9966219965594284,1.0770195722579956,0.5591102950864941,32.88852588646114,1.1629018313956982,1.1920133829116821,0.6926918664023075,38.375760436058044,0.6945625408129259,0.6634362936019897,0.9799246715776848,0.21212121212121213,0.030303030303030304,2,1,0.6530168011086062,0.8073537759482861,0.9393939393939394,1.8202395739393646
contains_zero__python__v2,contains_zero,membership_test,python,2,"Given a list of numbers, determine whether zero occurs in the list.","def contains_zero(value):
    for item in value:
        if item == 0:
            return True
    return False",fast_offsets,False,24,24,30,29,True,0.32243060953874975,0.07135608047246933,0.5800948128335137,9.350487676623743,0.34539651933652027,0.07285863161087036,0.6236501791503146,10.016499060759088,0.8993857965387148,0.9888213872909546,0.9975132901093056,0.7931034482758621,0.4482758620689655,19,5,0.3440154616795813,0.3597767375280715,0.9655172413793104,0.6269178960648223
count_vowels__nl__v1,count_vowels,char_count,nl,1,"Given a lowercase string, count how many characters are vowels.","Start a counter at zero. Examine each character. Whenever it is one of a, e, i, o, or u, increase the counter by one. Return the counter.",fast_offsets,False,25,25,39,38,True,0.6394687174837791,0.6644375324249268,0.6121698958011749,24.299811264383607,0.700977440730448,0.7259138822555542,0.6939470893949408,26.637142747757025,0.7852457322572407,0.8382397294044495,0.9924528771325162,0.4473684210526316,0.18421052631578946,6,4,0.5601566635084817,0.6357636156403838,1.0,1.1387666174565598
filter_mapping_by_value__python__v3,filter_mapping_by_value,dictionary_transform,python,3,"Given a dictionary with numeric values and a threshold, return a new dictionary containing only entries whose value is greater than the threshold.","def filter_mapping_by_value(entry, result):
    x = {}
    for element, n_count in entry.items():
        if n_count > result:
            x[element] = n_count
    return x",fast_offsets,False,35,35,54,53,True,0.3981671942900954,0.11781416833400726,0.5159790275194772,21.102861297375057,0.46082373780312613,0.13370703160762787,0.6105844171721204,24.423658103565685,0.8731427670649763,0.9807446599006653,0.9928748281496875,0.660377358490566,0.33962264150943394,15,6,0.41652987502255623,0.49746197185371643,0.9056603773584906,1.402118774889013
string_palindrome__nl__v1,string_palindrome,palindrome_test,nl,1,"Given a string, determine whether it reads the same forward and backward.",Set one index at the beginning and another at the end. Compare the two characters and move both indices inward. Return false on a mismatch; return true if all mirrored pairs match.,fast_offsets,False,25,25,39,38,True,1.308947247857424,1.453078031539917,0.6146455328134581,49.73999541858211,1.5050957100343352,1.5935239791870117,0.7526670782001087,57.193636981304735,0.5569344457042845,0.5093645453453064,0.9736079950081674,0.13157894736842105,0.10526315789473684,2,2,0.6654868030014474,0.8108997716744607,0.9473684210526315,1.7743405855489025
numeric_palindrome__nl__v1,numeric_palindrome,numeric_reverse,nl,1,"Given a nonnegative integer, determine whether its decimal digits form a palindrome.",Save the original number and build its reversed decimal value digit by digit. Compare the reversed value with the original and return whether they are equal.,fast_offsets,False,27,27,31,30,True,1.2423326798404257,1.2917816638946533,0.7574753700790364,37.26998039521277,1.4795215490895013,1.539038360118866,0.9689270517356556,44.38564647268504,0.6032693410913149,0.6021641492843628,0.9663281838099161,0.2,0.1,2,1,0.8683026406014788,1.0419293891895434,0.9666666666666667,1.396927907387726
count_character__nl__v3,count_character,char_count,nl,3,"Given a string and a character, count how many times that character appears.","Initialize a counter at zero. Process each character in the string. For any case in which it equals the target character, increase the counter by one. Produce the counter.",fast_offsets,False,25,25,36,35,True,0.7267403193084258,0.5990375280380249,0.5864285645860322,25.4359111757949,0.7893466960904854,0.6306934356689453,0.6496228333779376,27.627134363166988,0.7736057349613734,0.8514213562011719,0.9929666996002198,0.3142857142857143,0.05714285714285714,2,1,0.6481561145252165,0.7074153859935263,0.9428571428571428,1.749372002984663
frequency_map_items__python__v3,frequency_map_items,frequency_map,python,3,"Given a list of hashable values, build a dictionary mapping each value to its occurrence count.","def frequency_map_items(x):
    element = {}
    for entry in x:
        if entry in element:
            element[entry] += 1
        else:
            element[entry] = 1
    return element",fast_offsets,False,29,29,54,53,True,0.33377907237253274,0.05477854236960411,0.5944895842303176,17.690290835744236,0.3861733304566203,0.055591803044080734,0.7322309994775843,20.467186514200876,0.9036964380516196,0.9914919137954712,0.9924187851401994,0.7924528301886793,0.5660377358490566,28,16,0.4919420737356771,0.5785461681427058,0.9433962264150944,0.939752205252279
chunks_fixed_size__python__v1,chunks_fixed_size,chunking,python,1,"Given a list and a positive chunk size, split the list into consecutive chunks of at most that size.","def chunks_fixed_size(values, size):
    result = []
    for start in range(0, len(values), size):
        result.append(values[start:start + size])
    return result",fast_offsets,False,32,32,50,49,True,0.35140110984532524,0.0791352391242981,0.5243135749920773,17.218654382420937,0.4224533973931696,0.08026663959026337,0.6760230217327781,20.70021647226531,0.8902491008748814,0.989646315574646,0.9911644166829635,0.7346938775510204,0.4897959183673469,12,11,0.41994035770161037,0.5354506843092773,0.9795918367346939,0.5873865311062089
filter_nonnegative__nl__v1,filter_nonnegative,sign_filter,nl,1,"Given a list of numbers, create a new list containing only values greater than or equal to zero.","Start with an empty result list. Examine every number. Whenever a number is at least zero, append it to the result. Return the result after processing the input.",fast_offsets,False,30,30,36,35,True,0.7746311817850385,0.6107407808303833,0.5628819353952964,27.11209136247635,0.8521247566810676,0.6400274038314819,0.6628621632068281,29.824366483837366,0.7628310237612043,0.8394320011138916,0.9903741547039577,0.37142857142857144,0.02857142857142857,3,1,0.6354539692401886,0.7294680517824257,0.9714285714285714,1.7137162921018898
ordered_unique_intersection__python__v1,ordered_unique_intersection,ordered_intersection,python,1,"Given two lists, return distinct values from the first list that also occur in the second list, preserving first-list order.","def ordered_unique_intersection(first, second):
    result = []
    for value in first:
        if value in second and value not in result:
            result.append(value)
    return result",fast_offsets,False,36,36,48,47,True,0.3664115981998893,0.05021979287266731,0.6737514761759049,17.221345115394797,0.43541853352972465,0.05034469813108444,0.8461137053429646,20.46467107589706,0.8819138797673773,0.9913480877876282,0.9898361107136341,0.8085106382978723,0.5106382978723404,19,13,0.4599117097044971,0.569281575124478,0.9787234042553191,0.4877093973454395
transpose_matrix__python__v2,transpose_matrix,matrix_transform,python,2,"Given a non-empty rectangular matrix, return its transpose.","def transpose_matrix(value):
    output = []
    for item in range(len(value[0])):
        current = []
        for counter in value:
            current.append(counter[item])
        output.append(current)
    return output",fast_offsets,False,24,24,61,60,True,0.3539233747016018,0.09687471389770508,0.5533871518047574,21.235402482096106,0.41458437198307363,0.09723930060863495,0.6909714855962588,24.87506231898442,0.8944399870932103,0.9853635430335999,0.9919670353333155,0.75,0.4166666666666667,24,8,0.4292294632769742,0.5127809469319754,0.9666666666666667,0.7858854989763737
flatten_lists__python__v1,flatten_lists,flatten_one_level,python,1,"Given a list of lists, flatten exactly one level into a single list.","def flatten_lists(groups):
    result = []
    for group in groups:
        for value in group:
            result.append(value)
    return result",fast_offsets,False,26,26,39,38,True,0.2680823758281277,0.045039672404527664,0.4744530180328512,10.187130281468853,0.2994944206944446,0.05352227762341499,0.5362408412944255,11.380787986388896,0.9179820845785894,0.9932448863983154,0.996678750765951,0.8157894736842105,0.5263157894736842,15,6,0.3487778570427484,0.40089770282832654,0.9736842105263158,0.5437736295128783
square_values__python__v2,square_values,element_transform,python,2,"Given a list of numbers, create a list containing the square of each element.","def square_values(current):
    item = []
    for value in current:
        item.append(value * value)
    return item",fast_offsets,False,26,26,33,32,True,0.43006786587648094,0.10750671476125717,0.5905893085035285,13.76217170804739,0.4655945756821893,0.11194715276360512,0.6339411432634562,14.899026421830058,0.8695567352697253,0.9834021031856537,0.9961103517562151,0.6875,0.46875,6,5,0.5727590773735316,0.6087447294304448,0.9375,1.361698949291167
scan_max__python__v3,scan_max,scan_extremum,python,3,"Given a non-empty list of numbers, find the largest value by scanning the list once.","def scan_max(x):
    element = x[0]
    for entry in x[1:]:
        if entry > element:
            element = entry
    return element",fast_offsets,False,30,30,41,40,True,0.37612518676323814,0.10027672350406647,0.5461878181092974,15.045007470529526,0.41705316219013183,0.10500099882483482,0.6141586968672855,16.682126487605274,0.886744786798954,0.9847652912139893,0.9953102454543113,0.675,0.475,12,7,0.38908522177296573,0.436225764787732,0.925,0.9575699106593675
matrix_contains__python__v2,matrix_contains,matrix_search,python,2,"Given a matrix and a target value, determine whether the target occurs anywhere in the matrix.","def matrix_contains(item, current):
    for value in item:
        for output in value:
            if output == current:
                return True
    return False",fast_offsets,False,28,28,38,37,True,0.46017224200674006,0.15230020880699158,0.6325828135370475,17.026372954249382,0.534249576714796,0.18002089858055115,0.776888384660394,19.76723433844745,0.8634699844830745,0.9736237525939941,0.9897871581283776,0.6756756756756757,0.24324324324324326,15,2,0.39893879410293365,0.484156874111957,0.918918918918919,1.8108947866618306
keep_letters__nl__v1,keep_letters,string_filter,nl,1,"Given a string, return a new string containing only alphabetic characters.","Start with an empty result string. Examine each character. If it is alphabetic, append it to the result. Return the result.",fast_offsets,False,26,26,31,30,True,0.5968124104508509,0.5044828653335571,0.4987460811420239,17.904372313525528,0.6629489906753103,0.5332539230585098,0.588087730904852,19.88846972025931,0.8201785415410996,0.8828579783439636,0.9922860900561015,0.4666666666666667,0.16666666666666666,4,3,0.5364988101325159,0.6123184569918647,0.9666666666666667,0.8248120106708181
invert_unique_map__nl__v1,invert_unique_map,dictionary_transform,nl,1,"Given a dictionary whose values are unique, return a new dictionary mapping each original value to its original key.",Start with an empty result dictionary. Examine each key and value in the input and assign the original key under the original value in the result. Return the result.,fast_offsets,False,31,31,34,33,True,0.8232860786445213,0.7396544814109802,0.5398003511109336,27.168440595269203,0.947524314915592,0.787147581577301,0.6712405646967147,31.268302392214537,0.7404415625514407,0.7950899600982666,0.9845834121559606,0.3333333333333333,0.06060606060606061,3,1,0.7228357894346118,0.8780194998253137,0.9696969696969697,1.6032284434433237
running_sum__python__v1,running_sum,cumulative_scan,python,1,"Given a list of numbers, produce the running sum after each position.","def running_sum(values):
    total = 0
    result = []
    for value in values:
        total += value
        result.append(total)
    return result",fast_offsets,False,24,24,42,41,True,0.2080601263115546,0.020390881225466728,0.46068668897421655,8.530465178773738,0.21968572301060393,0.027220694348216057,0.48657239076410996,9.007114643434761,0.9347415501024665,0.9971431493759155,0.9987578159425317,0.8780487804878049,0.6829268292682927,20,17,0.33997861270036084,0.3562276091586682,1.0,0.3151739076719667
numeric_palindrome__python__v1,numeric_palindrome,numeric_reverse,python,1,"Given a nonnegative integer, determine whether its decimal digits form a palindrome.","def numeric_palindrome(number):
    original = number
    reversed_number = 0
    while number > 0:
        digit = number % 10
        reversed_number = reversed_number * 10 + digit
        number //= 10
    return original == reversed_number",fast_offsets,False,27,27,74,73,True,0.24620750049452036,0.030090395361185074,0.4303937332362528,17.973147536099987,0.2665523216284272,0.030241068452596664,0.48189083499055313,19.458319478875183,0.9174651076940641,0.9963679313659668,0.9977040560278174,0.7534246575342466,0.5753424657534246,13,8,0.32718330040007815,0.35501928247128944,0.9863013698630136,0.3367255816994542
running_product__nl__v2,running_product,cumulative_scan,nl,2,"Given a list of numbers, produce the running product after each position.",Begin a product at one and build an empty result list. Inspect the numbers in order. Multiply the product by each value and add the updated product to the result. Output the result.,fast_offsets,False,24,24,40,39,True,1.1982751891542323,1.2476909160614014,0.6838743134310792,46.732732377015054,1.4833185619746263,1.5404884815216064,0.8996271323446319,57.84942391701043,0.6201181262731552,0.6436508893966675,0.9615161311932099,0.1794871794871795,0.05128205128205128,3,1,0.7109748784354643,0.9855565917923262,0.9230769230769231,2.1543731924328497
dedupe_last__nl__v3,dedupe_last,deduplication,nl,3,"Given a list, remove duplicate values while keeping the last occurrence of each value and preserving the order of those kept occurrences.","Initialize with an empty temporary list. Process the input from right to left. If the current value has not yet been kept, append it to the temporary list. Reverse that list and return it.",fast_offsets,False,36,36,41,40,True,0.9468256236985326,0.9841949343681335,0.6866057929475734,37.8730249479413,1.072073792014271,1.0266902148723602,0.835258629235067,42.88295168057084,0.6804197132587433,0.65639328956604,0.9832157760858535,0.325,0.125,5,1,0.7391216739630088,0.8978472001468524,0.9,1.9432484066172038
merge_sorted_ascending__nl__v3,merge_sorted_ascending,merge_sorted,nl,3,"Given two lists sorted in ascending order, merge them into one ascending list.",Initialize an empty result and place one index at the start of each list. Repeatedly append the smaller current value and advance its index. Place any remaining values and return the result.,fast_offsets,False,27,27,39,38,True,1.1190418967928148,1.1180748343467712,0.673109751527101,42.52359207812697,1.2948764022439718,1.2138184905052185,0.8256400845345723,49.20530328527093,0.6484907269477844,0.6265260279178619,0.9758153055843554,0.21052631578947367,0.07894736842105263,2,2,0.7142914960009826,0.8425151012032419,0.9736842105263158,1.8823666067941016
integer_to_binary__nl__v1,integer_to_binary,base_conversion,nl,1,"Given a positive integer, return its binary representation as a string without a prefix.","Start with an empty digit list. Repeatedly append the remainder after division by two and divide the number by two. Reverse the collected digits, join them, and return the string.",fast_offsets,False,26,26,39,38,True,1.075799419029959,0.9225161671638489,0.6840960235630612,40.88037792313844,1.2546434351978333,1.0317426323890686,0.841341947990334,47.67645053751767,0.6541352111258005,0.7098569571971893,0.9755582542795884,0.21052631578947367,0.07894736842105263,2,2,0.7810234547768896,0.9684192094247084,0.9736842105263158,1.5342780969865424
main_diagonal_sum__nl__v3,main_diagonal_sum,diagonal_aggregate,nl,3,"Given a square matrix, calculate the sum of its main diagonal.","Initialize a total at zero. For every index, add the matrix element whose row and column both equal that index. Produce the total.",fast_offsets,False,23,23,29,28,True,1.1334918181278877,1.2521992325782776,0.596643898559238,31.737770907580853,1.2914738221360105,1.32541024684906,0.7360187634672197,36.16126701980829,0.6363711208105087,0.6307898461818695,0.9790009132453373,0.14285714285714285,0.10714285714285714,1,1,0.7681937957251513,0.9201235028880613,0.9285714285714286,2.191187729693151
gcd_list__python__v3,gcd_list,gcd_family,python,3,"Given a non-empty list of nonnegative integers, compute the greatest common divisor of all values.","def gcd_list(n_count):
    x = n_count[0]
    for result in n_count[1:]:
        element = x
        entry = result
        while entry != 0:
            element, entry = entry, element % entry
        x = element
    return x",fast_offsets,False,31,31,70,69,True,0.4268626337816122,0.11905233561992645,0.5503290415342692,29.453521730931243,0.48855813349465554,0.12895557284355164,0.6708070494733638,33.710511211131234,0.870770562602126,0.9810190796852112,0.9921996161557626,0.6811594202898551,0.3333333333333333,8,4,0.4797766110628693,0.5605718087874052,0.927536231884058,1.1090705980203748
count_divisors__python__v3,count_divisors,divisors,python,3,"Given a positive integer n, count its positive divisors.","def count_divisors(x):
    element = 0
    for entry in range(1, x + 1):
        if x % entry == 0:
            element += 1
    return element",fast_offsets,False,22,22,49,48,True,0.359147732136383,0.13012443110346794,0.467379588574586,17.239091142546386,0.40393036586950376,0.13890889286994934,0.5584062696366827,19.38865756173618,0.8961500686903795,0.9782290160655975,0.994655172030131,0.7291666666666666,0.3333333333333333,20,5,0.3258523875054844,0.38582347300735875,0.9583333333333334,0.7703484570899187
count_above__python__v3,count_above,threshold_count,python,3,"Given a list of numbers and a threshold, count the values greater than the threshold.","def count_above(result, entry):
    element = 0
    for x in result:
        if x > entry:
            element += 1
    return element",fast_offsets,False,27,27,39,38,True,0.5353081873556795,0.29866042733192444,0.591620624810929,20.34171111951582,0.6149785717164999,0.32502928376197815,0.7214346662794516,23.369185725227,0.8428468410121767,0.9359456896781921,0.9900441703043485,0.6052631578947368,0.13157894736842105,8,2,0.5468359937564142,0.655786229247177,0.9210526315789473,1.3111579162953269
fibonacci_first_n__nl__v1,fibonacci_first_n,fibonacci,nl,1,"Given a nonnegative integer n, return the first n Fibonacci values starting with zero and one.","Start with zero and one and an empty result list. Repeat n times, append the current first value, then replace the pair with the second value and their sum. Return the result.",fast_offsets,False,32,32,38,37,True,1.1378612606912046,1.0639854669570923,0.6126953965016285,42.10086664557457,1.311617271924341,1.1912106275558472,0.7559414219428569,48.52983906120062,0.6333171252060581,0.6971982717514038,0.9762488925779188,0.08108108108108109,0.02702702702702703,1,1,0.6125026312139299,0.7923887939088874,0.9459459459459459,2.066001131967012
gcd_two__python__v2,gcd_two,gcd_family,python,2,"Given two nonnegative integers, compute their greatest common divisor using the Euclidean algorithm.","def gcd_two(item, value):
    while value != 0:
        item, value = value, item % value
    return item",fast_offsets,False,28,28,33,32,True,0.44154526996135246,0.13118577376008034,0.6122466079083119,14.129448638763279,0.5251093388942536,0.13396935164928436,0.8205902038086935,16.803498844616115,0.8664105152711272,0.9770908653736115,0.987328689545393,0.71875,0.40625,12,5,0.5384580663916084,0.6979121330885156,0.96875,1.134183898730953
group_by_length__nl__v1,group_by_length,grouping,nl,1,"Given a list of strings, build a dictionary grouping strings by their length while preserving input order inside each group.","Start with an empty dictionary. Examine each string, use its length as the key, create an empty list for a new key, and append the string to that key's list. Return the dictionary.",fast_offsets,False,33,33,43,42,True,0.8714052474440125,0.6916055083274841,0.6302088990987931,36.59902039264853,1.01269566789952,0.7968908846378326,0.8148591810566035,42.53321805177984,0.7348199167421886,0.8194139897823334,0.979947410878681,0.30952380952380953,0.047619047619047616,3,1,0.7126657671583305,0.8563979778934991,0.9523809523809523,1.3338157620574813
moving_average_three__nl__v3,moving_average_three,sliding_window,nl,3,"Given a list of numbers, return the average of every consecutive window of three values.","Initialize an empty result list. For each starting index that leaves three values available, add those three values, divide by three, and append the average. Produce the result.",fast_offsets,False,27,27,36,35,True,1.0910026352320399,1.0663094520568848,0.6711004936099491,38.185092233121395,1.214667173581464,1.1656147241592407,0.7941220121591892,42.51335107535124,0.6417284509965352,0.7009486556053162,0.9834019456590924,0.2571428571428571,0.02857142857142857,3,1,0.6746243326102986,0.8104987646288732,0.9714285714285714,2.049555258000536
first_even_index__python__v1,first_even_index,first_match_index,python,1,"Given a list of integers, return the index of the first even value, or minus one if none exists.","def first_even_index(values):
    for index, value in enumerate(values):
        if value % 2 == 0:
            return index
    return -1",fast_offsets,False,32,32,40,39,True,0.19424347778131518,0.022025130689144135,0.40758764288008875,7.5754956334712915,0.20876542304176837,0.02336839586496353,0.4424835916350182,8.141851498628967,0.937435045456275,0.9970138072967529,0.9985246138694959,0.8461538461538461,0.6410256410256411,27,20,0.22214187848945394,0.23695448328477428,1.0,0.15490965081325833
count_below__python__v2,count_below,threshold_count,python,2,"Given a list of numbers and a threshold, count the values less than the threshold.","def count_below(output, value):
    item = 0
    for current in output:
        if current < value:
            item += 1
    return item",fast_offsets,False,27,27,39,38,True,0.45894984407411693,0.15525732934474945,0.5639072653654315,17.440094074816443,0.5340850938381138,0.1631355881690979,0.6824205427141691,20.29523356584832,0.8686439873356568,0.9714072644710541,0.9907524224958921,0.6842105263157895,0.2631578947368421,19,4,0.45063605357741787,0.5452687122380814,0.9210526315789473,1.3258127828450692
main_diagonal_sum__python__v1,main_diagonal_sum,diagonal_aggregate,python,1,"Given a square matrix, calculate the sum of its main diagonal.","def main_diagonal_sum(matrix):
    total = 0
    for index in range(len(matrix)):
        total += matrix[index][index]
    return total",fast_offsets,False,23,23,42,41,True,0.17954834542420364,0.029415015131235123,0.383284436257008,7.361482162392349,0.18402615484934004,0.03050895407795906,0.39211810999235736,7.545072348822941,0.9412486044372,0.9956169724464417,0.999606522118173,0.8536585365853658,0.6341463414634146,20,16,0.240398674136668,0.24520908367385347,1.0,0.3145078041277707
rotate_right_one__python__v1,rotate_right_one,rotation,python,1,"Given a non-empty list, rotate it right by one position.","def rotate_right_one(values):
    result = [values[-1]]
    for value in values[:-1]:
        result.append(value)
    return result",fast_offsets,False,24,24,40,39,True,0.39336121333121227,0.1709626317024231,0.48813702847217544,15.341087319917278,0.4153179380996451,0.1805880218744278,0.5272340013070137,16.19739958588616,0.8602268886871827,0.9674084782600403,0.9976630730506701,0.6666666666666666,0.358974358974359,10,4,0.415297427899388,0.44507514644187485,0.9743589743589743,0.5929764912155943
frequency_map_items__python__v1,frequency_map_items,frequency_map,python,1,"Given a list of hashable values, build a dictionary mapping each value to its occurrence count.","def frequency_map_items(values):
    counts = {}
    for value in values:
        if value in counts:
            counts[value] += 1
        else:
            counts[value] = 1
    return counts",fast_offsets,False,29,29,54,53,True,0.22575301618641944,0.004973321687430143,0.5009810927561807,11.96490985788023,0.2592359972008949,0.005118234548717737,0.6343608503842084,13.739507851647431,0.9336679487858178,0.9994632601737976,0.9947887827765267,0.8490566037735849,0.6792452830188679,30,25,0.3409288186863495,0.402006296271723,1.0,0.47240618699611286
count_above__nl__v2,count_above,threshold_count,nl,2,"Given a list of numbers and a threshold, count the values greater than the threshold.","Begin a counter at zero. Inspect every value. When the current value is greater than the threshold, increase the counter by one. Output the counter.",fast_offsets,False,27,27,31,30,True,0.9136926889574776,0.8217653036117554,0.7088433704031868,27.41078066872433,1.063589679938741,0.980897068977356,0.8657309180331672,31.90769039816223,0.7090910688042641,0.721738338470459,0.9804967820644379,0.3333333333333333,0.1,2,2,0.8044025907935254,0.9711839356459677,0.9,1.7286138189975948
bubble_sort_descending__python__v3,bubble_sort_descending,bubble_sort,python,3,"Given a list of numbers, sort it in descending order using bubble sort and return the sorted copy.","def bubble_sort_descending(result):
    x = result[:]
    for element in range(len(x) - 1, 0, -1):
        for entry in range(element):
            if x[entry] < x[entry + 1]:
                x[entry], x[entry + 1] = x[entry + 1], x[entry]
    return x",fast_offsets,False,32,32,92,91,True,0.22674131399413294,0.0428856797516346,0.3890933259863509,20.633459573466098,0.2424498713648023,0.04327023774385452,0.4255958230913919,22.06293829419701,0.9237656750521817,0.9945926666259766,0.9982727995285621,0.7802197802197802,0.5384615384615384,23,6,0.2983613472412496,0.3180914786166088,0.9560439560439561,0.5365154002348705
dedupe_last__nl__v2,dedupe_last,deduplication,nl,2,"Given a list, remove duplicate values while keeping the last occurrence of each value and preserving the order of those kept occurrences.","Begin with an empty temporary list. Inspect the input from right to left. When the current value has not yet been kept, add it to the temporary list. Reverse that list and output it.",fast_offsets,False,36,36,41,40,True,1.0414718719082885,1.219606876373291,0.6973205141603169,41.65887487633154,1.1838490690104664,1.295241117477417,0.8216193096181588,47.35396276041865,0.6538933213800192,0.6109646856784821,0.9812480241060257,0.325,0.075,3,1,0.841545778995332,0.971440508770637,0.925,1.8507583058475574
lcm_list__python__v1,lcm_list,lcm_family,python,1,"Given a non-empty list of positive integers, compute the least common multiple of all values.","def lcm_list(values):
    current = values[0]
    for value in values[1:]:
        a = current
        b = value
        while b != 0:
            a, b = b, a % b
        current = (current // a) * value
    return current",fast_offsets,False,29,29,70,69,True,0.2791378821547487,0.07855936884880066,0.4720038711862758,19.260513868677663,0.30286513024306705,0.08079296350479126,0.5317020818398644,20.89769398677163,0.904282432967338,0.9882326126098633,0.9971455983493639,0.8115942028985508,0.463768115942029,19,9,0.37363374661671356,0.4088568270449554,1.0,0.5131534249998289
gcd_list__nl__v3,gcd_list,gcd_family,nl,3,"Given a non-empty list of nonnegative integers, compute the greatest common divisor of all values.","Set the first value as the current gcd. For each remaining value, repeatedly apply the Euclidean algorithm to combine it with the current gcd. Produce the final gcd.",fast_offsets,False,31,31,37,36,True,1.1246761576233741,1.260931670665741,0.7684173603034529,40.48834167444147,1.2994639220899746,1.4188372492790222,0.9306763608572249,46.78070119523909,0.6374814526902305,0.6067282259464264,0.9764773762888379,0.2777777777777778,0.19444444444444445,5,2,0.8041661106981337,0.9682152711187623,0.9444444444444444,1.4530542019894912
filter_negative__nl__v3,filter_negative,sign_filter,nl,3,"Given a list of numbers, create a new list containing only negative values.","Initialize with an empty result list. Process every number. For any case in which a number is less than zero, append it to the result. Produce the result after processing the input.",fast_offsets,False,25,25,39,38,True,0.8435519195014709,0.8541927337646484,0.583142069458352,32.054972941055894,0.9732980577667293,0.9360731840133667,0.752605086939661,36.98532619513571,0.7328021663584208,0.7244912683963776,0.9829581693599099,0.3157894736842105,0.05263157894736842,3,1,0.6387173675906819,0.7942282705995682,0.8947368421052632,2.3694774734689608
sum_positive__nl__v3,sum_positive,sign_sum,nl,3,"Given a list of numbers, sum only the positive values.","Initialize the total at zero. Process every number. For any case in which a number is greater than zero, add it to the total. Produce the total after the list has been processed.",fast_offsets,False,22,22,40,39,True,0.9153171342152816,0.8889829516410828,0.6753525997011448,35.69736823439598,1.0554285161197186,0.9357078075408936,0.8328222530874864,41.16171212866902,0.7236189181223894,0.7713669538497925,0.9808727854337448,0.28205128205128205,0.07692307692307693,4,1,0.6842696347126835,0.8006713553086707,0.9230769230769231,1.8881210103117598
is_strictly_increasing__nl__v3,is_strictly_increasing,monotonicity,nl,3,"Given a list of numbers, determine whether it is strictly increasing.","Process each adjacent pair from left to right. If an earlier value is greater than or equal to the following value, return false. Produce true if every pair increases.",fast_offsets,False,23,23,34,33,True,1.0275308904661373,0.9321116209030151,0.6354521049249868,33.90851938538253,1.1680297233785193,1.0065608024597168,0.7696342073750501,38.544980871491134,0.6551286975542704,0.6710233688354492,0.981839302814368,0.21212121212121213,0.09090909090909091,2,2,0.671588112716563,0.759586593194399,0.9090909090909091,2.005497122492119
window_sum_three__nl__v3,window_sum_three,sliding_window,nl,3,"Given a list of numbers, return the sum of every consecutive window of three values.","Initialize an empty result list. For each starting index that leaves three values available, add those three values and append the sum. Produce the result.",fast_offsets,False,27,27,31,30,True,1.166301723321279,1.0834775567054749,0.6745728387610279,34.98905169963837,1.307442116116484,1.1655606031417847,0.8019960418471574,39.22326348349452,0.6177320376038551,0.6538044214248657,0.9806559721628825,0.16666666666666666,0.03333333333333333,1,1,0.7423472612582404,0.8983557488897751,0.9666666666666667,2.2156359343479077
rotate_left_one__python__v1,rotate_left_one,rotation,python,1,"Given a non-empty list, rotate it left by one position.","def rotate_left_one(values):
    result = []
    for value in values[1:]:
        result.append(value)
    result.append(values[0])
    return result",fast_offsets,False,24,24,46,45,True,0.3569801164952676,0.13274641335010529,0.4866288477499279,16.06410524228704,0.381048227136489,0.13277320563793182,0.5373700276576895,17.147170221142005,0.8756636997063955,0.9748691916465759,0.99724456999037,0.7111111111111111,0.37777777777777777,9,6,0.4384991009759357,0.47823874760599044,0.9777777777777777,0.5489871397737361
is_nondecreasing__nl__v1,is_nondecreasing,monotonicity,nl,1,"Given a list of numbers, determine whether it is in nondecreasing order.","Examine each adjacent pair from left to right. If an earlier value is greater than the following value, return false. Return true if no such pair exists.",fast_offsets,False,27,27,33,32,True,0.9482489681395236,0.9381186366081238,0.5444439654059723,30.343966980464756,1.032459004811244,0.9854570627212524,0.5942015156982229,33.03868815395981,0.6952056274749339,0.7094660401344299,0.9904684461653233,0.1875,0.0625,2,2,0.6383113103408006,0.6501694325838359,1.0,1.344718176900642
count_words__nl__v3,count_words,word_count,nl,3,"Given a string containing words separated by whitespace, count the words.",Proceed as follows. Split the string on whitespace and return the number of resulting words.,fast_offsets,False,23,23,18,17,True,1.225485560210312,1.2931785583496094,0.755717645790296,20.833254523575306,1.4497899579651214,1.4133894443511963,0.9487784022576136,24.646429285407066,0.6167140927384881,0.5802767276763916,0.9678079626139473,0.29411764705882354,0.058823529411764705,1,1,1.0814682627096772,1.3232108633965254,1.0,1.5250644296243347
count_odd__python__v3,count_odd,parity_count,python,3,"Given a list of integers, count how many values are odd.","def count_odd(x):
    element = 0
    for entry in x:
        if entry % 2 != 0:
            element += 1
    return element",fast_offsets,False,23,23,41,40,True,0.3939539094979409,0.170732282102108,0.5422037315564171,15.758156379917637,0.4264732458046637,0.1754915714263916,0.5953413177551293,17.05892983218655,0.8854425996541977,0.9654263556003571,0.9964098945260048,0.75,0.25,13,3,0.44776097903601253,0.48068483319515604,0.925,0.8628488110370199
minmax_normalize__python__v1,minmax_normalize,bounded_numeric_transform,python,1,"Given a non-empty list of numbers with distinct minimum and maximum values, scale each value into the interval from zero to one using min-max normalization.","def minmax_normalize(values):
    low = min(values)
    high = max(values)
    result = []
    for value in values:
        result.append((value - low) / (high - low))
    return result",fast_offsets,False,42,42,57,56,True,0.24493221808318463,0.031608170829713345,0.43955295900916563,13.71620421265834,0.25466561282986994,0.03192161489278078,0.46678309098459114,14.261274318472715,0.9212337769567966,0.9953517317771912,0.9989420984472547,0.7857142857142857,0.5714285714285714,17,9,0.31357175581136043,0.32972434656800365,0.9821428571428571,0.4942217564398886
binary_to_integer__python__v1,binary_to_integer,base_conversion,python,1,"Given a string of binary digits, convert it to a nonnegative integer.","def binary_to_integer(text):
    result = 0
    for char in text:
        result = result * 2 + int(char)
    return result",fast_offsets,False,25,25,39,38,True,0.3199364705084774,0.17875274270772934,0.4202498012603567,12.157585879322141,0.3449717434444832,0.17932821810245514,0.4578978220589828,13.108926250890363,0.9069203216778604,0.9673167169094086,0.9974083367146944,0.6842105263157895,0.39473684210526316,11,3,0.39801640741879474,0.4244917548683195,1.0,0.37122625704566753
matrix_find_position__python__v1,matrix_find_position,matrix_search,python,1,"Given a matrix and a target value, return the row and column of the first occurrence in row-major order, or minus one for both if absent.","def matrix_find_position(matrix, target):
    for row in range(len(matrix)):
        for col in range(len(matrix[row])):
            if matrix[row][col] == target:
                return row, col
    return -1, -1",fast_offsets,False,41,41,62,61,True,0.24602658863701346,0.007394521031528711,0.5013847388750959,15.007621906857821,0.27323328375937533,0.007454504258930683,0.57468340284372,16.667230309321894,0.9184258670591917,0.9992455244064331,0.9966734647750854,0.819672131147541,0.6557377049180327,17,17,0.23264737646798797,0.2652855928815067,1.0,0.22243638788539988
lcm_list__python__v2,lcm_list,lcm_family,python,2,"Given a non-empty list of positive integers, compute the least common multiple of all values.","def lcm_list(counter):
    current = counter[0]
    for output in counter[1:]:
        item = current
        value = output
        while value != 0:
            item, value = value, item % value
        current = (current // item) * output
    return current",fast_offsets,False,29,29,70,69,True,0.41934129070706555,0.18327730894088745,0.5643216836264218,28.934549058787525,0.47271098960882757,0.18707624077796936,0.6657691544837185,32.6170582830091,0.8656632448884024,0.966672420501709,0.9932205711585887,0.7536231884057971,0.2753623188405797,12,5,0.46761974497862596,0.54384683860596,0.9565217391304348,0.965723263670636
partition_by_threshold__nl__v1,partition_by_threshold,partition,nl,1,"Given a list of numbers and a threshold, return two lists: values below the threshold and values at least the threshold, preserving order.",Create two empty result lists. Examine each number and append it to the below-threshold list or the other list according to the comparison. Return both lists.,fast_offsets,False,38,38,34,33,True,0.9108350378545848,0.8821269273757935,0.6662550420202643,30.057556249201298,1.0022493488945519,0.8989864587783813,0.7802616523332825,33.07422851352021,0.6931329495979078,0.6803469657897949,0.9880198438962301,0.24242424242424243,0.12121212121212122,4,2,0.7623119486961514,0.8815711723000277,0.9696969696969697,1.7936606356630695
most_frequent__python__v3,most_frequent,mode_selection,python,3,"Given a non-empty list, return a value with the highest occurrence count, choosing the first such value on ties.","def most_frequent(result):
    entry = {}
    for x in result:
        entry[x] = entry.get(x, 0) + 1
    element = result[0]
    for x in result:
        if entry[x] > entry[element]:
            element = x
    return element",fast_offsets,False,35,35,75,74,True,0.4298119974767827,0.07488556578755379,0.7148042517574634,31.80608781328192,0.5035284370412253,0.07677821069955826,0.8901005045376243,37.26110434105067,0.8638916007570319,0.987638533115387,0.988750089664717,0.7432432432432432,0.47297297297297297,17,5,0.48886189998401813,0.5965672869206173,0.9594594594594594,0.7500588330516301
count_below__nl__v2,count_below,threshold_count,nl,2,"Given a list of numbers and a threshold, count the values less than the threshold.","Begin a counter at zero. Inspect every value. When the current value is less than the threshold, increase the counter by one. Output the counter.",fast_offsets,False,27,27,31,30,True,0.9024177661476036,0.7979696691036224,0.6893266907223273,27.072532984428108,1.052779170870781,0.9271197617053986,0.8443920753287253,31.58337512612343,0.7180078700184822,0.7637649476528168,0.9804540673891703,0.3333333333333333,0.06666666666666667,2,1,0.8016771816102595,0.9628471752692913,0.9,1.639894919046977
most_frequent__python__v1,most_frequent,mode_selection,python,1,"Given a non-empty list, return a value with the highest occurrence count, choosing the first such value on ties.","def most_frequent(values):
    counts = {}
    for value in values:
        counts[value] = counts.get(value, 0) + 1
    best = values[0]
    for value in values:
        if counts[value] > counts[best]:
            best = value
    return best",fast_offsets,False,35,35,75,74,True,0.28887415198545496,0.0214434452354908,0.534635232919483,21.376687246923666,0.32101183797824373,0.022439694963395596,0.6393728627389053,23.754876010390035,0.9056861904021856,0.9972100853919983,0.9954330365400057,0.7702702702702703,0.6216216216216216,17,17,0.36801829555063964,0.4133905836311797,1.0,0.36182052204775217
merge_sorted_descending__nl__v1,merge_sorted_descending,merge_sorted,nl,1,"Given two lists sorted in descending order, merge them into one descending list.",Create an empty result and place one index at the start of each list. Repeatedly append the larger current value and advance its index. Append any remaining values and return the result.,fast_offsets,False,27,27,38,37,True,1.1097544314641807,1.0149588584899902,0.6766500393466475,41.06091396417469,1.3029154905596294,1.2422852516174316,0.8487077011177926,48.20787315070629,0.6557488634779647,0.6700002551078796,0.9727618549321149,0.24324324324324326,0.05405405405405406,2,2,0.7531561714390086,0.9092752331246933,0.972972972972973,1.8391772443161194
reverse_integer__python__v1,reverse_integer,numeric_reverse,python,1,"Given a nonnegative integer, reverse the order of its decimal digits.","def reverse_integer(number):
    result = 0
    while number > 0:
        digit = number % 10
        result = result * 10 + digit
        number //= 10
    return result",fast_offsets,False,24,24,53,52,True,0.2536046943517319,0.024894239380955696,0.45114430536401245,13.187444106290059,0.275310236415215,0.0250005554407835,0.49424770990989375,14.316132293591181,0.9238493923957531,0.9967015385627747,0.9976507253371752,0.8076923076923077,0.5384615384615384,20,8,0.3328354040555389,0.35476124608880233,1.0,0.2109445847733768
rotate_matrix_clockwise__nl__v1,rotate_matrix_clockwise,matrix_transform,nl,1,"Given a non-empty square matrix, return a new matrix rotated ninety degrees clockwise.","Create an empty result. For each original column from left to right, build a row by reading that column from bottom to top. Append each row and return the result.",fast_offsets,False,30,30,34,33,True,1.1211417771198533,1.0857058763504028,0.6594304419840291,36.99767864495516,1.3962568272695397,1.1139945983886719,0.9103199686463636,46.07647529989481,0.6672458296472376,0.674987256526947,0.9594672737699567,0.21212121212121213,0.030303030303030304,2,1,0.7306348499841988,1.0327003323473036,0.8787878787878788,2.0298825112227914
running_sum__nl__v1,running_sum,cumulative_scan,nl,1,"Given a list of numbers, produce the running sum after each position.",Start a total at zero and create an empty result list. Examine the numbers in order. Add each value to the total and append the updated total to the result. Return the result.,fast_offsets,False,24,24,39,38,True,0.973631628053753,0.8949612677097321,0.6072976968226305,36.998001866042614,1.1123257606829469,0.9399511814117432,0.7570270764908184,42.26837890595198,0.6831443952886682,0.7246311902999878,0.9819985847724112,0.23684210526315788,0.0,3,0,0.6091223556447674,0.7787986530645473,0.9736842105263158,1.5094205453795821
adjacent_sums__nl__v3,adjacent_sums,adjacent_transform,nl,3,"Given a list of numbers, create a list containing the sum of each adjacent pair.","Initialize an empty result list. Starting with the second input value, add it to the preceding value and append the sum. Produce the result.",fast_offsets,False,27,27,30,29,True,0.8297576099505712,0.7994557619094849,0.6105411260698705,24.062970688566566,0.9093652125447989,0.8075739145278931,0.7098926743269202,26.371591163799167,0.7236353688198944,0.7724806666374207,0.989921460891592,0.3448275862068966,0.10344827586206896,3,1,0.6938113974673408,0.7737820458465389,0.9310344827586207,2.032041695980548
sum_positive__python__v2,sum_positive,sign_sum,python,2,"Given a list of numbers, sum only the positive values.","def sum_positive(current):
    item = 0
    for value in current:
        if value > 0:
            item += value
    return item",fast_offsets,False,22,22,38,37,True,0.38045436972626356,0.1868421733379364,0.551643827645698,14.076811679871753,0.42699128043258916,0.19345691800117493,0.638850728241412,15.798677376005799,0.8893501831067575,0.9649664759635925,0.9943531816070145,0.7837837837837838,0.24324324324324326,20,3,0.32080098462756723,0.3539742844748414,0.9459459459459459,1.060556205780862
count_equal_neighbors__nl__v3,count_equal_neighbors,adjacent_analysis,nl,3,"Given a list, count how many adjacent pairs contain equal values.",Initialize a counter at zero. Compare each value after the first with its predecessor. Increase the counter when the two values are equal. Produce the counter.,fast_offsets,False,23,23,37,36,True,0.9482500498933304,0.9325551092624664,0.6291081424124608,34.13700179615989,1.0390284384225703,1.028198003768921,0.7147410611089369,37.40502378321253,0.6903270764483346,0.6766194105148315,0.9889344539907243,0.2777777777777778,0.1388888888888889,4,2,0.6654230068836894,0.7493071725991155,0.9166666666666666,1.5776602565989986
count_vowels__nl__v2,count_vowels,char_count,nl,2,"Given a lowercase string, count how many characters are vowels.","Begin a counter at zero. Inspect each character. If it is one of a, e, i, o, or u, increase the counter by one. Output the counter.",fast_offsets,False,25,25,37,36,True,0.7337668814159568,0.7219367325305939,0.6759834287495136,26.415607730974443,0.8704757135856198,0.7630659639835358,0.8702118663979079,31.337125689082313,0.7588481042120192,0.7811737954616547,0.9808969597021738,0.4444444444444444,0.19444444444444445,6,4,0.6373444257237549,0.8191758272071769,0.9444444444444444,1.1584621526693202
digit_sum__python__v2,digit_sum,digit_aggregate,python,2,"Given a nonnegative integer, compute the sum of its decimal digits.","def digit_sum(item):
    value = 0
    while item > 0:
        value += item % 10
        item //= 10
    return value",fast_offsets,False,24,24,42,41,True,0.341151095505111,0.12070971727371216,0.4765249898253542,13.987194915709551,0.37848814216828564,0.1225719153881073,0.5635824261653136,15.518013828899711,0.9019251789261655,0.9811053276062012,0.9953835228594338,0.7317073170731707,0.36585365853658536,9,4,0.4106007851281902,0.4695309676055331,0.9512195121951219,0.536082939031497
moving_average_three__python__v2,moving_average_three,sliding_window,python,2,"Given a list of numbers, return the average of every consecutive window of three values.","def moving_average_three(output):
    current = []
    for value in range(len(output) - 2):
        item = (output[value] + output[value + 1] + output[value + 2]) / 3
        current.append(item)
    return current",fast_offsets,False,27,27,70,69,True,0.4110917152458991,0.13360393047332764,0.6281226206782304,28.365328351967037,0.46285882390583394,0.13559985160827637,0.7518655238847055,31.93725884950254,0.8695880096891652,0.9795374274253845,0.992487907409668,0.6956521739130435,0.4492753623188406,14,11,0.4762199673020993,0.5527587174540659,0.9565217391304348,0.7934051626960855
count_odd__nl__v2,count_odd,parity_count,nl,2,"Given a list of integers, count how many values are odd.","Begin a counter at zero. Inspect every integer. When the current value is odd, increase the counter by one. Output the counter after all values are processed.",fast_offsets,False,23,23,33,32,True,1.013593270581623,0.8881012201309204,0.6815062424951429,32.43498465861194,1.1801791172256344,1.1328371167182922,0.810394513430368,37.7657317512203,0.6714112190529704,0.74277064204216,0.9785290323197842,0.25,0.03125,2,1,0.7687831167281876,0.9277504682991533,0.90625,1.8013471886142725
count_divisors__nl__v2,count_divisors,divisors,nl,2,"Given a positive integer n, count its positive divisors.","Begin a counter at zero. Inspect every integer from one through n. If n is divisible by the current integer, increase the counter. Output the counter.",fast_offsets,False,22,22,33,32,True,1.1116917707258835,1.092610776424408,0.6440358441347509,35.57413666322827,1.2710187913035043,1.2477234601974487,0.783784541336237,40.672601321712136,0.629002841655165,0.64750075340271,0.9783605970442295,0.1875,0.0625,2,1,0.7464451422133753,0.893148185144509,0.9375,1.389814903943261
gcd_two__python__v3,gcd_two,gcd_family,python,3,"Given two nonnegative integers, compute their greatest common divisor using the Euclidean algorithm.","def gcd_two(element, entry):
    while entry != 0:
        element, entry = entry, element % entry
    return element",fast_offsets,False,28,28,33,32,True,0.4558137015046668,0.1484607234597206,0.5973167500580397,14.586038448149338,0.5378620018163929,0.15508843958377838,0.7675473456458879,17.211584058124572,0.8536806711927056,0.9753378927707672,0.9890881273895502,0.71875,0.375,12,5,0.5037774632144119,0.6550503210615246,0.9375,1.358648974906373
insertion_sort_ascending__python__v3,insertion_sort_ascending,insertion_sort,python,3,"Given a list of numbers, sort it in ascending order using insertion sort and return the sorted copy.","def insertion_sort_ascending(n_count):
    result = n_count[:]
    for entry in range(1, len(result)):
        element = result[entry]
        x = entry - 1
        while x >= 0 and result[x] > element:
            result[x + 1] = result[x]
            x -= 1
        result[x + 1] = element
    return result",fast_offsets,False,32,32,101,100,True,0.2682417338108462,0.07494890317320824,0.4802408086351592,26.82417338108462,0.2959131524368422,0.07592980563640594,0.5695252742259751,29.59131524368422,0.9102324718236923,0.9890446662902832,0.996049416065216,0.8,0.49,17,11,0.3577063060413021,0.4005470087580063,0.96,0.6840676074846982
dedupe_last__python__v3,dedupe_last,deduplication,python,3,"Given a list, remove duplicate values while keeping the last occurrence of each value and preserving the order of those kept occurrences.","def dedupe_last(x):
    element = []
    for entry in reversed(x):
        if entry not in element:
            element.append(entry)
    element.reverse()
    return element",fast_offsets,False,36,36,49,48,True,0.386879036332175,0.11385458707809448,0.6175954666731893,18.5701937439444,0.45348630581368826,0.11588631570339203,0.7623895724544952,21.767342679057037,0.879934229577581,0.9812619090080261,0.9906341483195623,0.7291666666666666,0.4791666666666667,16,8,0.49078925026139797,0.5727157177851893,0.9375,0.8562236875815566
window_sum_three__nl__v1,window_sum_three,sliding_window,nl,1,"Given a list of numbers, return the sum of every consecutive window of three values.","Create an empty result list. For each starting index that leaves three values available, add those three values and append the sum. Return the result.",fast_offsets,False,27,27,29,28,True,1.183101721374052,0.9933499693870544,0.7184454007560808,33.12684819847345,1.346551208623818,1.0712891221046448,0.8799419927382877,37.703433841466904,0.6252141387334892,0.6313463151454926,0.9763209819793701,0.17857142857142858,0.03571428571428571,1,1,0.7617955842503795,0.9516034567797625,1.0,2.0458929371753976
count_even__python__v1,count_even,parity_count,python,1,"Given a list of integers, count how many values are even.","def count_even(values):
    count = 0
    for value in values:
        if value % 2 == 0:
            count += 1
    return count",fast_offsets,False,23,23,41,40,True,0.17525673647724033,0.02554027922451496,0.3907313406493316,7.0102694590896135,0.18216988530475647,0.02623979840427637,0.4053423498311932,7.2867954121902585,0.9475950755178928,0.9965333342552185,0.9993518874049186,0.9,0.675,24,21,0.24273137070122175,0.2503352213459901,1.0,0.13951017984868486
frequency_map_items__nl__v1,frequency_map_items,frequency_map,nl,1,"Given a list of hashable values, build a dictionary mapping each value to its occurrence count.","Start with an empty dictionary. Examine each value. If it is already a key, increase its count; otherwise create the key with count one. Return the dictionary.",fast_offsets,False,29,29,35,34,True,0.8225014391629135,0.7199853956699371,0.5298252387915139,27.96504893153906,0.9153654253219857,0.7744303047657013,0.6374133093295363,31.122424460947514,0.7409641953075633,0.7849545478820801,0.9889262055649477,0.20588235294117646,0.08823529411764706,2,2,0.602047477256168,0.7009011281259132,0.9705882352941176,1.4650722337708644
binary_search_exact__python__v3,binary_search_exact,binary_search,python,3,"Given an ascending sorted list and a target value, return the target index or minus one if absent.","def binary_search_exact(n_count, result):
    entry = 0
    element = len(n_count) - 1
    while entry <= element:
        x = (entry + element) // 2
        if n_count[x] == result:
            return x
        if n_count[x] < result:
            entry = x + 1
        else:
            element = x - 1
    return -1",fast_offsets,False,31,31,105,104,True,0.36127771962226407,0.07707266509532928,0.5967565716231085,37.572882840715465,0.4546085541548494,0.08248955383896828,0.8407436139262155,47.27928963210434,0.8868250640539023,0.988926351070404,0.986492769076274,0.7307692307692307,0.46153846153846156,27,9,0.3761143935140724,0.5260823327305985,0.9423076923076923,0.7463870194276384
adjacent_sums__nl__v1,adjacent_sums,adjacent_transform,nl,1,"Given a list of numbers, create a list containing the sum of each adjacent pair.","Create an empty result list. Starting with the second input value, add it to the preceding value and append the sum. Return the result.",fast_offsets,False,27,27,28,27,True,0.7355538327936773,0.5891569256782532,0.5036693641595261,19.859953485429287,0.7913748657813778,0.6476781368255615,0.563061933941239,21.367121376097202,0.7704387296129156,0.8767660856246948,0.9933921098709106,0.37037037037037035,0.037037037037037035,2,1,0.6071565237182838,0.6808341174171522,1.0,1.9183462638131998
chunks_fixed_size__nl__v1,chunks_fixed_size,chunking,nl,1,"Given a list and a positive chunk size, split the list into consecutive chunks of at most that size.","Create an empty result list. Move a starting index through the input in steps equal to the chunk size. At each step, append the corresponding slice. Return the result.",fast_offsets,False,32,32,34,33,True,1.0147710745081757,0.8330850601196289,0.7002982704058671,33.4874454587698,1.2349205547661493,0.8761446475982666,0.9091971139400106,40.752378307282925,0.6965215589964029,0.7385958433151245,0.9684019504171429,0.2727272727272727,0.0,2,0,1.0013849567621946,1.2947216765023768,0.9696969696969697,1.9093209252495207
frequency_map_chars__python__v2,frequency_map_chars,frequency_map,python,2,"Given a string, build a dictionary mapping each character to its occurrence count.","def frequency_map_chars(current):
    value = {}
    for item in current:
        if item in value:
            value[item] += 1
        else:
            value[item] = 1
    return value",fast_offsets,False,25,25,55,54,True,0.37984441295460175,0.0699588991701603,0.6365216802461406,20.511598299548496,0.4453960552696285,0.07732795178890228,0.797215461932259,24.05138698455994,0.8832931824856334,0.9891674518585205,0.9904585966357479,0.7592592592592593,0.46296296296296297,25,15,0.5149837991218347,0.621747577157671,0.9629629629629629,0.9409972787208163
count_increases__nl__v2,count_increases,adjacent_analysis,nl,2,"Given a list of numbers, count how many positions contain a value larger than the immediately preceding value.",Begin a counter at zero. Compare each value after the first with its predecessor. Increase the counter when the current value is larger. Output the counter.,fast_offsets,False,30,30,35,34,True,0.895709779815447,0.8464026153087616,0.6626313718989084,30.4541325137252,0.9959654520447229,0.8804548978805542,0.8178490001193761,33.86282536952058,0.7047777414760169,0.695561408996582,0.9849396838861353,0.3235294117647059,0.058823529411764705,4,2,0.7201817732544221,0.8551983580550631,0.9411764705882353,1.4144137200472708
fibonacci_nth__nl__v3,fibonacci_nth,fibonacci,nl,3,"Given a nonnegative integer n with F0 equal to zero and F1 equal to one, return Fn iteratively.","Initialize with the pair zero and one. Repeat n times, replacing the pair with the second value and the sum of the two values. Produce the first value.",fast_offsets,False,35,35,35,34,True,1.2649818582131582,1.2837508916854858,0.645620927238852,43.00938317924738,1.5455790009787853,1.551526427268982,0.8621384756405612,52.549686033278704,0.5868345319348223,0.5538758933544159,0.9616410977700177,0.14705882352941177,0.058823529411764705,1,1,0.6857188754912579,0.90028481524099,0.8823529411764706,2.011661679737325
fibonacci_first_n__python__v2,fibonacci_first_n,fibonacci,python,2,"Given a nonnegative integer n, return the first n Fibonacci values starting with zero and one.","def fibonacci_first_n(output):
    value = 0
    current = 1
    counter = []
    for item in range(output):
        counter.append(value)
        value, current = current, value + current
    return counter",fast_offsets,False,32,32,60,59,True,0.45969058434336874,0.16448886692523956,0.6248276105977154,27.121744476258755,0.5400310779006173,0.19757738709449768,0.8048578393769809,31.86183359613642,0.8583853608470852,0.9705483317375183,0.9884116659730168,0.6440677966101694,0.3220338983050847,7,3,0.5260383691317563,0.6527327881836943,0.9661016949152542,0.966359620316988
binary_search_insertion__python__v1,binary_search_insertion,binary_search,python,1,"Given an ascending sorted list and a target value, return the index where the target could be inserted while preserving order.","def binary_search_insertion(values, target):
    low = 0
    high = len(values)
    while low < high:
        middle = (low + high) // 2
        if values[middle] < target:
            low = middle + 1
        else:
            high = middle
    return low",fast_offsets,False,35,35,76,75,True,0.17408874583835618,0.008731361478567123,0.3687852895369845,13.056655937876712,0.18717472403404828,0.008804447017610073,0.4057497868121988,14.03810430255362,0.937492607831955,0.9989529848098755,0.9985666704177857,0.8533333333333334,0.6933333333333334,24,12,0.18416388677414453,0.1889602303661967,1.0,0.3333577863697413
group_by_first_character__python__v2,group_by_first_character,grouping,python,2,"Given a list of non-empty strings, build a dictionary grouping strings by their first character while preserving input order inside each group.","def group_by_first_character(output):
    item = {}
    for current in output:
        value = current[0]
        if value not in item:
            item[value] = []
        item[value].append(current)
    return item",fast_offsets,False,37,37,61,60,True,0.3578566608911691,0.10013976693153381,0.5445107178882836,21.471399653470144,0.4077126074194287,0.10666776448488235,0.6587603599093544,24.462756445165724,0.888370846460263,0.9831508994102478,0.9932447383801143,0.7333333333333333,0.38333333333333336,12,4,0.4633929697338934,0.5395483258259246,0.9333333333333333,0.8043985430615673
count_digits__nl__v1,count_digits,digit_count,nl,1,"Given a positive integer, count its decimal digits.","Start a counter at zero. While the number is positive, remove its last digit using integer division by ten and increase the counter by one. Return the counter.",fast_offsets,False,20,20,32,31,True,0.9225660673072261,0.8667328357696533,0.637498745026224,28.59954808652401,1.0186073542121918,0.9119226336479187,0.7431365339044358,31.576827980577946,0.7023684036347174,0.7222377061843872,0.9871748378199916,0.2903225806451613,0.03225806451612903,2,1,0.8090737481911977,0.9243236725529035,1.0,1.2218816541285524
rotate_left_one__nl__v3,rotate_left_one,rotation,nl,3,"Given a non-empty list, rotate it left by one position.","Initialize an empty result list. Place every element except the first in original order, then append the original first element. Produce the result.",fast_offsets,False,24,24,29,28,True,1.0300111102738552,1.0398211777210236,0.7403802904795554,28.840311087667942,1.230524065239089,1.120993196964264,0.9322585039992402,34.45467382669449,0.6795212828687259,0.7160395681858063,0.972498744726181,0.32142857142857145,0.03571428571428571,2,1,0.791463920087726,1.0107183936569426,0.8928571428571429,2.438533314437206
linear_first_index__nl__v1,linear_first_index,linear_search,nl,1,"Given a list and a target, return the index of the first target occurrence or minus one if absent.",Examine the list from left to right while tracking the index. Return the index at the first value equal to the target. Return minus one if no match is found.,fast_offsets,False,31,31,35,34,True,1.1252686717711828,1.1393201351165771,0.7295374378213806,38.25913484022021,1.3469658707652021,1.4074482321739197,0.9248668985536593,45.796839606016874,0.6425706349751529,0.653132975101471,0.9692238464074976,0.2647058823529412,0.058823529411764705,2,1,0.7901901812715963,0.9810621636835012,0.9705882352941176,1.4902281131739181
square_values__nl__v1,square_values,element_transform,nl,1,"Given a list of numbers, create a list containing the square of each element.","Create an empty result list. Examine each input number, multiply it by itself, and append the product to the result. Return the result.",fast_offsets,False,26,26,30,29,True,0.6943735724379276,0.540318489074707,0.5930580980591399,20.1368336006999,0.7553557989926174,0.5722010731697083,0.6804475701987496,21.905318170785904,0.7845090134390469,0.8731675744056702,0.9924810754841772,0.41379310344827586,0.06896551724137931,4,1,0.5628283316535609,0.6392924870763507,0.9655172413793104,1.5325217357483403
most_frequent__nl__v3,most_frequent,mode_selection,nl,3,"Given a non-empty list, return a value with the highest occurrence count, choosing the first such value on ties.",Initialize occurrence counts. Then scan the original list while tracking the best value and highest count seen. Replace the best only when a strictly higher count is found. Produce the best value.,fast_offsets,False,35,35,38,37,True,1.333129682049558,1.3455126285552979,0.6719060579174702,49.325798235833645,1.6375983399716583,1.6354093551635742,0.8641956829384556,60.59113857895136,0.5887059283417624,0.6282263994216919,0.9572289473301655,0.13513513513513514,0.05405405405405406,2,1,0.7036294624623325,0.8766435711748071,0.8378378378378378,2.7111941167103075
flatten_lists__nl__v2,flatten_lists,flatten_one_level,nl,2,"Given a list of lists, flatten exactly one level into a single list.","Build an empty result list. Inspect each inner list in order, then add each of its values to the result. Output the result.",fast_offsets,False,26,26,28,27,True,1.0635494696045364,1.0679807662963867,0.6014412412363938,28.71583567932248,1.2599763021700912,1.1641725301742554,0.7575848086801452,34.01936015859246,0.6618856776643682,0.6421799659729004,0.9749570246096011,0.18518518518518517,0.037037037037037035,1,1,0.7192597810465556,0.9161305951957519,0.9259259259259259,2.1377137003259525
rotate_matrix_clockwise__python__v1,rotate_matrix_clockwise,matrix_transform,python,1,"Given a non-empty square matrix, return a new matrix rotated ninety degrees clockwise.","def rotate_matrix_clockwise(matrix):
    result = []
    size = len(matrix)
    for col in range(size):
        new_row = []
        for row in range(size - 1, -1, -1):
            new_row.append(matrix[row][col])
        result.append(new_row)
    return result",fast_offsets,False,30,30,85,84,True,0.1791870205703295,0.009684952441602945,0.3685994641108696,15.051709727907678,0.18797040919806868,0.01002146303653717,0.3887716707601348,15.789514372637768,0.9419998593983196,0.998899519443512,0.9991462628046671,0.8690476190476191,0.6428571428571429,37,24,0.2231447561368841,0.23344415872604687,1.0,0.1847694679887337
integer_to_binary__nl__v2,integer_to_binary,base_conversion,nl,2,"Given a positive integer, return its binary representation as a string without a prefix.","Begin with an empty digit list. Repeatedly add the remainder after division by two and divide the number by two. Reverse the collected digits, join them, and output the string.",fast_offsets,False,26,26,39,38,True,1.1263590819741551,1.0232447385787964,0.6841960045401893,42.80164511501789,1.3487203265295218,1.1314522624015808,0.8776636007674032,51.251372408121824,0.6358934805581444,0.6456089913845062,0.9690147716748087,0.15789473684210525,0.05263157894736842,2,2,0.7663814904722007,0.9762159631260343,0.9736842105263158,1.6663905643202412
count_above__nl__v3,count_above,threshold_count,nl,3,"Given a list of numbers and a threshold, count the values greater than the threshold.","Initialize a counter at zero. Process every value. For any case in which the current value is greater than the threshold, increase the counter by one. Produce the counter.",fast_offsets,False,27,27,36,35,True,0.7623729004657694,0.7483997941017151,0.5560498391063114,26.68305151630193,0.8522356361150741,0.8514299392700195,0.6475094811023185,29.828247264027596,0.7498715230396815,0.8054978251457214,0.9894914933613368,0.2571428571428571,0.08571428571428572,2,1,0.5722144449348835,0.657330025863998,0.9142857142857143,1.7735341423224391
bubble_sort_descending__nl__v2,bubble_sort_descending,bubble_sort,nl,2,"Given a list of numbers, sort it in descending order using bubble sort and return the sorted copy.","Copy the input list. Repeatedly scan adjacent pairs and swap them when the left value is less than the right value. After enough passes, output the copy.",fast_offsets,False,32,32,34,33,True,1.0466182328633626,1.0669071674346924,0.69602049177335,34.538401684490964,1.1865575234687915,1.133518099784851,0.8105227786993843,39.15639827447012,0.6542454090985385,0.6414912343025208,0.9813423084490227,0.2727272727272727,0.09090909090909091,3,2,0.7624271444074111,0.8500704124162439,0.9090909090909091,2.0493464003886785
gcd_list__python__v2,gcd_list,gcd_family,python,2,"Given a non-empty list of nonnegative integers, compute the greatest common divisor of all values.","def gcd_list(counter):
    current = counter[0]
    for output in counter[1:]:
        item = current
        value = output
        while value != 0:
            item, value = value, item % value
        current = item
    return current",fast_offsets,False,31,31,64,63,True,0.3787508945152651,0.14493326842784882,0.5637997670795399,23.861306354461703,0.4357739478878174,0.1495564877986908,0.6799123253727427,27.453758716932498,0.8841932415962219,0.9749771356582642,0.9928137082902212,0.7777777777777778,0.36507936507936506,17,5,0.4402667239529922,0.51553759878997,0.9523809523809523,0.9140364743706457
count_even_digits__nl__v1,count_even_digits,digit_count,nl,1,"Given a positive integer, count how many of its decimal digits are even.","Start a counter at zero. While the number is positive, inspect the last digit, increase the counter if it is even, then remove the digit using integer division by ten. Return the counter.",fast_offsets,False,25,25,39,38,True,1.1028485941259485,0.9898603558540344,0.6543769138742886,41.90824657678604,1.2374647373431606,1.0604989528656006,0.8093772420170452,47.02366001904011,0.637707325580873,0.6230824291706085,0.9801802180315319,0.18421052631578946,0.0,2,0,0.8942354337589161,1.0582683706605756,0.9736842105263158,1.4796483410816443
binary_to_integer__python__v2,binary_to_integer,base_conversion,python,2,"Given a string of binary digits, convert it to a nonnegative integer.","def binary_to_integer(current):
    value = 0
    for item in current:
        value = value * 2 + int(item)
    return value",fast_offsets,False,25,25,39,38,True,0.3810038209990843,0.19096138328313828,0.5075404448857052,14.478145197965205,0.434831404396774,0.19178827852010727,0.628123114938812,16.52359336707741,0.8881001582271174,0.9640308320522308,0.9928271315599743,0.6578947368421053,0.3684210526315789,11,3,0.43470310052303046,0.49462375064959396,0.9473684210526315,0.8284150243723017
clamp_values__python__v3,clamp_values,bounded_numeric_transform,python,3,"Given a list of numbers and lower and upper bounds, clamp each value into the inclusive interval.","def clamp_values(n_count, element, x):
    entry = []
    for result in n_count:
        if result < element:
            entry.append(element)
        elif result > x:
            entry.append(x)
        else:
            entry.append(result)
    return entry",fast_offsets,False,31,31,74,73,True,0.4186468211127037,0.09296765923500061,0.61890146335941,30.56121794122737,0.48230487353659607,0.09628178179264069,0.7441104103662354,35.20825576817151,0.8692189434619799,0.9857126474380493,0.9913761395297639,0.6986301369863014,0.4520547945205479,22,11,0.47665111475443056,0.5738296727164803,0.9315068493150684,1.1000075079764802
most_frequent__nl__v1,most_frequent,mode_selection,nl,1,"Given a non-empty list, return a value with the highest occurrence count, choosing the first such value on ties.",Build occurrence counts. Then scan the original list while tracking the best value and highest count seen. Replace the best only when a strictly higher count is found. Return the best value.,fast_offsets,False,35,35,36,35,True,1.4205431256975447,1.3516920804977417,0.6278333155256108,49.71900939941406,1.824792081969125,1.9275627136230469,0.847749189546945,63.86772286891937,0.5572411145482744,0.5455344915390015,0.9421582852091108,0.02857142857142857,0.0,1,0,0.5304833860958323,0.7538191255401162,0.9428571428571428,2.2248808601072856
gcd_two__nl__v1,gcd_two,gcd_family,nl,1,"Given two nonnegative integers, compute their greatest common divisor using the Euclidean algorithm.","While the second value is not zero, replace the pair with the second value and the remainder of the first divided by the second. Return the first value when the second becomes zero.",fast_offsets,False,28,28,37,36,True,1.0468904953449965,0.8729356825351715,0.8102756289318153,37.68805783241987,1.3070646577204268,1.006206750869751,1.1199737963254082,47.05432767793536,0.670378360276421,0.7583180963993073,0.9607912368244595,0.3888888888888889,0.05555555555555555,4,1,0.8015742731945855,0.9994534039071628,0.9444444444444444,1.266215809942676
partition_by_sign__nl__v3,partition_by_sign,partition,nl,3,"Given a list of numbers, return two lists: negative values first and nonnegative values second, preserving input order within each group.",Initialize an empty negative list and an empty nonnegative list. Process each number and append it to the appropriate list according to its sign. Produce both lists.,fast_offsets,False,37,37,33,32,True,0.619078557137982,0.5316889882087708,0.5648699293711484,19.810513828415424,0.6804295907786582,0.5557954013347626,0.6531792651157652,21.77374690491706,0.8206173330545425,0.8746654391288757,0.9923109021037817,0.4375,0.1875,5,1,0.68093774020071,0.7615951873482235,0.9375,1.6759937933857145
first_even_index__python__v2,first_even_index,first_match_index,python,2,"Given a list of integers, return the index of the first even value, or minus one if none exists.","def first_even_index(current):
    for item, value in enumerate(current):
        if value % 2 == 0:
            return item
    return -1",fast_offsets,False,32,32,40,39,True,0.28508192172441155,0.061611857265233994,0.4424006382437495,11.11819494725205,0.3130121316211537,0.06330027431249619,0.48949440187266346,12.207473133224994,0.9157461684483749,0.9900617003440857,0.9971681894400181,0.7948717948717948,0.5128205128205128,25,7,0.28031488043550207,0.3123232003080806,0.9743589743589743,0.7735821627108798
is_nondecreasing__python__v2,is_nondecreasing,monotonicity,python,2,"Given a list of numbers, determine whether it is in nondecreasing order.","def is_nondecreasing(value):
    for item in range(1, len(value)):
        if value[item - 1] > value[item]:
            return False
    return True",fast_offsets,False,27,27,46,45,True,0.2587342513634616,0.04453513026237488,0.4342050086648067,11.643041311355773,0.2745913693603749,0.04783003777265549,0.4753611941825,12.35661162121687,0.9169427480962541,0.9938071966171265,0.998097911145952,0.7777777777777778,0.5555555555555556,16,12,0.31519861999549903,0.33387770753523166,0.9777777777777777,0.6400581460874188
running_product__nl__v3,running_product,cumulative_scan,nl,3,"Given a list of numbers, produce the running product after each position.",Initialize a product at one and create an empty result list. Process the numbers in order. Multiply the product by each value and append the updated product to the result. Produce the result.,fast_offsets,False,24,24,41,40,True,0.9680919414851814,0.88729527592659,0.629325266840313,38.72367765940726,1.1052749967580895,0.9610361456871033,0.7637212282760084,44.210999870323576,0.6860660575330257,0.775759369134903,0.9824380934238434,0.3,0.075,3,2,0.5933986915132174,0.7274265067878728,0.95,1.779158008086597
count_digits__python__v1,count_digits,digit_count,python,1,"Given a positive integer, count its decimal digits.","def count_digits(number):
    count = 0
    while number > 0:
        number //= 10
        count += 1
    return count",fast_offsets,False,20,20,40,39,True,0.2233826949060387,0.024894727393984795,0.3724290937757294,8.71192510133551,0.23564352114116888,0.025157524272799492,0.39698752679616156,9.190097324505587,0.921544862099183,0.9968217611312866,0.9988071536406492,0.7948717948717948,0.5897435897435898,14,6,0.2875765811079059,0.30220554546437933,1.0,0.15063048239677557
matrix_contains__nl__v2,matrix_contains,matrix_search,nl,2,"Given a matrix and a target value, determine whether the target occurs anywhere in the matrix.",Inspect every row and every value within each row. Output true as soon as a value equals the target. Output false if the whole matrix is scanned without a match.,fast_offsets,False,28,28,35,34,True,1.0979580359588212,1.2163648009300232,0.6712899725680632,37.330573222599924,1.257757874096141,1.4331525564193726,0.7716454287780312,42.7637677192688,0.631429956678082,0.5427614748477936,0.9804016737376943,0.29411764705882354,0.11764705882352941,3,1,0.770991185905807,0.8464433749516805,0.9411764705882353,1.9083388153128051
insertion_sort_descending__python__v1,insertion_sort_descending,insertion_sort,python,1,"Given a list of numbers, sort it in descending order using insertion sort and return the sorted copy.","def insertion_sort_descending(values):
    result = values[:]
    for index in range(1, len(result)):
        current = result[index]
        position = index - 1
        while position >= 0 and result[position] < current:
            result[position + 1] = result[position]
            position -= 1
        result[position + 1] = current
    return result",fast_offsets,False,32,32,97,96,True,0.12860620475610082,0.013807473704218864,0.26496755648248593,12.346195656585678,0.13161185377422177,0.013922023121267557,0.2716541645295185,12.63473796232529,0.9576978196079532,0.9982492923736572,0.9997307049731413,0.875,0.65625,41,14,0.18719596524825696,0.19105854174689932,1.0,0.2708762353304443
is_strictly_increasing__nl__v1,is_strictly_increasing,monotonicity,nl,1,"Given a list of numbers, determine whether it is strictly increasing.","Examine each adjacent pair from left to right. If an earlier value is greater than or equal to the following value, return false. Return true if every pair increases.",fast_offsets,False,23,23,35,34,True,0.9643071725252358,0.8668176233768463,0.6172436140117303,32.78644386585802,1.0512738243457587,0.8986173570156097,0.6843850019226573,35.7433100277558,0.6869302628671422,0.7595300078392029,0.9896368664853713,0.20588235294117646,0.11764705882352941,2,2,0.6720726246748007,0.7010583836359509,0.9705882352941176,1.6085395884309786
count_words__python__v3,count_words,word_count,python,3,"Given a string containing words separated by whitespace, count the words.","def count_words(element):
    entry = element.split()
    return len(entry)",fast_offsets,False,23,23,22,21,True,0.5688590425776229,0.2232215404510498,0.5818733661524049,11.946039894130081,0.6346679687766092,0.23323333263397217,0.6614860706514264,13.328027344308794,0.8180734273933229,0.9480366706848145,0.9926960581824893,0.5238095238095238,0.19047619047619047,4,3,0.653459855588153,0.7416378841735423,0.9047619047619048,1.279962976061229
fibonacci_first_n__python__v1,fibonacci_first_n,fibonacci,python,1,"Given a nonnegative integer n, return the first n Fibonacci values starting with zero and one.","def fibonacci_first_n(n):
    a = 0
    b = 1
    result = []
    for _ in range(n):
        result.append(a)
        a, b = b, a + b
    return result",fast_offsets,False,32,32,60,59,True,0.220004381723919,0.011482477188110352,0.4047677894912675,12.980258521711221,0.2424268166130602,0.012620493769645691,0.4631889995458947,14.303182180170552,0.9255221258785765,0.9986611604690552,0.9975552387156729,0.7966101694915254,0.576271186440678,28,15,0.2634071043004073,0.28764160809554723,1.0,0.2891906361473957
dedupe_first__nl__v2,dedupe_first,deduplication,nl,2,"Given a list, remove duplicate values while keeping the first occurrence of each value.","Begin with an empty result list. Inspect the input values in order. When the current value is not already in the result, add it. Output the result after the scan.",fast_offsets,False,26,26,36,35,True,1.068416877702943,1.085758090019226,0.6724571064815653,37.394590719603,1.20408345349133,1.220078945159912,0.7991201787872821,42.142920872196555,0.6503780965294157,0.6213598847389221,0.9822327528681074,0.2857142857142857,0.02857142857142857,3,1,0.8127518901601434,0.9427326853003573,0.9142857142857143,1.8023724373612953
count_primes_up_to__python__v3,count_primes_up_to,primality,python,3,"Given a nonnegative integer n, count how many prime numbers are at most n.","def count_primes_up_to(result):
    entry = 0
    for element in range(2, result + 1):
        n_count = True
        x = 2
        while x * x <= element:
            if element % x == 0:
                n_count = False
                break
            x += 1
        if n_count:
            entry += 1
    return entry",fast_offsets,False,27,27,97,96,True,0.407304452392206,0.14513973146677017,0.5690349942535868,39.10122742965177,0.48111225801888696,0.16261685639619827,0.7489676654622062,46.18677676981315,0.8754503509650627,0.9734465181827545,0.9897031914442778,0.6875,0.3645833333333333,22,6,0.43920092598847604,0.544137349775012,0.96875,0.804247517302656
linear_last_index__nl__v1,linear_last_index,linear_search,nl,1,"Given a list and a target, return the index of the last target occurrence or minus one if absent.","Start a saved index at minus one. Examine the list from left to right. Whenever a value equals the target, replace the saved index with the current index. Return the saved index after the scan.",fast_offsets,False,31,31,43,42,True,1.1648432225698517,1.4109598994255066,0.7653072512328525,48.92341534793377,1.4198501597025566,1.5864831805229187,0.9618582017181422,59.63370670750737,0.6514408545834678,0.5974602997303009,0.9646870749337333,0.21428571428571427,0.07142857142857142,3,1,0.656441538072214,0.8745814429187193,0.9761904761904762,1.5266270144022114
count_even_digits__python__v2,count_even_digits,digit_count,python,2,"Given a positive integer, count how many of its decimal digits are even.","def count_even_digits(current):
    item = 0
    while current > 0:
        value = current % 10
        if value % 2 == 0:
            item += 1
        current //= 10
    return item",fast_offsets,False,25,25,62,61,True,0.3087400952462915,0.08897291123867035,0.44530097869994933,18.83314581002378,0.33783537395929225,0.08924664556980133,0.5169054712874542,20.607957811516826,0.9095109759784136,0.9849033355712891,0.9965604944307296,0.7540983606557377,0.4262295081967213,17,6,0.3316602120643438,0.37639784808028104,0.9508196721311475,0.7229446920530745
count_vowels__nl__v3,count_vowels,char_count,nl,3,"Given a lowercase string, count how many characters are vowels.","Initialize a counter at zero. Process each character. For any case in which it is one of a, e, i, o, or u, increase the counter by one. Produce the counter.",fast_offsets,False,25,25,42,41,True,0.7458974335785592,0.7886025905609131,0.6170952485109865,30.581794776720926,0.8436156925063852,0.8659226894378662,0.7144110121966928,34.5882433927618,0.7458512855739128,0.8036909103393555,0.9884178711146843,0.36585365853658536,0.1951219512195122,6,4,0.5467473419266753,0.6404527036938816,0.926829268292683,1.6151017378698027
reverse_string__python__v3,reverse_string,reverse_sequence,python,3,"Given a string, create a new string containing the same characters in reverse order.","def reverse_string(x):
    entry = """"
    for element in range(len(x) - 1, -1, -1):
        entry += x[element]
    return entry",fast_offsets,False,26,26,45,44,True,0.29120015001601796,0.11709671467542648,0.4280712767560535,12.81280660070479,0.3117118594071309,0.12815425544977188,0.4585328954842235,13.71532181391376,0.9081357683647763,0.9807444512844086,0.9978661740368063,0.7727272727272727,0.4090909090909091,13,8,0.333071569500621,0.34213079212282155,0.9772727272727273,0.8671785978013676
ordered_intersection__python__v2,ordered_intersection,ordered_intersection,python,2,"Given two lists, return values from the first list that also occur in the second list, preserving duplicates and order from the first list.","def ordered_intersection(item, current):
    value = []
    for output in item:
        if output in current:
            value.append(output)
    return value",fast_offsets,False,38,38,41,40,True,0.6375396921357606,0.271918885409832,0.7929571675357566,25.501587685430422,0.827162536571268,0.27507252991199493,1.1543273496935267,33.08650146285072,0.7954389933496714,0.9359574019908905,0.9695992931723595,0.575,0.3,11,6,0.6558903203441355,0.9395411995311196,0.875,1.3964645760264829
count_primes_up_to__python__v1,count_primes_up_to,primality,python,1,"Given a nonnegative integer n, count how many prime numbers are at most n.","def count_primes_up_to(n):
    count = 0
    for candidate in range(2, n + 1):
        prime = True
        divisor = 2
        while divisor * divisor <= candidate:
            if candidate % divisor == 0:
                prime = False
                break
            divisor += 1
        if prime:
            count += 1
    return count",fast_offsets,False,27,27,96,95,True,0.14800486905616506,0.007583317346870899,0.34651340124609104,14.06046256033568,0.15332516669284718,0.007638783194124699,0.3586037084871949,14.565890835820483,0.9489263236522675,0.9991257190704346,0.9995054295188502,0.8631578947368421,0.7157894736842105,41,27,0.2024254726764646,0.2076571083079061,1.0,0.26584875978868466
contains_target__nl__v3,contains_target,membership_test,nl,3,"Given a list of values and a target, determine whether the target occurs in the list.","Process the values one by one. If the current value equals the target, return true immediately. If the scan finishes without a match, return false.",fast_offsets,False,28,28,31,30,True,0.8591978221355627,0.6854762434959412,0.7060974019931728,25.77593466406688,0.9803210160617406,0.7128043174743652,0.8387345325872358,29.40963048185222,0.7249321093161901,0.8397558331489563,0.9843514343102773,0.43333333333333335,0.13333333333333333,6,1,0.5697557701697124,0.6839426557597672,0.9666666666666667,1.338520660794893
square_values__nl__v3,square_values,element_transform,nl,3,"Given a list of numbers, create a list containing the square of each element.","Initialize an empty result list. Process each input number, multiply it by itself, and append the product to the result. Produce the result.",fast_offsets,False,26,26,30,29,True,0.76118530718417,0.5743499398231506,0.6414171122846971,22.07437390834093,0.8331801900961275,0.5891900062561035,0.7383197848623688,24.1622255127877,0.7474665991191206,0.8445145487785339,0.9909826475998451,0.41379310344827586,0.10344827586206896,4,1,0.6038954041099974,0.6865148098607149,0.9310344827586207,1.8082697545900812
group_by_length__python__v3,group_by_length,grouping,python,3,"Given a list of strings, build a dictionary grouping strings by their length while preserving input order inside each group.","def group_by_length(result):
    element = {}
    for x in result:
        entry = len(x)
        if entry not in element:
            element[entry] = []
        element[entry].append(x)
    return element",fast_offsets,False,33,33,59,58,True,0.3568819131589784,0.07897461950778961,0.5711962088859676,20.699150963220745,0.41064906958892045,0.08928248658776283,0.6884730209717574,23.817646036157385,0.8900818226152453,0.9877954125404358,0.9925512866727237,0.7413793103448276,0.46551724137931033,12,9,0.46622361736208723,0.5458320589621731,0.9482758620689655,0.7995710048354371
matrix_contains__nl__v1,matrix_contains,matrix_search,nl,1,"Given a matrix and a target value, determine whether the target occurs anywhere in the matrix.",Examine every row and every value within each row. Return true as soon as a value equals the target. Return false if the whole matrix is scanned without a match.,fast_offsets,False,28,28,36,35,True,1.0069402835730996,1.1571191549301147,0.6343099887170902,35.242909925058484,1.1328962564734475,1.2339881658554077,0.7222140550305439,39.651368976570666,0.6542195413793837,0.6276561617851257,0.9848238144602094,0.2857142857142857,0.11428571428571428,3,1,0.711843380047118,0.8075911822893164,1.0,1.5387223303351285
count_even__nl__v3,count_even,parity_count,nl,3,"Given a list of integers, count how many values are even.","Initialize a counter at zero. Process every integer. For any case in which the current value is even, increase the counter by one. Produce the counter after all values are processed.",fast_offsets,False,23,23,38,37,True,0.9171477769425994,0.8271753787994385,0.6186082773017862,33.93446774687618,1.050557006402193,0.8568959832191467,0.7526116199236905,38.87060923688114,0.7079867023873974,0.719994306564331,0.98285852735107,0.24324324324324326,0.05405405405405406,2,1,0.650843691960391,0.8046210957691073,0.918918918918919,1.8746517170944277
fibonacci_nth__nl__v2,fibonacci_nth,fibonacci,nl,2,"Given a nonnegative integer n with F0 equal to zero and F1 equal to one, return Fn iteratively.","Begin with the pair zero and one. Repeat n times, replacing the pair with the second value and the sum of the two values. Output the first value.",fast_offsets,False,35,35,33,32,True,1.308123454800807,1.3384830355644226,0.6390453686787123,41.85995055362582,1.6005271337926388,1.4908899068832397,0.9189557345036018,51.21686828136444,0.5566499093547463,0.5344575345516205,0.9567988589406013,0.09375,0.0625,1,1,0.7024776966821763,0.9870356282880229,0.90625,1.9392276802682318
count_digits__nl__v3,count_digits,digit_count,nl,3,"Given a positive integer, count its decimal digits.","Initialize a counter at zero. While the number is positive, remove its last digit using integer division by ten and increase the counter by one. Produce the counter.",fast_offsets,False,20,20,34,33,True,0.8507120052747654,0.7336429357528687,0.6634885318001651,28.07349617406726,0.9401866795890259,0.8461914658546448,0.775230684309103,31.026160426437855,0.7243540332172856,0.7802048325538635,0.9873956351569204,0.30303030303030304,0.09090909090909091,2,1,0.8008571701357141,0.9015834019519389,0.9696969696969697,1.5695281126606984
count_odd__python__v2,count_odd,parity_count,python,2,"Given a list of integers, count how many values are odd.","def count_odd(current):
    item = 0
    for value in current:
        if value % 2 != 0:
            item += 1
    return item",fast_offsets,False,23,23,41,40,True,0.4044668425631244,0.15270240604877472,0.5684181410416241,16.178673702524975,0.44914256657648366,0.15906603634357452,0.6476342377217897,17.965702663059346,0.8830978207290172,0.9709795117378235,0.9948653072118759,0.725,0.225,13,2,0.4225247980286487,0.47221563570798397,0.95,0.929990595280833
count_equal_neighbors__python__v3,count_equal_neighbors,adjacent_analysis,python,3,"Given a list, count how many adjacent pairs contain equal values.","def count_equal_neighbors(x):
    element = 0
    for entry in range(1, len(x)):
        if x[entry] == x[entry - 1]:
            element += 1
    return element",fast_offsets,False,23,23,56,55,True,0.33252114266135985,0.16198338568210602,0.4256304379370956,18.28866284637479,0.3718690916768868,0.16271038353443146,0.5123227949992877,20.452800042228773,0.9042122678323226,0.9695736169815063,0.9953446713360873,0.6909090909090909,0.2545454545454545,10,2,0.39351307293098353,0.4432304445222986,0.9454545454545454,0.901359396283409
product_one_to_n__python__v1,product_one_to_n,factorial_product,python,1,"Given a positive integer n, compute the product of all integers from one through n.","def product_one_to_n(n):
    product = 1
    for value in range(1, n + 1):
        product *= value
    return product",fast_offsets,False,27,27,41,40,True,0.22409022324573016,0.046573396772146225,0.41596118062769727,8.963608929829206,0.24572239309600263,0.05245019681751728,0.47065632254471307,9.828895723840105,0.9225792177021503,0.9931844472885132,0.9976421222090721,0.825,0.575,13,6,0.296288436341386,0.32009871033369564,1.0,0.42190445342137084
are_disjoint__python__v1,are_disjoint,set_relation,python,1,"Given two collections, determine whether they have no value in common.","def are_disjoint(first, second):
    for value in first:
        if value in second:
            return False
    return True",fast_offsets,False,23,23,32,31,True,0.3680693200909563,0.06858757138252258,0.6085569603479516,11.410148922819644,0.4054199729129792,0.0689561739563942,0.6801639947878603,12.568019160302356,0.8915176314692344,0.9896467328071594,0.9955877065658569,0.7741935483870968,0.4838709677419355,18,9,0.34603632253905137,0.3932069824232409,1.0,0.5559857131607244
reverse_integer__python__v3,reverse_integer,numeric_reverse,python,3,"Given a nonnegative integer, reverse the order of its decimal digits.","def reverse_integer(entry):
    x = 0
    while entry > 0:
        element = entry % 10
        x = x * 10 + element
        entry //= 10
    return x",fast_offsets,False,24,24,53,52,True,0.38673426673827077,0.12273748591542244,0.5606010615011936,20.11018187039008,0.43989411460223404,0.12966874986886978,0.6762647790599046,22.87449395931617,0.883233863573808,0.9782437086105347,0.9929971247911453,0.6538461538461539,0.38461538461538464,8,5,0.4428806693382178,0.5147567321295284,0.9423076923076923,0.6817098150142136
clamp_values__python__v1,clamp_values,bounded_numeric_transform,python,1,"Given a list of numbers and lower and upper bounds, clamp each value into the inclusive interval.","def clamp_values(values, lower, upper):
    result = []
    for value in values:
        if value < lower:
            result.append(lower)
        elif value > upper:
            result.append(upper)
        else:
            result.append(value)
    return result",fast_offsets,False,31,31,70,69,True,0.13599354066774022,0.0031754057854413986,0.3281596076972458,9.383554306074075,0.14341962037687536,0.0032514280173927546,0.34411434876940716,9.8959538060044,0.9541906835376353,0.9996614456176758,0.9993024511613707,0.8985507246376812,0.7391304347826086,43,36,0.19966364862867683,0.21079232826688146,1.0,0.15970758062368748
flatten_lists__python__v2,flatten_lists,flatten_one_level,python,2,"Given a list of lists, flatten exactly one level into a single list.","def flatten_lists(value):
    current = []
    for item in value:
        for output in item:
            current.append(output)
    return current",fast_offsets,False,26,26,39,38,True,0.43584651650713857,0.16289732605218887,0.6350570247564329,16.562167627271265,0.49399018366085856,0.1681232675909996,0.733561205869347,18.771626979112625,0.8604211175912305,0.9688616693019867,0.9930156390917929,0.7631578947368421,0.4473684210526316,15,6,0.5301264487458645,0.615301774160282,0.9210526315789473,1.1837728896483128
reverse_list__python__v2,reverse_list,reverse_sequence,python,2,"Given a list, create a new list containing the same values in reverse order.","def reverse_list(current):
    value = []
    for item in range(len(current) - 1, -1, -1):
        value.append(current[item])
    return value",fast_offsets,False,26,26,47,46,True,0.24605344235643986,0.06285569444298744,0.428709394364929,11.318458348396234,0.26134997111132735,0.06547663733363152,0.45685493749181777,12.022098671121057,0.9212866121012232,0.9903776347637177,0.9984087866285573,0.8043478260869565,0.5217391304347826,24,8,0.3047088788977514,0.32049856967965346,0.9565217391304348,0.7512863897446431
numeric_palindrome__python__v3,numeric_palindrome,numeric_reverse,python,3,"Given a nonnegative integer, determine whether its decimal digits form a palindrome.","def numeric_palindrome(entry):
    x = entry
    result = 0
    while entry > 0:
        element = entry % 10
        result = result * 10 + element
        entry //= 10
    return x == result",fast_offsets,False,27,27,62,61,True,0.38011697353482066,0.1672353446483612,0.52448994546295,23.18713538562406,0.44660705984902277,0.16949012875556946,0.6999359262447862,27.243030650790388,0.8873975545656486,0.9705159664154053,0.990493257514766,0.6721311475409836,0.3114754098360656,9,8,0.40936843574024046,0.5062251332055288,0.9344262295081968,0.8991439614984249
invert_unique_map__python__v2,invert_unique_map,dictionary_transform,python,2,"Given a dictionary whose values are unique, return a new dictionary mapping each original value to its original key.","def invert_unique_map(value):
    current = {}
    for item, output in value.items():
        current[output] = item
    return current",fast_offsets,False,31,31,37,36,True,0.513194003860311,0.20088350027799606,0.666795335652454,18.474984138971195,0.5725600800877955,0.22136836498975754,0.7643645350193989,20.612162883160636,0.8248370430535741,0.9614281952381134,0.992475344075097,0.6944444444444444,0.3333333333333333,8,5,0.6891609494308276,0.7839626864796239,0.9444444444444444,1.4765710348454175
digit_product__python__v1,digit_product,digit_aggregate,python,1,"Given a positive integer, compute the product of its decimal digits.","def digit_product(number):
    product = 1
    while number > 0:
        product *= number % 10
        number //= 10
    return product",fast_offsets,False,23,23,43,42,True,0.20711281116954133,0.05499333515763283,0.3348250637351908,8.698738069120736,0.22148229531021138,0.05542603135108948,0.3690754538420059,9.302256403028878,0.9398541989780608,0.9915550947189331,0.9985850027629307,0.8333333333333334,0.5476190476190477,19,5,0.24536312231723015,0.26108287649655787,1.0,0.17867288077484914
gcd_list__nl__v1,gcd_list,gcd_family,nl,1,"Given a non-empty list of nonnegative integers, compute the greatest common divisor of all values.","Use the first value as the current gcd. For each remaining value, repeatedly apply the Euclidean algorithm to combine it with the current gcd. Return the final gcd.",fast_offsets,False,31,31,36,35,True,1.0707578696410305,1.1613891124725342,0.7324513463274909,37.47652543743607,1.246158881877948,1.229932427406311,0.9066564183508974,43.615560865728185,0.6556542971304484,0.5872129201889038,0.9762644478252955,0.2857142857142857,0.14285714285714285,5,1,0.7367907698772957,0.9254369008875287,0.9714285714285714,1.3272495563636766
is_subset__python__v1,is_subset,set_relation,python,1,"Given two collections, determine whether every value in the first collection occurs in the second.","def is_subset(first, second):
    for value in first:
        if value not in second:
            return False
    return True",fast_offsets,False,27,27,32,31,True,0.37131386041085446,0.038306064903736115,0.6124498129213239,11.510729672736488,0.42991733678518945,0.03861941397190094,0.7520769904670948,13.327437440340873,0.8927532333520151,0.994662880897522,0.9915114218188871,0.7096774193548387,0.5483870967741935,19,9,0.32713847345051666,0.39328356535406783,1.0,0.27017372257274297
count_even__nl__v1,count_even,parity_count,nl,1,"Given a list of integers, count how many values are even.","Start a counter at zero. Examine every integer. Whenever the current value is even, increase the counter by one. Return the counter after all values are processed.",fast_offsets,False,23,23,35,34,True,0.8331795576412011,0.7264764904975891,0.6314396010434691,28.32810495980084,0.9060217064038357,0.7460756301879883,0.6982095451121698,30.804738017730415,0.7245843787403667,0.7802480459213257,0.9912748757530662,0.3235294117647059,0.029411764705882353,3,1,0.666787501424551,0.7424907086586411,0.9705882352941176,1.6148607131018413
insertion_sort_ascending__python__v2,insertion_sort_ascending,insertion_sort,python,2,"Given a list of numbers, sort it in ascending order using insertion sort and return the sorted copy.","def insertion_sort_ascending(counter):
    output = counter[:]
    for value in range(1, len(output)):
        item = output[value]
        current = value - 1
        while current >= 0 and output[current] > item:
            output[current + 1] = output[current]
            current -= 1
        output[current + 1] = item
    return output",fast_offsets,False,32,32,97,96,True,0.2578057627020864,0.07560311257839203,0.4422443848700937,24.74935321940029,0.2830487541776184,0.07664462551474571,0.5212774498870301,27.172680401051366,0.9193587430442373,0.9879117012023926,0.996648226554195,0.7916666666666666,0.4791666666666667,17,11,0.2904836930384734,0.32765307795709403,0.9791666666666666,0.6117308055356881
is_subset__nl__v2,is_subset,set_relation,nl,2,"Given two collections, determine whether every value in the first collection occurs in the second.","Inspect each value in the first collection. If any value is absent from the second collection, output false. Output true if every value is present.",fast_offsets,False,27,27,30,29,True,0.9350108716572667,0.8556443452835083,0.6331300281780745,27.115315278060734,1.0532603654368171,0.8889731764793396,0.7249460818856087,30.544550597667694,0.6917191877447325,0.6555815935134888,0.9862169582268288,0.3103448275862069,0.06896551724137931,4,2,0.6481726772950164,0.6685446530048337,0.9655172413793104,1.2216007031243423
merge_sorted_ascending__nl__v1,merge_sorted_ascending,merge_sorted,nl,1,"Given two lists sorted in ascending order, merge them into one ascending list.",Create an empty result and place one index at the start of each list. Repeatedly append the smaller current value and advance its index. Append any remaining values and return the result.,fast_offsets,False,27,27,38,37,True,1.1064371304410334,1.0435667037963867,0.6693180956698584,40.938173826318234,1.2953931702854666,1.118391752243042,0.8346949304500064,47.92954730056226,0.6623308968705099,0.6729018688201904,0.9733168772748999,0.21621621621621623,0.05405405405405406,2,2,0.7120749341168752,0.8587494454243116,0.972972972972973,1.7234663089762468
list_palindrome__python__v3,list_palindrome,palindrome_test,python,3,"Given a list, determine whether its values read the same forward and backward.","def list_palindrome(x):
    element = 0
    entry = len(x) - 1
    while element < entry:
        if x[element] != x[entry]:
            return False
        element += 1
        entry -= 1
    return True",fast_offsets,False,26,26,65,64,True,0.3982209484890973,0.16173547506332397,0.576264221306858,25.486140703302226,0.46605804510227244,0.17217549681663513,0.7499929516694536,29.827714886545436,0.885900619905442,0.9705389440059662,0.9894283656030893,0.734375,0.390625,21,8,0.4228603610078738,0.5297298440552641,0.96875,0.6554761784663725
lcm_two__nl__v1,lcm_two,lcm_family,nl,1,"Given two positive integers, compute their least common multiple using their greatest common divisor.","Compute the greatest common divisor with the Euclidean algorithm, then divide one input by that gcd and multiply by the other input. Return the product.",fast_offsets,False,27,27,32,31,True,0.8852248567592113,0.89061039686203,0.6609554775675706,27.441970559535548,1.0280983493843627,1.0292483568191528,0.7767183075598177,31.871048830915242,0.7220256386264678,0.7449139952659607,0.9829906744341697,0.3548387096774194,0.1935483870967742,3,3,0.778388318248714,0.8991605629213154,1.0,1.4824289484569173
transpose_matrix__nl__v2,transpose_matrix,matrix_transform,nl,2,"Given a non-empty rectangular matrix, return its transpose.","Build an empty result. For every column index, build a new row by taking that column value from each original row. Add each new row and output the result.",fast_offsets,False,24,24,33,32,True,1.3520606411620975,1.2656762599945068,0.6705120522689796,43.26594051718712,1.674515864579007,1.5617944598197937,0.9358345289967142,53.584507666528225,0.593919871840626,0.6349051296710968,0.9500697944313288,0.09375,0.03125,2,1,0.7331057921532662,1.0628159166343751,1.0,2.1769115637871437
string_palindrome__python__v1,string_palindrome,palindrome_test,python,1,"Given a string, determine whether it reads the same forward and backward.","def string_palindrome(text):
    left = 0
    right = len(text) - 1
    while left < right:
        if text[left] != text[right]:
            return False
        left += 1
        right -= 1
    return True",fast_offsets,False,25,25,65,64,True,0.2119072338711021,0.02636274043470621,0.4159939543529982,13.562062967750535,0.22926753886451934,0.02652100194245577,0.4633641692609368,14.673122487329238,0.9347070306539536,0.9962806403636932,0.9979994222521782,0.84375,0.609375,28,9,0.23927340664626431,0.258196733435311,1.0,0.2666639138803859
absolute_values__nl__v3,absolute_values,element_transform,nl,3,"Given a list of numbers, create a list containing the absolute value of each element.","Initialize an empty result list. Process each input number, compute its absolute value, and append that value to the result. Produce the result.",fast_offsets,False,27,27,30,29,True,0.7590911751934166,0.6778227090835571,0.685612706115995,22.013644080609083,0.823782091285905,0.7189420461654663,0.778318806748677,23.889680647291243,0.7449603866914223,0.7869939804077148,0.9913010001182556,0.41379310344827586,0.1724137931034483,4,2,0.632736307302756,0.7191060683690012,0.9310344827586207,1.845239240455377
first_negative_index__python__v2,first_negative_index,first_match_index,python,2,"Given a list of numbers, return the index of the first negative value, or minus one if none exists.","def first_negative_index(current):
    for item, value in enumerate(current):
        if value < 0:
            return item
    return -1",fast_offsets,False,32,32,37,36,True,0.25913768900015083,0.08903748914599419,0.38158218363282925,9.32895680400543,0.280841735275721,0.09188235551118851,0.41233557119690883,10.110302469925955,0.923219807446003,0.985877513885498,0.997928304804696,0.8333333333333334,0.4444444444444444,22,8,0.2589957347605377,0.279782985237294,0.9722222222222222,0.9013434914320695
ordered_intersection__python__v3,ordered_intersection,ordered_intersection,python,3,"Given two lists, return values from the first list that also occur in the second list, preserving duplicates and order from the first list.","def ordered_intersection(element, x):
    entry = []
    for result in element:
        if result in x:
            entry.append(result)
    return entry",fast_offsets,False,38,38,41,40,True,0.5694958706677425,0.1596483290195465,0.7985430348592213,22.779834826709703,0.7451118690893054,0.1649239957332611,1.1403394116240222,29.804474763572216,0.8231186116114259,0.9672454595565796,0.9712952837347985,0.675,0.3,20,6,0.6878331694632578,0.9533344408353934,0.875,1.3650536113527778
filter_nonnegative__python__v1,filter_nonnegative,sign_filter,python,1,"Given a list of numbers, create a new list containing only values greater than or equal to zero.","def filter_nonnegative(values):
    result = []
    for value in values:
        if value >= 0:
            result.append(value)
    return result",fast_offsets,False,30,30,42,41,True,0.23219233815715842,0.026752512902021408,0.43653972572575805,9.519885864443495,0.2442154851614316,0.027451567351818085,0.4609687175197626,10.012834891618695,0.9233229058544811,0.9967321157455444,0.9987641209509315,0.8048780487804879,0.6829268292682927,23,20,0.32774118373126837,0.3402881454763701,1.0,0.41159776949142524
scan_max__nl__v3,scan_max,scan_extremum,nl,3,"Given a non-empty list of numbers, find the largest value by scanning the list once.","Set the first value as the current maximum. Process each remaining value. If a value is larger than the current maximum, replace the current maximum with it. Produce the current maximum after the scan.",fast_offsets,False,30,30,40,39,True,1.0024717664107299,1.0558881759643555,0.6768741635510869,39.09639889001846,1.0735957752435634,1.0989320278167725,0.7477339269123441,41.87023523449898,0.6447335580984751,0.5762414336204529,0.9911021773631756,0.28205128205128205,0.07692307692307693,5,1,0.728104788221811,0.7970756857018721,0.9487179487179487,1.3397126879710226
contains_target__python__v3,contains_target,membership_test,python,3,"Given a list of values and a target, determine whether the target occurs in the list.","def contains_target(x, element):
    for entry in x:
        if entry == element:
            return True
    return False",fast_offsets,False,28,28,31,30,True,0.45578063481176895,0.08432726934552193,0.6390691466450146,13.673419044353068,0.49307085913605986,0.08689898252487183,0.7047083711650647,14.792125774081796,0.8498793909947078,0.9863647818565369,0.9957054356733958,0.7,0.4666666666666667,18,7,0.3854982449897918,0.4210844834431492,0.9,1.0059590348585818
insertion_sort_ascending__python__v1,insertion_sort_ascending,insertion_sort,python,1,"Given a list of numbers, sort it in ascending order using insertion sort and return the sorted copy.","def insertion_sort_ascending(values):
    result = values[:]
    for index in range(1, len(result)):
        current = result[index]
        position = index - 1
        while position >= 0 and result[position] > current:
            result[position + 1] = result[position]
            position -= 1
        result[position + 1] = current
    return result",fast_offsets,False,32,32,97,96,True,0.14707451090017307,0.019234351813793182,0.305063928228198,14.119153046416614,0.15448961556206106,0.01941313687711954,0.32834389365693933,14.831003093957861,0.9548335910464326,0.9974895417690277,0.9992211951563755,0.8645833333333334,0.6666666666666666,41,14,0.20185033581855302,0.21394308574326715,1.0,0.3368453275003865
chunks_pairs__python__v2,chunks_pairs,chunking,python,2,"Given a list, split it into consecutive chunks containing at most two elements.","def chunks_pairs(current):
    item = []
    for value in range(0, len(current), 2):
        item.append(current[value:value + 2])
    return item",fast_offsets,False,26,26,49,48,True,0.46870842101391946,0.1580040231347084,0.5934002973556523,22.498004208668135,0.544367276216993,0.17280709743499756,0.7502427226967593,26.12962925841566,0.8623111490160227,0.9734247028827667,0.989255660523971,0.6041666666666666,0.3125,5,3,0.5400470080934069,0.6377002904241151,0.9583333333333334,1.1140298056141849
matrix_row_sums__nl__v3,matrix_row_sums,matrix_aggregate,nl,3,"Given a matrix of numbers, return a list containing the sum of each row.","Initialize an empty result list. For each row, start a row total at zero, add every value in the row, and append the row total. Produce the result.",fast_offsets,False,26,26,36,35,True,0.807303401189191,0.7634241580963135,0.5656872243759945,28.255619041621685,0.8734306767582893,0.774793267250061,0.6344510049471525,30.570073686540127,0.7315034014838082,0.7757068276405334,0.992323510987418,0.3142857142857143,0.02857142857142857,3,1,0.5413283526020891,0.6130965505452717,0.9428571428571428,2.078938936867884
insertion_sort_ascending__nl__v3,insertion_sort_ascending,insertion_sort,nl,3,"Given a list of numbers, sort it in ascending order using insertion sort and return the sorted copy.","Copy the list. Starting with the second element, shift larger earlier values one position right until the current value can be inserted in order. Produce the copy.",fast_offsets,False,32,32,32,31,True,1.137017274095166,1.1113206148147583,0.6222756512804903,35.24753549695015,1.3167533139067311,1.277714729309082,0.7682130620086978,40.819352731108665,0.6415148348577561,0.6659002900123596,0.9756913204346934,0.22580645161290322,0.0,3,0,0.5783622354269028,0.6884684671958288,0.9032258064516129,2.444934358099295
keep_letters__nl__v2,keep_letters,string_filter,nl,2,"Given a string, return a new string containing only alphabetic characters.","Begin with an empty result string. Inspect each character. If it is alphabetic, add it to the result. Output the result.",fast_offsets,False,26,26,30,29,True,0.6342483759568683,0.6111752986907959,0.5329128572122114,18.39320290274918,0.7381768163598689,0.6343907117843628,0.6683676411284359,21.407127674436197,0.8069197833538055,0.8595305681228638,0.9874638730082018,0.4482758620689655,0.20689655172413793,4,3,0.5540691284861948,0.6455039285688794,0.9310344827586207,1.2239632141768355
dedupe_last__python__v2,dedupe_last,deduplication,python,2,"Given a list, remove duplicate values while keeping the last occurrence of each value and preserving the order of those kept occurrences.","def dedupe_last(current):
    item = []
    for value in reversed(current):
        if value not in item:
            item.append(value)
    item.reverse()
    return item",fast_offsets,False,36,36,49,48,True,0.42533586820961017,0.10297392681241035,0.660853655755578,20.416121674061287,0.5119769532254091,0.11315033584833145,0.8633802901268078,24.57489375481964,0.8661776095007857,0.9837110340595245,0.9869850501418114,0.6875,0.4166666666666667,16,8,0.511437711313347,0.6240803547874787,0.9583333333333334,0.8955136238535412
bubble_sort_ascending__nl__v2,bubble_sort_ascending,bubble_sort,nl,2,"Given a list of numbers, sort it in ascending order using bubble sort and return the sorted copy.","Copy the input list. Repeatedly scan adjacent pairs and swap them when the left value is greater than the right value. After enough passes, output the copy.",fast_offsets,False,32,32,34,33,True,1.005959609611609,1.078359603881836,0.6848001370074214,33.1966671171831,1.1302100174326561,1.1297096014022827,0.7857068467888716,37.296930575277656,0.6771403844609405,0.6546200513839722,0.9838800032933553,0.30303030303030304,0.15151515151515152,3,2,0.7624122307970538,0.8415678894089069,0.9090909090909091,2.042708725811363
selection_sort_ascending__python__v3,selection_sort_ascending,selection_sort,python,3,"Given a list of numbers, sort it in ascending order using selection sort and return the sorted copy.","def selection_sort_ascending(n_count):
    result = n_count[:]
    for x in range(len(result)):
        element = x
        for entry in range(x + 1, len(result)):
            if result[entry] < result[element]:
                element = entry
        result[x], result[element] = result[element], result[x]
    return result",fast_offsets,False,31,31,93,92,True,0.2842892221567087,0.06738770380616188,0.45973028175970077,26.1546084384172,0.31169592480886343,0.06810073927044868,0.5296842300566149,28.676025082415435,0.9054051482159159,0.9887327551841736,0.996483225537383,0.7391304347826086,0.4782608695652174,25,12,0.32715934294609833,0.36875505499659456,0.9565217391304348,0.7676573498378888
frequency_map_chars__nl__v1,frequency_map_chars,frequency_map,nl,1,"Given a string, build a dictionary mapping each character to its occurrence count.","Start with an empty dictionary. Examine each character. If it is already a key, increase its count; otherwise create the key with count one. Return the dictionary.",fast_offsets,False,25,25,35,34,True,0.8172460496425629,0.7703113555908203,0.5201596246844806,27.786365687847137,0.9101649310220691,0.7932342290878296,0.6294715080087461,30.945607654750347,0.7479187048533383,0.7806016802787781,0.9889728444464067,0.2647058823529412,0.029411764705882353,2,1,0.580190102259318,0.67736729889205,0.9705882352941176,1.4416856235578
binary_to_integer__nl__v3,binary_to_integer,base_conversion,nl,3,"Given a string of binary digits, convert it to a nonnegative integer.","Initialize the result at zero. Process the digits from left to right, doubling the result and adding the numeric value of the current digit. Produce the result.",fast_offsets,False,25,25,34,33,True,0.9420859765624768,1.0232295989990234,0.7228564278256422,31.088837226561736,1.0825809064165999,1.0815234184265137,0.9017341976755228,35.7251699117478,0.6891271661628376,0.7003840208053589,0.979283433971983,0.3333333333333333,0.12121212121212122,3,1,0.7596568264598318,0.9420935562957311,0.9090909090909091,1.8822227921006165
filter_negative__nl__v2,filter_negative,sign_filter,nl,2,"Given a list of numbers, create a new list containing only negative values.","Begin with an empty result list. Inspect every number. If a number is less than zero, add it to the result. Output the result after processing the input.",fast_offsets,False,25,25,34,33,True,0.7266649958875143,0.49038004875183105,0.6555454207267621,23.979944864287972,0.8150055870752443,0.5400893092155457,0.7947859615078979,26.895184373483062,0.7752891223539006,0.898465096950531,0.9873799284299215,0.48484848484848486,0.09090909090909091,5,1,0.7571277891984209,0.875253121019341,0.9696969696969697,1.7314623763730086
first_even_index__nl__v1,first_even_index,first_match_index,nl,1,"Given a list of integers, return the index of the first even value, or minus one if none exists.","Examine the list from the beginning while tracking the current index. When an even value is encountered, return its index. If the end is reached with no match, return minus one.",fast_offsets,False,32,32,38,37,True,0.7955833987861469,0.6365030407905579,0.645128077774022,29.436585755087435,0.8827649547491927,0.7196719646453857,0.7668795333651184,32.66230332572013,0.7332774598050762,0.8396493792533875,0.9880949564882227,0.3783783783783784,0.08108108108108109,5,1,0.6091202463851206,0.7000641261434389,1.0,1.2481284757188797
least_frequent__nl__v1,least_frequent,mode_selection,nl,1,"Given a non-empty list, return a value with the lowest occurrence count, choosing the first such value on ties.",Build occurrence counts. Then scan the original list while tracking the best value and lowest count seen. Replace the best only when a strictly lower count is found. Return the best value.,fast_offsets,False,35,35,36,35,True,1.416628645147596,1.3873947858810425,0.6384227072553608,49.58200258016586,1.836585181100028,1.8307030200958252,0.8646990997768371,64.28048133850098,0.5614098915031978,0.5784400701522827,0.9392972520419529,0.02857142857142857,0.0,1,0,0.549666099688586,0.7406596681650948,0.9142857142857143,2.2262446158698626
digit_sum__nl__v1,digit_sum,digit_aggregate,nl,1,"Given a nonnegative integer, compute the sum of its decimal digits.","Start a total at zero. While the number is positive, add its last decimal digit to the total and remove that digit using integer division by ten. Return the total.",fast_offsets,False,24,24,34,33,True,0.9966916353865103,0.9572910070419312,0.6454258332550847,32.89082396775484,1.1127143136479638,1.0157240629196167,0.7698971547092474,36.719572350382805,0.6630852687539477,0.6936801671981812,0.9841547536127495,0.2727272727272727,0.030303030303030304,2,1,0.8234724919311702,0.9596244106069207,1.0,1.4367699459279804
minmax_normalize__nl__v2,minmax_normalize,bounded_numeric_transform,nl,2,"Given a non-empty list of numbers with distinct minimum and maximum values, scale each value into the interval from zero to one using min-max normalization.","Find the minimum and maximum values. Build an empty result list. For each value, subtract the minimum and divide by the difference between maximum and minimum, then add the result. Output the list.",fast_offsets,False,42,42,39,38,True,0.8663940753199553,0.8432787358760834,0.5970470792667184,32.9229748621583,1.0361732035679252,0.9215385317802429,0.8009274468312684,39.37458173558116,0.7290471831434652,0.7674778997898102,0.977621925504584,0.2894736842105263,0.05263157894736842,2,2,0.767803328061426,0.9650630074981097,0.9736842105263158,1.4489925239467993
count_words__nl__v1,count_words,word_count,nl,1,"Given a string containing words separated by whitespace, count the words.",Split the string on whitespace and return the number of resulting words.,fast_offsets,False,23,23,13,12,True,0.9387337422619263,1.0148104429244995,0.6662676090612439,11.264804907143116,0.9845797762585183,1.0543866753578186,0.6811252776817648,11.81495731510222,0.6795022288958231,0.6661592423915863,0.9953950643539429,0.3333333333333333,0.16666666666666666,1,1,0.8212610442530025,0.8343626921149817,1.0,1.05057596534607
fibonacci_first_n__nl__v2,fibonacci_first_n,fibonacci,nl,2,"Given a nonnegative integer n, return the first n Fibonacci values starting with zero and one.","Begin with zero and one and an empty result list. Repeat n times, add the current first value, then replace the pair with the second value and their sum. Output the result.",fast_offsets,False,32,32,38,37,True,1.2302415588417568,1.0464270114898682,0.6401383026413849,45.518937677145004,1.4603767513826087,1.1995084285736084,0.8215065062455077,54.03393980115652,0.6129405659598273,0.6466454267501831,0.9675655397208961,0.10810810810810811,0.02702702702702703,1,1,0.741855295168029,0.973434948672851,0.918918918918919,2.3593217062109426
rotate_left_one__nl__v1,rotate_left_one,rotation,nl,1,"Given a non-empty list, rotate it left by one position.","Create an empty result list. Append every element except the first in original order, then append the original first element. Return the result.",fast_offsets,False,24,24,27,26,True,0.9172796543974143,0.7236016392707825,0.6718294497196915,23.84927101433277,1.1096919293587024,0.7928920388221741,0.8949617591823719,28.851990163326263,0.7113900780677795,0.813256174325943,0.9725325061724737,0.34615384615384615,0.0,2,0,0.7826176643371582,1.0435645043849946,1.0,1.9071679633970444
count_equal_neighbors__python__v2,count_equal_neighbors,adjacent_analysis,python,2,"Given a list, count how many adjacent pairs contain equal values.","def count_equal_neighbors(current):
    item = 0
    for value in range(1, len(current)):
        if current[value] == current[value - 1]:
            item += 1
    return item",fast_offsets,False,23,23,56,55,True,0.3659028058469465,0.1754399985074997,0.4613328738862394,20.124654321582057,0.41628342327577145,0.1764446496963501,0.579391985801737,22.89558828016743,0.8981710666959936,0.9657187461853027,0.9936042232946916,0.6727272727272727,0.2727272727272727,10,2,0.4309293933480081,0.5017559138057684,0.9636363636363636,0.9366107777484103
moving_average_three__python__v3,moving_average_three,sliding_window,python,3,"Given a list of numbers, return the average of every consecutive window of three values.","def moving_average_three(result):
    x = []
    for entry in range(len(result) - 2):
        element = (result[entry] + result[entry + 1] + result[entry + 2]) / 3
        x.append(element)
    return x",fast_offsets,False,27,27,70,69,True,0.4009850144958245,0.10987050831317902,0.6033022580967694,27.66796600021189,0.45370293366621534,0.11434335261583328,0.7301366352084403,31.305502422968857,0.8710420693176381,0.9821573495864868,0.9923718476641006,0.7101449275362319,0.42028985507246375,23,11,0.47185720437761014,0.5557098703027483,0.9420289855072463,0.7106551950876736
matrix_contains__python__v1,matrix_contains,matrix_search,python,1,"Given a matrix and a target value, determine whether the target occurs anywhere in the matrix.","def matrix_contains(matrix, target):
    for row in matrix:
        for value in row:
            if value == target:
                return True
    return False",fast_offsets,False,28,28,38,37,True,0.30068495715464894,0.03969823569059372,0.5085254782799246,11.12534341472201,0.327495080805887,0.03995613008737564,0.5682030052600591,12.11731798981782,0.9035423414127247,0.9945400357246399,0.9969299773912172,0.7837837837837838,0.5675675675675675,18,8,0.28964196498660993,0.31662259672561455,1.0,0.23909578490614924
first_negative_index__nl__v3,first_negative_index,first_match_index,nl,3,"Given a list of numbers, return the index of the first negative value, or minus one if none exists.","Process the list from the beginning while tracking the current index. Whenever a negative value is encountered, return its index. If the end is reached with no match, return minus one.",fast_offsets,False,32,32,37,36,True,0.8215053007782748,0.7243748307228088,0.6564186111864528,29.57419082801789,0.9274210707776042,0.792472779750824,0.8144607615066632,33.38715854799375,0.7296598441898823,0.7939122021198273,0.9849440703789393,0.3888888888888889,0.08333333333333333,4,1,0.6051883525614228,0.7209440943651966,0.9722222222222222,1.2820744912153006
main_diagonal_sum__python__v2,main_diagonal_sum,diagonal_aggregate,python,2,"Given a square matrix, calculate the sum of its main diagonal.","def main_diagonal_sum(value):
    current = 0
    for item in range(len(value)):
        current += value[item][item]
    return current",fast_offsets,False,23,23,42,41,True,0.3776437181343393,0.12156736105680466,0.5866926291982657,15.48339244350791,0.43140313451791684,0.13026750087738037,0.7206939692273149,17.68752851523459,0.8893934444683355,0.9776350259780884,0.9921826109653566,0.7317073170731707,0.4146341463414634,14,6,0.47945731664076446,0.5656348141375929,0.9512195121951219,0.9443277608938287
frequency_map_items__python__v2,frequency_map_items,frequency_map,python,2,"Given a list of hashable values, build a dictionary mapping each value to its occurrence count.","def frequency_map_items(current):
    item = {}
    for value in current:
        if value in item:
            item[value] += 1
        else:
            item[value] = 1
    return item",fast_offsets,False,29,29,54,53,True,0.33932193376690606,0.04955029860138893,0.6390238745948668,17.98406248964602,0.40194776432011015,0.05403236299753189,0.8025530999912541,21.303231508965837,0.8984267680712466,0.99346923828125,0.9904634761360457,0.8113207547169812,0.6037735849056604,28,16,0.5207320339686703,0.6272053676735735,0.9811320754716981,0.8996232043572027
list_palindrome__python__v1,list_palindrome,palindrome_test,python,1,"Given a list, determine whether its values read the same forward and backward.","def list_palindrome(values):
    left = 0
    right = len(values) - 1
    while left < right:
        if values[left] != values[right]:
            return False
        left += 1
        right -= 1
    return True",fast_offsets,False,26,26,65,64,True,0.21452815022354343,0.02973842155188322,0.4444841393167259,13.72980161430678,0.23951107018200446,0.03021094761788845,0.5134141202141732,15.328708491648285,0.9359717885963619,0.9958729445934296,0.9969125166535378,0.875,0.625,34,9,0.2550042778592407,0.2871017656655149,1.0,0.2795771308042845
matrix_row_sums__nl__v2,matrix_row_sums,matrix_aggregate,nl,2,"Given a matrix of numbers, return a list containing the sum of each row.","Build an empty result list. For each row, start a row total at zero, add every value in the row, and add the row total. Output the result.",fast_offsets,False,26,26,34,33,True,1.0083176638140823,1.0550264120101929,0.5828794495821102,33.274482905864716,1.1082571977467248,1.0800974369049072,0.6696960640392272,36.57248752564192,0.6702417532602946,0.6518962383270264,0.9877526778163332,0.18181818181818182,0.0,2,0,0.6075169378891587,0.7099994593299925,0.9696969696969697,2.1428381247220165
ordered_unique_intersection__nl__v1,ordered_unique_intersection,ordered_intersection,nl,1,"Given two lists, return distinct values from the first list that also occur in the second list, preserving first-list order.","Create an empty result. Examine each value in the first list. If it occurs in the second list and is not already in the result, append it. Return the result.",fast_offsets,False,36,36,37,36,True,0.7289049913589325,0.5909841060638428,0.5996155967128429,26.24057968892157,0.8188274207835397,0.6065493226051331,0.6781148715928044,29.477787148207426,0.7716656716333495,0.8312253654003143,0.989639980925454,0.4444444444444444,0.05555555555555555,4,2,0.6072853759995529,0.6787181815930775,0.9722222222222222,1.0168676339477922
least_frequent__python__v2,least_frequent,mode_selection,python,2,"Given a non-empty list, return a value with the lowest occurrence count, choosing the first such value on ties.","def least_frequent(output):
    value = {}
    for current in output:
        value[current] = value.get(current, 0) + 1
    item = output[0]
    for current in output:
        if value[current] < value[item]:
            item = current
    return item",fast_offsets,False,35,35,75,74,True,0.4266929923793902,0.0721958763897419,0.6584029626115736,31.575281436074874,0.4992277089233441,0.07470167055726051,0.8293625618084243,36.94285046032746,0.8640200976987142,0.9886877834796906,0.989644435611931,0.7162162162162162,0.4594594594594595,16,6,0.4651101145527345,0.5618205138423148,0.9594594594594594,0.8373589441691205
reverse_string__nl__v3,reverse_string,reverse_sequence,nl,3,"Given a string, create a new string containing the same characters in reverse order.",Initialize with an empty result string. Process the input from the last position to the first and append each character to the result. Produce the result.,fast_offsets,False,26,26,31,30,True,0.8388447317605218,0.6408705115318298,0.6657378769548707,25.165341952815652,0.9671393059194088,0.6832168996334076,0.8339985825375387,29.014179177582264,0.7329352751374245,0.8260592222213745,0.983115150531133,0.43333333333333335,0.03333333333333333,4,1,0.7738568363390093,0.9463476885495514,0.9,2.027852261935671
minmax_normalize__python__v2,minmax_normalize,bounded_numeric_transform,python,2,"Given a non-empty list of numbers with distinct minimum and maximum values, scale each value into the interval from zero to one using min-max normalization.","def minmax_normalize(counter):
    value = min(counter)
    item = max(counter)
    current = []
    for output in counter:
        current.append((output - value) / (item - value))
    return current",fast_offsets,False,42,42,57,56,True,0.6269793606230191,0.3011067360639572,0.7504989148536807,35.11084419488907,0.7425258977371934,0.3102397471666336,0.9599777036928158,41.581450273282826,0.8037370901022639,0.9374345541000366,0.9830431235688073,0.5714285714285714,0.21428571428571427,7,3,0.6872417192567478,0.8456680701198903,0.9107142857142857,1.1806146471083463
frequency_map_chars__nl__v3,frequency_map_chars,frequency_map,nl,3,"Given a string, build a dictionary mapping each character to its occurrence count.","Initialize with an empty dictionary. Process each character. If it is already a key, increase its count; otherwise create the key with count one. Produce the dictionary.",fast_offsets,False,25,25,35,34,True,0.9205338169327554,0.9421547651290894,0.5987355582718525,31.298149775713682,1.0938836884520509,1.0157290697097778,0.8369718725497116,37.19204540736973,0.7060694023966789,0.7214775681495667,0.9769095953773049,0.23529411764705882,0.058823529411764705,2,1,0.6462093908904176,0.8588664587587118,0.9117647058823529,1.952782906660372
minmax_normalize__nl__v1,minmax_normalize,bounded_numeric_transform,nl,1,"Given a non-empty list of numbers with distinct minimum and maximum values, scale each value into the interval from zero to one using min-max normalization.","Find the minimum and maximum values. Create an empty result list. For each value, subtract the minimum and divide by the difference between maximum and minimum, then append the result. Return the list.",fast_offsets,False,42,42,39,38,True,0.6635320728742763,0.6370747089385986,0.4905300897907276,25.214218769222498,0.7495210273191333,0.6728543639183044,0.6012455741529565,28.481799038127065,0.7971935672195334,0.8570768237113953,0.9898935572097176,0.3684210526315789,0.07894736842105263,2,2,0.6476137759919102,0.7604407060992073,1.0,1.07249347468544
merge_sorted_ascending__python__v1,merge_sorted_ascending,merge_sorted,python,1,"Given two lists sorted in ascending order, merge them into one ascending list.","def merge_sorted_ascending(left_values, right_values):
    result = []
    i = 0
    j = 0
    while i < len(left_values) and j < len(right_values):
        if left_values[i] <= right_values[j]:
            result.append(left_values[i])
            i += 1
        else:
            result.append(right_values[j])
            j += 1
    result.extend(left_values[i:])
    result.extend(right_values[j:])
    return result",fast_offsets,False,27,27,139,138,True,0.1088984042328205,0.0011967155151069164,0.27298489024991607,15.02797978412923,0.11272721928794058,0.0012879724381491542,0.282373372883501,15.5563562617358,0.9617906493553217,0.9998885095119476,0.9996564457381981,0.8985507246376812,0.7681159420289855,47,47,0.11762571522562888,0.11994339128325447,1.0,0.23267417231882823
count_divisors__python__v1,count_divisors,divisors,python,1,"Given a positive integer n, count its positive divisors.","def count_divisors(n):
    count = 0
    for divisor in range(1, n + 1):
        if n % divisor == 0:
            count += 1
    return count",fast_offsets,False,22,22,51,50,True,0.11785347507800907,0.009313905611634254,0.2528465822020072,5.8926737539004534,0.1251928727714403,0.009460660628974438,0.27251820698346474,6.259643638572015,0.9672380304336547,0.9989084005355835,0.999309310913086,0.92,0.66,24,17,0.12495013016480383,0.13183128445294012,1.0,0.13802211872569387
reverse_list__python__v3,reverse_list,reverse_sequence,python,3,"Given a list, create a new list containing the same values in reverse order.","def reverse_list(x):
    entry = []
    for element in range(len(x) - 1, -1, -1):
        entry.append(x[element])
    return entry",fast_offsets,False,26,26,47,46,True,0.2573307560169664,0.06314707174897194,0.4298586501195854,11.837214776780456,0.27291844610717025,0.06331128627061844,0.45386012976192375,12.554248520929832,0.9177097678184509,0.9902617335319519,0.998437172692755,0.8043478260869565,0.5217391304347826,24,8,0.2915443921203001,0.3000172427415641,0.9565217391304348,0.754309640984502
dedupe_first__python__v1,dedupe_first,deduplication,python,1,"Given a list, remove duplicate values while keeping the first occurrence of each value.","def dedupe_first(values):
    result = []
    for value in values:
        if value not in result:
            result.append(value)
    return result",fast_offsets,False,26,26,40,39,True,0.2528617024669448,0.035035256296396255,0.4814051424943741,9.861606396210846,0.2809273315495095,0.03711293637752533,0.5425714559369283,10.95616593043087,0.9182361647104605,0.9952977299690247,0.9967199044349866,0.8205128205128205,0.5897435897435898,23,20,0.2897052100743167,0.32221137993589144,1.0,0.5188900060861786
matrix_find_position__python__v2,matrix_find_position,matrix_search,python,2,"Given a matrix and a target value, return the row and column of the first occurrence in row-major order, or minus one for both if absent.","def matrix_find_position(value, output):
    for current in range(len(value)):
        for item in range(len(value[current])):
            if value[current][item] == output:
                return current, item
    return -1, -1",fast_offsets,False,41,41,62,61,True,0.40893391911016747,0.09640704095363617,0.6327339260598088,24.944969065720215,0.4695772010743328,0.10523878782987595,0.7655395764324066,28.6442092655343,0.8674309138880402,0.9857256412506104,0.9914656838432687,0.7213114754098361,0.39344262295081966,12,6,0.44294575890138127,0.5202956959741035,0.9672131147540983,1.002420119045457
scan_min__nl__v1,scan_min,scan_extremum,nl,1,"Given a non-empty list of numbers, find the smallest value by scanning the list once.","Use the first value as the current minimum. Examine each remaining value. If a value is smaller than the current minimum, replace the current minimum with it. Return the current minimum after the scan.",fast_offsets,False,30,30,41,40,True,0.9639415181241929,0.9335649013519287,0.6855763083576463,38.55766072496772,1.0484617634676396,0.992343008518219,0.7739223777480114,41.93847053870559,0.6671807765960693,0.6516578495502472,0.9892903000116349,0.3,0.075,4,1,0.8629609569907188,0.9560165846577058,0.975,1.0898473161272704
count_odd__nl__v3,count_odd,parity_count,nl,3,"Given a list of integers, count how many values are odd.","Initialize a counter at zero. Process every integer. For any case in which the current value is odd, increase the counter by one. Produce the counter after all values are processed.",fast_offsets,False,23,23,38,37,True,0.913425496829724,0.7980555295944214,0.6236884753427144,33.79674338269979,1.0558637492358685,0.8783665895462036,0.7596557686373648,39.06695872172713,0.7124198324776985,0.7562127709388733,0.9817455201535612,0.24324324324324326,0.05405405405405406,2,1,0.6628480637963448,0.8197245055602657,0.918918918918919,1.85799813932563
matrix_column_sums__nl__v2,matrix_column_sums,matrix_aggregate,nl,2,"Given a non-empty rectangular matrix of numbers, return a list containing the sum of each column.","Build an empty result list. For each column index, start a total at zero, add that column's value from every row, and add the total. Output the result.",fast_offsets,False,31,31,36,35,True,1.2136013932659158,1.3067233562469482,0.6182719843504274,42.47604876430705,1.3614067177138558,1.387341856956482,0.7271843437157683,47.64923511998495,0.6036963249955859,0.6242905259132385,0.9808125512940543,0.14285714285714285,0.02857142857142857,1,1,0.6833291160874069,0.802964133926092,0.9714285714285714,2.1194957215590486
is_prime__nl__v2,is_prime,primality,nl,2,"Given an integer n, determine whether it is prime.",Output false for values below two. Test divisors starting at two while the divisor squared is no greater than n. Output false if any divisor divides n exactly; otherwise output true.,fast_offsets,False,21,21,40,39,True,1.2127437468212194,1.1793205738067627,0.7382918700379424,47.297006126027554,1.4018974888544433,1.3111501932144165,0.9240205177503004,54.67400206532329,0.5910144326014396,0.5875017642974854,0.9724027055960435,0.20512820512820512,0.10256410256410256,2,1,0.8088698232497432,1.0096834106370807,0.9487179487179487,2.0233287668345907
adjacent_differences__python__v1,adjacent_differences,adjacent_transform,python,1,"Given a list of numbers, create a list of differences between each value and its predecessor.","def adjacent_differences(values):
    result = []
    for index in range(1, len(values)):
        result.append(values[index] - values[index - 1])
    return result",fast_offsets,False,30,30,49,48,True,0.2631740258628194,0.05079583823680878,0.47328282190523635,12.63235324141533,0.27505011546956365,0.051396433264017105,0.4991528223244828,13.202405542539054,0.9081471214691798,0.9927915930747986,0.9988015219569206,0.7916666666666666,0.5625,11,5,0.36752624379848986,0.3817408744945808,1.0,0.39267018328051034
partition_by_threshold__nl__v2,partition_by_threshold,partition,nl,2,"Given a list of numbers and a threshold, return two lists: values below the threshold and values at least the threshold, preserving order.",Build two empty result lists. Inspect each number and add it to the below-threshold list or the other list according to the comparison. Output both lists.,fast_offsets,False,38,38,33,32,True,1.0387988980510272,1.0031798481941223,0.6741821991964806,33.24156473763287,1.1666002972924616,1.0886025428771973,0.7942461479335267,37.33120951335877,0.664780683349818,0.6920839250087738,0.9836564492434263,0.25,0.0625,4,1,0.7484529728610669,0.8818133269707041,0.9375,2.0775599980242987
flatten_lists__python__v3,flatten_lists,flatten_one_level,python,3,"Given a list of lists, flatten exactly one level into a single list.","def flatten_lists(entry):
    x = []
    for element in entry:
        for result in element:
            x.append(result)
    return x",fast_offsets,False,26,26,39,38,True,0.4115588813284902,0.08652620390057564,0.6130998216799629,15.639237490482628,0.4732104774417454,0.09417466074228287,0.7295880543735612,17.981998142786324,0.8759561196753853,0.9854170680046082,0.9921874451009851,0.7368421052631579,0.39473684210526316,15,5,0.48957590426544884,0.583160619880702,0.9210526315789473,1.058506112773198
adjacent_differences__nl__v2,adjacent_differences,adjacent_transform,nl,2,"Given a list of numbers, create a list of differences between each value and its predecessor.","Build an empty result list. Starting with the second input value, subtract the preceding value from the current value and add the difference. Output the result.",fast_offsets,False,30,30,30,29,True,0.9143606488560808,0.871220588684082,0.5148956968164048,26.516458816826344,1.0045481473207474,0.8780495524406433,0.6172544420527836,29.131896272301674,0.7112458384242552,0.7453010678291321,0.9888656036607151,0.13793103448275862,0.034482758620689655,1,1,0.6466427865837302,0.7532284930348396,0.9655172413793104,1.9103935244011467
selection_sort_descending__python__v2,selection_sort_descending,selection_sort,python,2,"Given a list of numbers, sort it in descending order using selection sort and return the sorted copy.","def selection_sort_descending(counter):
    output = counter[:]
    for current in range(len(output)):
        item = current
        for value in range(current + 1, len(output)):
            if output[value] > output[item]:
                item = value
        output[current], output[item] = output[item], output[current]
    return output",fast_offsets,False,31,31,89,88,True,0.2745693896524079,0.05798829719424248,0.4331873626335325,24.162106289411895,0.29836532685922895,0.058433184400200844,0.49366405648970574,26.256148763612146,0.9104724848134951,0.9905391931533813,0.9970860054547136,0.7613636363636364,0.5113636363636364,20,13,0.3388914897831842,0.37311517482224704,0.9545454545454546,0.6263009778342931
list_palindrome__python__v2,list_palindrome,palindrome_test,python,2,"Given a list, determine whether its values read the same forward and backward.","def list_palindrome(current):
    item = 0
    value = len(current) - 1
    while item < value:
        if current[item] != current[value]:
            return False
        item += 1
        value -= 1
    return True",fast_offsets,False,26,26,65,64,True,0.39620091348649566,0.15914332121610641,0.5947060357256696,25.356858463135723,0.4700845410122838,0.16702434420585632,0.7929480553388766,30.085410624786164,0.8829822461120784,0.9738649725914001,0.9879942992702127,0.75,0.375,34,8,0.41924223152662826,0.5417774930833802,0.953125,0.728843017509412
sum_negative__python__v3,sum_negative,sign_sum,python,3,"Given a list of numbers, sum only the negative values.","def sum_negative(x):
    element = 0
    for entry in x:
        if entry < 0:
            element += entry
    return element",fast_offsets,False,22,22,37,36,True,0.39942705582102966,0.16629494726657867,0.5575847462949225,14.379374009557068,0.43149447918403894,0.17396454513072968,0.6094104729374777,15.533801250625402,0.8883768932686912,0.9705044329166412,0.9963820377985636,0.75,0.25,20,3,0.4199390713125467,0.44461149336504086,0.9444444444444444,1.035198978976243
lcm_list__nl__v3,lcm_list,lcm_family,nl,3,"Given a non-empty list of positive integers, compute the least common multiple of all values.",Set the first value as the current lcm. Combine each remaining value with the current lcm by computing their gcd and then the corresponding lcm. Produce the final value.,fast_offsets,False,29,29,38,37,True,1.2338400361304347,1.327195167541504,0.7675910547365677,45.652081336826086,1.4520782854131147,1.4711329936981201,0.9470355522724959,53.72689656028524,0.6062785527996115,0.598107099533081,0.9698565892271094,0.21621621621621623,0.13513513513513514,2,1,0.8153995890170336,0.9798696087414606,0.9459459459459459,1.7802334110837783
contains_zero__python__v1,contains_zero,membership_test,python,1,"Given a list of numbers, determine whether zero occurs in the list.","def contains_zero(values):
    for value in values:
        if value == 0:
            return True
    return False",fast_offsets,False,24,24,30,29,True,0.24739045021826692,0.0320613756775856,0.48983789612866635,7.17432305632974,0.2589110034324253,0.033142782747745514,0.5183606174977329,7.508419099540333,0.9223137251262007,0.9959549903869629,0.998796308862752,0.8620689655172413,0.6206896551724138,19,13,0.2757383415321653,0.2875779167609705,1.0,0.3525073247649367
gcd_two__nl__v3,gcd_two,gcd_family,nl,3,"Given two nonnegative integers, compute their greatest common divisor using the Euclidean algorithm.","While the second value is not zero, replace the pair with the second value and the remainder of the first divided by the second. Produce the first value when the second becomes zero.",fast_offsets,False,28,28,38,37,True,1.117740791190315,1.0818537473678589,0.83454280273841,41.35640927404165,1.4148160568564325,1.1865700483322144,1.1562211765717283,52.348194103688,0.6466765063437255,0.719537615776062,0.9547985196113586,0.35135135135135137,0.05405405405405406,4,1,0.8198846946987841,1.0574876755062077,0.918918918918919,1.548088773290589
window_sum_three__python__v1,window_sum_three,sliding_window,python,1,"Given a list of numbers, return the sum of every consecutive window of three values.","def window_sum_three(values):
    result = []
    for index in range(len(values) - 2):
        total = values[index] + values[index + 1] + values[index + 2]
        result.append(total)
    return result",fast_offsets,False,27,27,65,64,True,0.23843022815981385,0.023477468639612198,0.4609872938921344,15.259534602228086,0.26311703504484285,0.02464133594185114,0.5311084464783719,16.839490242869942,0.9216323583386838,0.9970263242721558,0.9969938835129142,0.84375,0.59375,23,20,0.32249970914285986,0.3605709127044224,1.0,0.3681015117496287
chunks_pairs__nl__v1,chunks_pairs,chunking,nl,1,"Given a list, split it into consecutive chunks containing at most two elements.",Create an empty result list. Move a starting index through the input two positions at a time. Append the slice containing that position and the next one if present. Return the result.,fast_offsets,False,26,26,36,35,True,1.1726043590344488,1.401480793952942,0.7084793083417065,41.04115256620571,1.3842530823578791,1.5382049083709717,0.8845682889860397,48.44885788252577,0.6470261369432722,0.6135116219520569,0.9694254057747977,0.22857142857142856,0.05714285714285714,3,2,0.7527514102540034,0.9703960422262111,0.9142857142857143,2.5533345204495292
integer_to_binary__python__v2,integer_to_binary,base_conversion,python,2,"Given a positive integer, return its binary representation as a string without a prefix.","def integer_to_binary(value):
    item = []
    while value > 0:
        item.append(str(value % 2))
        value //= 2
    item.reverse()
    return """".join(item)",fast_offsets,False,26,26,57,56,True,0.3207151635745374,0.08590571209788322,0.4757095248289883,17.960049160174094,0.34960915763388456,0.08639151230454445,0.5395478988913673,19.578112827497534,0.8944902989481177,0.9854536652565002,0.9965925057019506,0.6964285714285714,0.44642857142857145,9,5,0.3653787830209529,0.3975276947063817,0.9821428571428571,0.612171171938696
remove_digits__python__v3,remove_digits,string_filter,python,3,"Given a string, return a new string with all decimal digits removed.","def remove_digits(x):
    entry = """"
    for element in x:
        if not element.isdigit():
            entry += element
    return entry",fast_offsets,False,24,24,38,37,True,0.37629571029164427,0.11636936664581299,0.518238890944679,13.922941280790837,0.4209334158395241,0.12083815038204193,0.5871224754490423,15.574536386062391,0.8798084331525339,0.9805073142051697,0.9948937538507823,0.7027027027027027,0.32432432432432434,6,2,0.49724125105260303,0.5476665184768434,0.9459459459459459,0.871253818775782
count_above__python__v1,count_above,threshold_count,python,1,"Given a list of numbers and a threshold, count the values greater than the threshold.","def count_above(values, threshold):
    count = 0
    for value in values:
        if value > threshold:
            count += 1
    return count",fast_offsets,False,27,27,39,38,True,0.17316986448885904,0.023134153336286545,0.36324769980648564,6.580454850576643,0.18441993611476823,0.02451031468808651,0.3810146621795767,7.007957572361192,0.9516512179060986,0.9969943463802338,0.998982027957314,0.8947368421052632,0.631578947368421,20,17,0.26721399482552,0.27775359905039343,1.0,0.2521712474853135
are_disjoint__python__v2,are_disjoint,set_relation,python,2,"Given two collections, determine whether they have no value in common.","def are_disjoint(item, value):
    for current in item:
        if current in value:
            return False
    return True",fast_offsets,False,23,23,32,31,True,0.5392381388754133,0.253800630569458,0.6347489742539367,16.716382305137813,0.6192714446975339,0.28008028864860535,0.7694803433660347,19.19741478562355,0.8265135788148449,0.9429834485054016,0.989813458534979,0.5806451612903226,0.3225806451612903,11,5,0.4655664165193836,0.570149211337169,0.9032258064516129,1.427970784586749
window_sum_three__python__v3,window_sum_three,sliding_window,python,3,"Given a list of numbers, return the sum of every consecutive window of three values.","def window_sum_three(result):
    entry = []
    for element in range(len(result) - 2):
        x = result[element] + result[element + 1] + result[element + 2]
        entry.append(x)
    return entry",fast_offsets,False,27,27,65,64,True,0.4085633657014114,0.10453060269355774,0.5892767119802113,26.14805540489033,0.47381725098603056,0.12751012295484543,0.734701718425645,30.324304063105956,0.8700130053330213,0.9818166196346283,0.9911189749836922,0.703125,0.4375,20,13,0.45166208861129625,0.5480196546866662,0.96875,0.8321576910559543
transpose_matrix__python__v3,transpose_matrix,matrix_transform,python,3,"Given a non-empty rectangular matrix, return its transpose.","def transpose_matrix(entry):
    result = []
    for element in range(len(entry[0])):
        x = []
        for n_count in entry:
            x.append(n_count[element])
        result.append(x)
    return result",fast_offsets,False,24,24,65,64,True,0.3696190273412867,0.09640317782759666,0.524806968434401,23.65561774984235,0.4256669786700513,0.11073225364089012,0.6249382481289637,27.242686634883285,0.8889693659730256,0.984622985124588,0.9934613071382046,0.71875,0.34375,26,6,0.41109477433132097,0.4743925248317066,0.921875,1.0351038569457387
count_above__python__v2,count_above,threshold_count,python,2,"Given a list of numbers and a threshold, count the values greater than the threshold.","def count_above(output, value):
    item = 0
    for current in output:
        if current > value:
            item += 1
    return item",fast_offsets,False,27,27,39,38,True,0.4408830441626426,0.14283601939678192,0.5542443446819855,16.75355567818042,0.5114621383606726,0.14638538658618927,0.6624290627804237,19.435561257705558,0.8699473072039453,0.9743310511112213,0.9913163106692465,0.6842105263157895,0.2894736842105263,19,5,0.47216766778807584,0.5252089391028307,0.9210526315789473,1.3528132660930599
count_increases__python__v3,count_increases,adjacent_analysis,python,3,"Given a list of numbers, count how many positions contain a value larger than the immediately preceding value.","def count_increases(x):
    element = 0
    for entry in range(1, len(x)):
        if x[entry] > x[entry - 1]:
            element += 1
    return element",fast_offsets,False,30,30,53,52,True,0.3211975326364784,0.09487901628017426,0.42071186589681486,16.702271697096876,0.36252674172562993,0.09816128760576248,0.49591806731291116,18.851390569732757,0.902505022401993,0.9824346601963043,0.9952853150092639,0.7307692307692307,0.34615384615384615,13,3,0.3671463878064042,0.4233851184344887,0.9423076923076923,0.8823055537464615
sum_negative__python__v1,sum_negative,sign_sum,python,1,"Given a list of numbers, sum only the negative values.","def sum_negative(values):
    total = 0
    for value in values:
        if value < 0:
            total += value
    return total",fast_offsets,False,22,22,37,36,True,0.18916730503608253,0.03426668979227543,0.38764411964004764,6.810022981298971,0.195183525643693,0.039349157363176346,0.3960560062292631,7.026606923172949,0.9446883872151375,0.9953808784484863,0.9994675268729528,0.8333333333333334,0.6111111111111112,20,17,0.2581199919979554,0.26195860184629316,1.0,0.24842129219486095
reverse_integer__nl__v1,reverse_integer,numeric_reverse,nl,1,"Given a nonnegative integer, reverse the order of its decimal digits.","Start the reversed value at zero. While the number is positive, take its last digit, append that digit to the reversed value by multiplying by ten and adding, then remove the last input digit. Return the reversed value.",fast_offsets,False,24,24,48,47,True,0.9372145540026472,0.7911974191665649,0.6821863388890747,44.04908403812442,1.0732368003809825,0.8769475817680359,0.8485112503633845,50.442129617906176,0.6959633529186249,0.7087774872779846,0.9807601837401695,0.2978723404255319,0.0851063829787234,3,1,0.7337775204239575,0.9034735978955565,0.9787234042553191,1.5412400043328005
digit_product__nl__v1,digit_product,digit_aggregate,nl,1,"Given a positive integer, compute the product of its decimal digits.","Start a product at one. While the number is positive, multiply the product by its last decimal digit and remove that digit using integer division by ten. Return the product.",fast_offsets,False,23,23,34,33,True,1.0036615293585893,0.9569392800331116,0.6264001423282881,33.12083046883345,1.1340479333743905,0.9985325932502747,0.7565921411813025,37.423581801354885,0.6794377226721157,0.7714905142784119,0.9825455419944994,0.21212121212121213,0.030303030303030304,2,1,0.8652266175486147,1.00184289785102,1.0,1.5778098257230313
moving_average_three__python__v1,moving_average_three,sliding_window,python,1,"Given a list of numbers, return the average of every consecutive window of three values.","def moving_average_three(values):
    result = []
    for index in range(len(values) - 2):
        average = (values[index] + values[index + 1] + values[index + 2]) / 3
        result.append(average)
    return result",fast_offsets,False,27,27,71,70,True,0.25650087211730094,0.029277936555445194,0.5104845869076204,17.955061048211064,0.28001085106968404,0.031677174381911755,0.5786180477537393,19.600759574877884,0.9153050518461636,0.9962885677814484,0.9970522216388158,0.8285714285714286,0.5857142857142857,27,11,0.3517056926022,0.39022094425097853,1.0,0.3030840512931523
count_equal_neighbors__nl__v2,count_equal_neighbors,adjacent_analysis,nl,2,"Given a list, count how many adjacent pairs contain equal values.",Begin a counter at zero. Compare each value after the first with its predecessor. Increase the counter when the two values are equal. Output the counter.,fast_offsets,False,23,23,35,34,True,1.0573654549935942,1.1263434290885925,0.6585701094359159,35.9504254697822,1.1915255222839358,1.2096137404441833,0.7932327305421433,40.51186775765382,0.6609103666508899,0.6509101986885071,0.9819453235934762,0.23529411764705882,0.058823529411764705,4,2,0.7380322932096367,0.8721733157184314,0.9117647058823529,1.6080752965225495
reverse_integer__python__v2,reverse_integer,numeric_reverse,python,2,"Given a nonnegative integer, reverse the order of its decimal digits.","def reverse_integer(value):
    current = 0
    while value > 0:
        item = value % 10
        current = current * 10 + item
        value //= 10
    return current",fast_offsets,False,24,24,53,52,True,0.3633212271656353,0.10250691324472427,0.561576611705648,18.892703812613036,0.4175052170369152,0.10545085743069649,0.7026919139672738,21.71027128591959,0.8929604395077779,0.9828821122646332,0.991901275057059,0.6730769230769231,0.4807692307692308,9,8,0.43342411016483845,0.5138350135633064,0.9615384615384616,0.60786962519102
chunks_fixed_size__python__v3,chunks_fixed_size,chunking,python,3,"Given a list and a positive chunk size, split the list into consecutive chunks of at most that size.","def chunks_fixed_size(result, entry):
    element = []
    for x in range(0, len(result), entry):
        element.append(result[x:x + entry])
    return element",fast_offsets,False,32,32,50,49,True,0.5663692964037775,0.23538736999034882,0.6517334987985489,27.7520955237851,0.6926840607751616,0.23629482090473175,0.8795672385169158,33.94151897798292,0.8154970194612231,0.9468973875045776,0.9823604676188255,0.5918367346938775,0.24489795918367346,8,4,0.6012051127412027,0.7825127613129249,0.9387755102040817,1.1827111795934928
matrix_column_sums__python__v3,matrix_column_sums,matrix_aggregate,python,3,"Given a non-empty rectangular matrix of numbers, return a list containing the sum of each column.","def matrix_column_sums(entry):
    x = []
    for element in range(len(entry[0])):
        n_count = 0
        for result in entry:
            n_count += result[element]
        x.append(n_count)
    return x",fast_offsets,False,31,31,68,67,True,0.41223645480605947,0.11734654009342194,0.622260159606515,27.619842472005985,0.47542843189363176,0.11762720346450806,0.745637191574288,31.853704936873328,0.8725202486141405,0.9833053946495056,0.9915153571029207,0.7611940298507462,0.417910447761194,21,8,0.4847178811733928,0.556348304847702,0.9402985074626866,1.0286773478553641
scan_min__python__v3,scan_min,scan_extremum,python,3,"Given a non-empty list of numbers, find the smallest value by scanning the list once.","def scan_min(x):
    element = x[0]
    for entry in x[1:]:
        if entry < element:
            element = entry
    return element",fast_offsets,False,30,30,41,40,True,0.385899118531961,0.11063475906848907,0.5630482586838668,15.43596474127844,0.42935870953369887,0.11558389663696289,0.6361391533958444,17.174348381347954,0.8839048065245152,0.9824192821979523,0.9948882386088371,0.7,0.45,12,5,0.3697215419692489,0.418284897859662,0.95,0.927446554555354
matrix_column_sums__nl__v1,matrix_column_sums,matrix_aggregate,nl,1,"Given a non-empty rectangular matrix of numbers, return a list containing the sum of each column.","Create an empty result list. For each column index, start a total at zero, add that column's value from every row, and append the total. Return the result.",fast_offsets,False,31,31,36,35,True,1.011995809947257,0.9751228094100952,0.6679473746954304,35.41985334815399,1.110453763166775,0.9863545894622803,0.7691874198522305,38.86588171083713,0.675318911245891,0.740433931350708,0.9873708554676601,0.3142857142857143,0.02857142857142857,3,1,0.6541509591120035,0.775377110547304,1.0,1.8478431808057003
dedupe_last__python__v1,dedupe_last,deduplication,python,1,"Given a list, remove duplicate values while keeping the last occurrence of each value and preserving the order of those kept occurrences.","def dedupe_last(values):
    result = []
    for value in reversed(values):
        if value not in result:
            result.append(value)
    result.reverse()
    return result",fast_offsets,False,36,36,49,48,True,0.30127319143321074,0.04986785352230072,0.5559533722340844,14.461113188794116,0.3401116156840847,0.05249597877264023,0.6613296465749738,16.325357552836067,0.9053378878161311,0.9930537939071655,0.9946041988829771,0.75,0.5208333333333334,16,11,0.3865616022896497,0.45644125973798355,1.0,0.3981837522048295
selection_sort_descending__nl__v3,selection_sort_descending,selection_sort,nl,3,"Given a list of numbers, sort it in descending order using selection sort and return the sorted copy.","Copy the list. For each position, find the largest value in the remaining suffix and swap it into the current position. Produce the copy.",fast_offsets,False,31,31,29,28,True,1.1824836263965284,1.1851163506507874,0.6280318558082841,33.10954153910279,1.3882425632327795,1.4123672842979431,0.8105766420428284,38.870791770517826,0.6359619311988354,0.6464798748493195,0.9714449707950864,0.14285714285714285,0.10714285714285714,1,1,0.6288983863261011,0.7345600851156093,0.9285714285714286,1.8468497820597674
absolute_values__python__v3,absolute_values,element_transform,python,3,"Given a list of numbers, create a list containing the absolute value of each element.","def absolute_values(x):
    element = []
    for entry in x:
        element.append(abs(entry))
    return element",fast_offsets,False,27,27,33,32,True,0.36097833179155714,0.08483006805181503,0.49777156762490826,11.551306617329828,0.3848422944720369,0.08677075803279877,0.5279281960582897,12.31495342310518,0.8886880623176694,0.9864567518234253,0.9975923784077168,0.75,0.4375,11,7,0.49241460325767195,0.5145700326069228,0.9375,1.1615563135445655
merge_sorted_descending__nl__v2,merge_sorted_descending,merge_sorted,nl,2,"Given two lists sorted in descending order, merge them into one descending list.",Build an empty result and place one index at the start of each list. Repeatedly add the larger current value and advance its index. Add any remaining values and output the result.,fast_offsets,False,27,27,38,37,True,1.1987632048140104,1.2577979564666748,0.6546878715199451,44.354238578118384,1.4559249388104356,1.388940453529358,0.8720825585885893,53.86922273598611,0.6328314542770386,0.62298184633255,0.9628516371185715,0.16216216216216217,0.05405405405405406,2,2,0.7805315644687248,0.9814639008707471,0.972972972972973,2.122807754850254
dedupe_first__python__v3,dedupe_first,deduplication,python,3,"Given a list, remove duplicate values while keeping the first occurrence of each value.","def dedupe_first(x):
    element = []
    for entry in x:
        if entry not in element:
            element.append(entry)
    return element",fast_offsets,False,26,26,40,39,True,0.36455164113058114,0.07835279405117035,0.5902654750764208,14.217514004092664,0.4223225384902878,0.09346410632133484,0.6959446600723878,16.470579001121223,0.8894946116667527,0.9888967275619507,0.9926349291434655,0.7948717948717948,0.4358974358974359,23,8,0.434282527917898,0.4865443901109852,0.9230769230769231,1.0861761476001284
count_character__python__v1,count_character,char_count,python,1,"Given a string and a character, count how many times that character appears.","def count_character(text, target):
    count = 0
    for char in text:
        if char == target:
            count += 1
    return count",fast_offsets,False,25,25,39,38,True,0.2119838021960612,0.03287199232727289,0.3162536111283552,8.055384483450325,0.22256149906158834,0.033363768830895424,0.3330928204546012,8.457336964340357,0.9329508833195034,0.9951511919498444,0.9990452214291221,0.7631578947368421,0.6052631578947368,20,17,0.20815168819358773,0.21860999808956655,1.0,0.32294657294829976
linear_last_index__python__v3,linear_last_index,linear_search,python,3,"Given a list and a target, return the index of the last target occurrence or minus one if absent.","def linear_last_index(n_count, x):
    element = -1
    for entry, result in enumerate(n_count):
        if result == x:
            element = entry
    return element",fast_offsets,False,31,31,48,47,True,0.5696778132114559,0.316633015871048,0.6344493821534605,26.77485722093843,0.6807025627262812,0.3385597765445709,0.819129871063529,31.993020448135212,0.8193250019499596,0.9384948015213013,0.9853104340269211,0.5531914893617021,0.1702127659574468,10,2,0.5485998597502223,0.7119246093536039,0.8723404255319149,1.6680599637168578
are_disjoint__nl__v1,are_disjoint,set_relation,nl,1,"Given two collections, determine whether they have no value in common.","Examine each value in the first collection. If any value occurs in the second collection, return false. Return true if no common value is found.",fast_offsets,False,23,23,31,30,True,0.9678388553361098,0.8885194659233093,0.5781976971208233,29.035165660083294,1.0763160586357117,0.9831612706184387,0.6425852812109444,32.28948175907135,0.6744572420914968,0.6994443833827972,0.9879982233047485,0.23333333333333334,0.03333333333333333,2,1,0.5868471352190807,0.634692370891571,1.0,1.020115074981004
scan_max__nl__v1,scan_max,scan_extremum,nl,1,"Given a non-empty list of numbers, find the largest value by scanning the list once.","Use the first value as the current maximum. Examine each remaining value. If a value is larger than the current maximum, replace the current maximum with it. Return the current maximum after the scan.",fast_offsets,False,30,30,41,40,True,0.9626989334821701,0.9651054441928864,0.692116388639988,38.507957339286804,1.0514707596972586,1.0425275564193726,0.7906581921407555,42.05883038789034,0.6763825453817844,0.6730046272277832,0.9884809359908104,0.3,0.075,4,1,0.8558884247755393,0.9593291179491923,0.975,1.0927067204727792
remove_digits__python__v2,remove_digits,string_filter,python,2,"Given a string, return a new string with all decimal digits removed.","def remove_digits(current):
    value = """"
    for item in current:
        if not item.isdigit():
            value += item
    return value",fast_offsets,False,24,24,38,37,True,0.3662954573330746,0.10974891483783722,0.5149234259445138,13.552931921323761,0.41604234940904145,0.11919722706079483,0.6086684401989979,15.393566928134533,0.8844330512188576,0.9805468320846558,0.9939144592027407,0.7297297297297297,0.35135135135135137,10,4,0.5123999339347292,0.5788318290643575,0.9459459459459459,0.858082108925914
flatten_pairs__nl__v1,flatten_pairs,flatten_one_level,nl,1,"Given a list of two-element pairs, flatten the pairs into one list in pair order.",Create an empty result list. Examine each pair in order and append its first value followed by its second value. Return the result.,fast_offsets,False,30,30,28,27,True,0.7940553214952901,0.6915704607963562,0.5806131775836587,21.439493680372834,0.8901253324691896,0.7365182042121887,0.6854852390198101,24.03338397666812,0.7562505735291375,0.8337925672531128,0.9880190579979508,0.2962962962962963,0.07407407407407407,4,1,0.5445210823359398,0.6487839110195637,0.9629629629629629,1.5060868452872254
insertion_sort_ascending__nl__v1,insertion_sort_ascending,insertion_sort,nl,1,"Given a list of numbers, sort it in ascending order using insertion sort and return the sorted copy.","Copy the list. Starting with the second element, shift larger earlier values one position right until the current value can be inserted in order. Return the copy.",fast_offsets,False,32,32,31,30,True,1.1239045103391012,1.2040624618530273,0.5883667462624773,33.717135310173035,1.2920080780982972,1.335703730583191,0.7244122833270202,38.760242342948914,0.6456435471773148,0.6273180544376373,0.9776632845401764,0.23333333333333334,0.0,3,0,0.5484248070881285,0.6505767918866256,0.9333333333333333,2.0934449745963017
product_one_to_n__python__v3,product_one_to_n,factorial_product,python,3,"Given a positive integer n, compute the product of all integers from one through n.","def product_one_to_n(element):
    entry = 1
    for x in range(1, element + 1):
        entry *= x
    return entry",fast_offsets,False,27,27,41,40,True,0.4138114917324856,0.13574371486902237,0.5439480775210496,16.552459669299424,0.46486220890656116,0.1404830366373062,0.6372471957605763,18.594488356262445,0.8651784501969815,0.9738194346427917,0.9939685881137847,0.675,0.35,6,2,0.5007742742219796,0.5676007576477833,0.95,1.037002406080137
window_sum_three__nl__v2,window_sum_three,sliding_window,nl,2,"Given a list of numbers, return the sum of every consecutive window of three values.","Build an empty result list. For each starting index that leaves three values available, add those three values and add the sum. Output the result.",fast_offsets,False,27,27,29,28,True,1.4155852773359843,1.3402088284492493,0.6237605772179429,39.63638776540756,1.6787770688533783,1.553205132484436,0.8332402808661568,47.00575792789459,0.545928630977869,0.5860292613506317,0.9608154318162373,0.07142857142857142,0.0,1,0,0.7299199148460671,0.9901656530521534,0.9642857142857143,2.4510311908753857
bubble_sort_descending__python__v1,bubble_sort_descending,bubble_sort,python,1,"Given a list of numbers, sort it in descending order using bubble sort and return the sorted copy.","def bubble_sort_descending(values):
    result = values[:]
    for end in range(len(result) - 1, 0, -1):
        for index in range(end):
            if result[index] < result[index + 1]:
                result[index], result[index + 1] = result[index + 1], result[index]
    return result",fast_offsets,False,32,32,92,91,True,0.15432347092540682,0.014138776808977127,0.3117967874355343,14.04343585421202,0.15910032044098943,0.014483233913779259,0.32204102992373457,14.478129160130038,0.9460048868760957,0.9981985092163086,0.9995493286258572,0.8791208791208791,0.6263736263736264,49,16,0.2170690220867881,0.2220314228854325,1.0,0.30680622844209765
ordered_unique_intersection__nl__v3,ordered_unique_intersection,ordered_intersection,nl,3,"Given two lists, return distinct values from the first list that also occur in the second list, preserving first-list order.","Initialize an empty result. Process each value in the first list. If it occurs in the second list and is not already in the result, append it. Produce the result.",fast_offsets,False,36,36,37,36,True,0.7078482200805511,0.6254878342151642,0.5934922602943884,25.482535922899842,0.7765971374594502,0.7062013745307922,0.6425786043720118,27.95749694854021,0.7600865455137359,0.8106019496917725,0.992511553896798,0.4166666666666667,0.1388888888888889,4,3,0.638667586765119,0.7040371941668647,0.9444444444444444,1.2897503434150066
main_diagonal_sum__python__v3,main_diagonal_sum,diagonal_aggregate,python,3,"Given a square matrix, calculate the sum of its main diagonal.","def main_diagonal_sum(entry):
    x = 0
    for element in range(len(entry)):
        x += entry[element][element]
    return x",fast_offsets,False,23,23,42,41,True,0.3827283470891416,0.15524497628211975,0.5588855816685196,15.691862230654806,0.4274891884543183,0.15998372435569763,0.6481579749510881,17.527056726627052,0.8829862057435803,0.9732483625411987,0.9943573562110343,0.7073170731707317,0.36585365853658536,10,3,0.4350227643968537,0.4966803770978004,0.9512195121951219,0.9540881880292124
flatten_pairs__python__v1,flatten_pairs,flatten_one_level,python,1,"Given a list of two-element pairs, flatten the pairs into one list in pair order.","def flatten_pairs(pairs):
    result = []
    for pair in pairs:
        result.append(pair[0])
        result.append(pair[1])
    return result",fast_offsets,False,30,30,46,45,True,0.16219850695003213,0.011454163119196892,0.3113079283961789,7.2989328127514455,0.17407132195609545,0.012744572013616562,0.333834322218246,7.833209488024295,0.9532988276746538,0.9986448884010315,0.9988921827740139,0.8666666666666667,0.6222222222222222,19,10,0.23770189755867416,0.2521673347017151,1.0,0.11050536392764722
flatten_pairs__nl__v2,flatten_pairs,flatten_one_level,nl,2,"Given a list of two-element pairs, flatten the pairs into one list in pair order.",Build an empty result list. Inspect each pair in order and add its first value followed by its second value. Output the result.,fast_offsets,False,30,30,27,26,True,0.9819352846735945,1.0005576014518738,0.5929756075048096,25.530317401513457,1.1335045905927053,1.1166782975196838,0.7223943430347489,29.471119355410337,0.690611950480021,0.6919196546077728,0.9810601747952975,0.2692307692307692,0.07692307692307693,4,1,0.5776104517281055,0.7393775001168251,0.9230769230769231,2.0225824907672805
list_divisors__python__v2,list_divisors,divisors,python,2,"Given a positive integer n, return all positive divisors of n in increasing order.","def list_divisors(value):
    current = []
    for item in range(1, value + 1):
        if value % item == 0:
            current.append(item)
    return current",fast_offsets,False,27,27,50,49,True,0.26422911431647517,0.07294473052024841,0.4334119769550891,12.947226601507282,0.2993857314999035,0.07438527047634125,0.521482987404711,14.66990084349527,0.9254065028258732,0.9885635375976562,0.9958809942615275,0.8163265306122449,0.46938775510204084,22,14,0.24494449168196297,0.28591601544394507,0.9795918367346939,0.6834402917334881
factorial_iterative__nl__v1,factorial_iterative,factorial_product,nl,1,"Given a nonnegative integer n, compute n factorial iteratively.",Start a product at one. Multiply it by every integer from two through n. Return the final product.,fast_offsets,False,24,24,23,22,True,0.9406206116122617,1.0946084260940552,0.5910637139437421,20.693653455469757,1.0601099756207655,1.1745483875274658,0.6930585672444288,23.322419463656843,0.680249042131684,0.6078899800777435,0.9853048568422144,0.36363636363636365,0.09090909090909091,2,2,0.7574377625382372,0.8971124331333807,1.0,1.631186829439354
scan_max__python__v2,scan_max,scan_extremum,python,2,"Given a non-empty list of numbers, find the largest value by scanning the list once.","def scan_max(current):
    item = current[0]
    for value in current[1:]:
        if value > item:
            item = value
    return item",fast_offsets,False,30,30,41,40,True,0.41765761814313007,0.12064418196678162,0.5645101998876711,16.706304725725204,0.4700046030804515,0.1253732666373253,0.6501760892795398,18.80018412321806,0.8674128875136375,0.9809587597846985,0.9938350766897202,0.65,0.475,12,8,0.4310874954486887,0.494863120552439,0.95,0.9981034409633139
count_unique_words__python__v2,count_unique_words,word_count,python,2,"Given a string containing words separated by whitespace, count the distinct words.","def count_unique_words(item):
    current = item.split()
    value = set(current)
    return len(value)",fast_offsets,False,24,24,32,31,True,0.5859088044493429,0.3390565514564514,0.5983581640278143,18.16317293792963,0.6501504526203198,0.39744675159454346,0.6882276438458051,20.154664031229913,0.8128140895597397,0.9133399724960327,0.992580525336727,0.5161290322580645,0.1935483870967742,5,3,0.6031026603033145,0.7054450351124009,0.9032258064516129,1.327890660107744
first_even_index__nl__v2,first_even_index,first_match_index,nl,2,"Given a list of integers, return the index of the first even value, or minus one if none exists.","Inspect the list from the beginning while tracking the current index. If an even value is encountered, output its index. When the end is reached with no match, output minus one.",fast_offsets,False,32,32,37,36,True,0.9455281543648906,0.8827332258224487,0.6711900721015869,34.03901355713606,1.0708744189598494,0.9310998022556305,0.8241832693945912,38.55147908255458,0.696309762282504,0.7007846832275391,0.9827406621641583,0.2777777777777778,0.05555555555555555,2,1,0.6782057136297226,0.8220076452408518,0.9722222222222222,1.563924396494662
bubble_sort_ascending__python__v1,bubble_sort_ascending,bubble_sort,python,1,"Given a list of numbers, sort it in ascending order using bubble sort and return the sorted copy.","def bubble_sort_ascending(values):
    result = values[:]
    for end in range(len(result) - 1, 0, -1):
        for index in range(end):
            if result[index] > result[index + 1]:
                result[index], result[index + 1] = result[index + 1], result[index]
    return result",fast_offsets,False,32,32,92,91,True,0.16372016109183749,0.013033665716648102,0.32735152895317793,14.89853465935721,0.17083917322071393,0.01353571005165577,0.3445152874545887,15.546364763084966,0.9459025375135652,0.9985734820365906,0.9992965191275209,0.8681318681318682,0.6153846153846154,49,15,0.2136057823598296,0.22330161318784827,1.0,0.36855527497484863
count_increases__python__v2,count_increases,adjacent_analysis,python,2,"Given a list of numbers, count how many positions contain a value larger than the immediately preceding value.","def count_increases(current):
    item = 0
    for value in range(1, len(current)):
        if current[value] > current[value - 1]:
            item += 1
    return item",fast_offsets,False,30,30,53,52,True,0.3819799565753783,0.14672647416591644,0.5059452479175761,19.862957741919672,0.4521472073947035,0.1471182405948639,0.6500501514963491,23.51165478452458,0.88886341968408,0.9725464284420013,0.9911752285865637,0.7115384615384616,0.3076923076923077,13,3,0.4338984249910687,0.5385374410920228,0.9615384615384616,0.8810220254011326
transpose_matrix__nl__v3,transpose_matrix,matrix_transform,nl,3,"Given a non-empty rectangular matrix, return its transpose.","Initialize an empty result. For every column index, build a new row by taking that column value from each original row. Place each new row and return the result.",fast_offsets,False,24,24,34,33,True,1.2478228717139273,1.26944899559021,0.6642712887394637,41.1781547665596,1.4555153074589642,1.365065574645996,0.8286666173038102,48.03200514614582,0.6154176055481939,0.6329725980758667,0.9703526840065465,0.15151515151515152,0.0,1,0,0.8149298960343003,1.0366468792781234,0.8787878787878788,2.221673948746739
count_words__python__v1,count_words,word_count,python,1,"Given a string containing words separated by whitespace, count the words.","def count_words(text):
    words = text.split()
    return len(words)",fast_offsets,False,23,23,22,21,True,0.28504213431525777,0.10243590921163559,0.4503162749018597,5.985884820620413,0.30173430205849444,0.11093351244926453,0.46951438795513956,6.336420343228383,0.9110987640562511,0.9820506572723389,0.9985271663892836,0.8095238095238095,0.47619047619047616,7,4,0.41108197549619946,0.42586817748087924,1.0,0.15911926389283812
linear_first_index__python__v1,linear_first_index,linear_search,python,1,"Given a list and a target, return the index of the first target occurrence or minus one if absent.","def linear_first_index(values, target):
    for index, value in enumerate(values):
        if value == target:
            return index
    return -1",fast_offsets,False,31,31,38,37,True,0.33439364604576416,0.06010940298438072,0.5173853902667213,12.372564903693274,0.3856647890470167,0.0622771680355072,0.6237067034212703,14.269597194739617,0.900638563407434,0.9909935593605042,0.9938209362932153,0.7297297297297297,0.5135135135135135,21,16,0.3154345400204572,0.3789834735572286,0.972972972972973,0.6702532872645738
contains_target__python__v2,contains_target,membership_test,python,2,"Given a list of values and a target, determine whether the target occurs in the list.","def contains_target(current, item):
    for value in current:
        if value == item:
            return True
    return False",fast_offsets,False,28,28,31,30,True,0.4136218438856304,0.0937449112534523,0.6347655755237588,12.408655316568911,0.46376668152709805,0.09691226854920387,0.7307567143851816,13.91300044581294,0.8723072578509649,0.9850006103515625,0.9938193400700887,0.7333333333333333,0.36666666666666664,15,7,0.40456326819699384,0.44801984024073543,0.9333333333333333,0.9941046438645571
bubble_sort_ascending__python__v2,bubble_sort_ascending,bubble_sort,python,2,"Given a list of numbers, sort it in ascending order using bubble sort and return the sorted copy.","def bubble_sort_ascending(output):
    current = output[:]
    for item in range(len(current) - 1, 0, -1):
        for value in range(item):
            if current[value] > current[value + 1]:
                current[value], current[value + 1] = current[value + 1], current[value]
    return current",fast_offsets,False,32,32,92,91,True,0.25885666049272094,0.03582938015460968,0.45961137322155,23.555956104837605,0.2774912642866644,0.03690342977643013,0.5061778422774221,25.251705050086457,0.9114948522586089,0.9953031539916992,0.997831689787435,0.7802197802197802,0.5824175824175825,23,19,0.3225463849166974,0.34818928718587916,0.967032967032967,0.6440003619524752
is_nondecreasing__python__v3,is_nondecreasing,monotonicity,python,3,"Given a list of numbers, determine whether it is in nondecreasing order.","def is_nondecreasing(entry):
    for element in range(1, len(entry)):
        if entry[element - 1] > entry[element]:
            return False
    return True",fast_offsets,False,27,27,46,45,True,0.24900517331617367,0.050035323947668076,0.40634925703731645,11.205232799227815,0.2641347921660377,0.05062400549650192,0.43932457727946134,11.886065647471696,0.9213322182496388,0.9927493333816528,0.9984056962860955,0.8,0.5111111111111111,16,11,0.29438559828717686,0.3104120092942718,0.9777777777777777,0.6363481472835701
count_even__python__v2,count_even,parity_count,python,2,"Given a list of integers, count how many values are even.","def count_even(current):
    item = 0
    for value in current:
        if value % 2 == 0:
            item += 1
    return item",fast_offsets,False,23,23,41,40,True,0.38033361405250615,0.12947022542357445,0.5672731602944577,15.213344562100247,0.4220434238552116,0.1363682746887207,0.6431114954860195,16.881736954208463,0.8911473773419857,0.9773109555244446,0.9952298551797867,0.775,0.3,21,6,0.3780185865262189,0.42492114363285977,0.95,0.9214843822983312
anti_diagonal_sum__nl__v1,anti_diagonal_sum,diagonal_aggregate,nl,1,"Given a square matrix, calculate the sum of its anti-diagonal.","Start a total at zero. For every row index, add the element whose column index is the mirrored position from the right. Return the total.",fast_offsets,False,26,26,30,29,True,1.3925453069908866,1.312516689300537,0.698470343307237,40.38381390273571,1.623145185667893,1.5014327764511108,0.9007158768703118,47.0712103843689,0.5609564673284004,0.6174217462539673,0.9638567361338385,0.1724137931034483,0.034482758620689655,2,1,0.8086546010204724,1.0573720932006836,0.9655172413793104,1.9722564396416318
binary_search_insertion__python__v3,binary_search_insertion,binary_search,python,3,"Given an ascending sorted list and a target value, return the index where the target could be inserted while preserving order.","def binary_search_insertion(n_count, result):
    entry = 0
    element = len(n_count)
    while entry < element:
        x = (entry + element) // 2
        if n_count[x] < result:
            entry = x + 1
        else:
            element = x
    return entry",fast_offsets,False,35,35,82,81,True,0.44924543578217935,0.2197963297367096,0.607546902985059,36.388880298356526,0.5432903791542804,0.22480057179927826,0.8227067892003147,44.006520711496705,0.852600025266041,0.9490167498588562,0.986733505755295,0.6419753086419753,0.3333333333333333,12,4,0.4682966685286374,0.6031836309288338,0.9259259259259259,0.9885243803463608
window_sum_three__python__v2,window_sum_three,sliding_window,python,2,"Given a list of numbers, return the sum of every consecutive window of three values.","def window_sum_three(output):
    value = []
    for item in range(len(output) - 2):
        current = output[item] + output[item + 1] + output[item + 2]
        value.append(current)
    return value",fast_offsets,False,27,27,65,64,True,0.3749965763872751,0.08785038068890572,0.5522542297157979,23.999780888785608,0.43106852570963383,0.11293239891529083,0.6776694489337352,27.588385645416565,0.8841869086027145,0.9854225218296051,0.9926022095605731,0.703125,0.46875,20,13,0.43550193306457785,0.5187840137948533,0.96875,0.7454017101858881
first_negative_index__nl__v1,first_negative_index,first_match_index,nl,1,"Given a list of numbers, return the index of the first negative value, or minus one if none exists.","Examine the list from the beginning while tracking the current index. When a negative value is encountered, return its index. If the end is reached with no match, return minus one.",fast_offsets,False,32,32,38,37,True,0.7812015871089455,0.6559592485427856,0.6161930587552321,28.904458723030984,0.8595290922534626,0.7268251180648804,0.7259373137773351,31.80257641337812,0.7349773959533589,0.8442802429199219,0.9895824725563461,0.35135135135135137,0.05405405405405406,4,1,0.5646382550088068,0.6467540227911539,0.972972972972973,1.290502151573467
count_even_digits__nl__v3,count_even_digits,digit_count,nl,3,"Given a positive integer, count how many of its decimal digits are even.","Initialize a counter at zero. While the number is positive, inspect the last digit, increase the counter if it is even, then remove the digit using integer division by ten. Produce the counter.",fast_offsets,False,25,25,41,40,True,1.051638473244384,1.0034518241882324,0.694944697841046,42.06553892977536,1.1721313154324888,1.0699332356452942,0.8340735216052543,46.88525261729956,0.6500278018414974,0.6282146275043488,0.9824686408042907,0.275,0.025,2,1,0.8854051728565724,1.0284708679104462,0.95,1.6940039998735301
filter_nonnegative__python__v3,filter_nonnegative,sign_filter,python,3,"Given a list of numbers, create a new list containing only values greater than or equal to zero.","def filter_nonnegative(x):
    element = []
    for entry in x:
        if entry >= 0:
            element.append(entry)
    return element",fast_offsets,False,30,30,42,41,True,0.36750216996183666,0.09682150185108185,0.5572219499339734,15.067588968435302,0.3984627219757474,0.09806881844997406,0.6048237570556707,16.336971601005644,0.8897520616287138,0.9865396618843079,0.996647282344539,0.7804878048780488,0.4878048780487805,23,7,0.42302002067444844,0.44987244459334763,0.9512195121951219,1.0193721699280305
count_below__nl__v3,count_below,threshold_count,nl,3,"Given a list of numbers and a threshold, count the values less than the threshold.","Initialize a counter at zero. Process every value. For any case in which the current value is less than the threshold, increase the counter by one. Produce the counter.",fast_offsets,False,27,27,36,35,True,0.7552823290228844,0.7501890659332275,0.5467207217024488,26.434881515800953,0.8514103051008922,0.7951940298080444,0.645263579032165,29.79936067853123,0.7593480552945818,0.8099766969680786,0.9886185305459159,0.2857142857142857,0.05714285714285714,2,1,0.5599987245000461,0.6463086400728892,0.9142857142857143,1.7352216585406235
factorial_iterative__python__v1,factorial_iterative,factorial_product,python,1,"Given a nonnegative integer n, compute n factorial iteratively.","def factorial_iterative(n):
    product = 1
    for value in range(2, n + 1):
        product *= value
    return product",fast_offsets,False,24,24,39,38,True,0.1584290013711564,0.02125526499003172,0.2941630226438342,6.020302052103943,0.16574502471197966,0.021434232592582703,0.3078780399659649,6.298310939055227,0.9456587386758704,0.9972110688686371,0.9993431772056379,0.8421052631578947,0.6578947368421053,13,9,0.2388795434701417,0.24026820249186917,1.0,0.5254475973306757
chunks_fixed_size__nl__v2,chunks_fixed_size,chunking,nl,2,"Given a list and a positive chunk size, split the list into consecutive chunks of at most that size.","Build an empty result list. Move a starting index through the input in steps equal to the chunk size. At each step, add the corresponding slice. Output the result.",fast_offsets,False,32,32,34,33,True,1.0585293187336489,0.869186520576477,0.6528240117330537,34.93146751821041,1.3124030909755013,0.943580150604248,0.8591981038951969,43.309302002191544,0.6839017511317225,0.7495943903923035,0.9645791126020027,0.21212121212121213,0.0,1,0,0.9224433163180947,1.2235286105424166,0.9090909090909091,2.2246103873194167
is_prime__nl__v3,is_prime,primality,nl,3,"Given an integer n, determine whether it is prime.",Produce false for values below two. Test divisors starting at two while the divisor squared is no greater than n. Produce false if any divisor divides n exactly; otherwise return true.,fast_offsets,False,21,21,42,41,True,1.1385765704496695,1.09405517578125,0.7397098907778116,46.68163938843645,1.3630519545773363,1.202416181564331,0.9636123414545688,55.885130137670785,0.6186886936789606,0.6096561551094055,0.9674895463920221,0.21951219512195122,0.0975609756097561,2,1,0.7933104801806621,1.011882772273384,0.926829268292683,2.1298907517843095
selection_sort_ascending__nl__v1,selection_sort_ascending,selection_sort,nl,1,"Given a list of numbers, sort it in ascending order using selection sort and return the sorted copy.","Copy the list. For each position, find the smallest value in the remaining suffix and swap it into the current position. Return the copy.",fast_offsets,False,31,31,28,27,True,1.0560422607318118,1.060337781906128,0.5912998618310311,28.51314103975892,1.2215859480202198,1.1909699440002441,0.7444944331591972,32.982820596545935,0.6766032184715625,0.6861738562583923,0.9780089965573063,0.18518518518518517,0.1111111111111111,2,1,0.6012852372458348,0.6878878752199503,0.9629629629629629,1.5219994312566187
matrix_row_sums__python__v3,matrix_row_sums,matrix_aggregate,python,3,"Given a matrix of numbers, return a list containing the sum of each row.","def matrix_row_sums(element):
    entry = []
    for x in element:
        result = 0
        for n_count in x:
            result += n_count
        entry.append(result)
    return entry",fast_offsets,False,26,26,56,55,True,0.4317191730761393,0.135399729013443,0.5837380417124683,23.74455451918766,0.4930730009663173,0.14248931407928467,0.691991124672334,27.11901505314745,0.8591334196654233,0.977624237537384,0.9922847617756236,0.6909090909090909,0.34545454545454546,20,7,0.5340052372775972,0.6196737794153806,0.9454545454545454,1.3022123692570444
count_below__nl__v1,count_below,threshold_count,nl,1,"Given a list of numbers and a threshold, count the values less than the threshold.","Start a counter at zero. Examine every value. Whenever the current value is less than the threshold, increase the counter by one. Return the counter.",fast_offsets,False,27,27,33,32,True,0.7048343231435865,0.5890007019042969,0.6097367440639733,22.55469834059477,0.7740718374843709,0.6313750147819519,0.6934852323010752,24.77029879949987,0.781554636079818,0.8445622622966766,0.9916700273752213,0.4375,0.0625,3,1,0.6431919653569499,0.7216970897730319,0.96875,1.3724199684365885
scan_min__nl__v2,scan_min,scan_extremum,nl,2,"Given a non-empty list of numbers, find the smallest value by scanning the list once.","Take the first value as the current minimum. Inspect each remaining value. If a value is smaller than the current minimum, replace the current minimum with it. Output the current minimum after the scan.",fast_offsets,False,30,30,40,39,True,1.0107866778778725,1.011465311050415,0.7128023002705137,39.420680437237024,1.0907173849737797,1.0787138938903809,0.7775100261707694,42.53797801397741,0.6497758710995699,0.6296599507331848,0.9901528602991349,0.28205128205128205,0.07692307692307693,4,1,0.8973221310267323,0.9603939837727108,0.9743589743589743,1.1189076675173755
binary_search_exact__nl__v3,binary_search_exact,binary_search,nl,3,"Given an ascending sorted list and a target value, return the target index or minus one if absent.","Set low and high indices around the search range. Repeatedly inspect the middle value, returning its index on a match. Discard the half that cannot contain the target. Produce minus one if the range becomes empty.",fast_offsets,False,31,31,46,45,True,1.4583312512478894,1.570641040802002,0.7525681706856845,65.62490630615503,1.8834968890373907,2.1223206520080566,1.0837047366108041,84.75736000668257,0.5325592494673199,0.449420303106308,0.933784982893202,0.13333333333333333,0.044444444444444446,2,2,0.8476361106149852,1.2978344757363878,0.8888888888888888,2.094073647390016
bubble_sort_ascending__nl__v3,bubble_sort_ascending,bubble_sort,nl,3,"Given a list of numbers, sort it in ascending order using bubble sort and return the sorted copy.","Proceed as follows. Copy the input list. Repeatedly scan adjacent pairs and swap them when the left value is greater than the right value. After enough passes, return the copy.",fast_offsets,False,32,32,39,38,True,1.1099676868915067,1.1477853655815125,0.7097967405296367,42.17877210187726,1.28471869512118,1.2129688262939453,0.8853097757850678,48.81931041460484,0.6407855560905055,0.6237873136997223,0.9745372784765143,0.23684210526315788,0.07894736842105263,3,2,0.8564165247277029,1.0241108858404127,0.9473684210526315,1.995252488466672
is_subset__python__v2,is_subset,set_relation,python,2,"Given two collections, determine whether every value in the first collection occurs in the second.","def is_subset(item, value):
    for current in item:
        if current not in value:
            return False
    return True",fast_offsets,False,27,27,32,31,True,0.5834924467433724,0.2924104928970337,0.6984135816826265,18.088265849044546,0.7022078089611304,0.2934403419494629,0.9130699041430885,21.768442077795044,0.8170754568230721,0.9422801733016968,0.9827143453782604,0.5161290322580645,0.3870967741935484,11,7,0.41552047602211434,0.5723451444723954,0.9032258064516129,1.0351535429011076
count_character__nl__v2,count_character,char_count,nl,2,"Given a string and a character, count how many times that character appears.","Begin a counter at zero. Inspect each character in the string. If it equals the target character, increase the counter by one. Output the counter.",fast_offsets,False,25,25,31,30,True,0.8285603075288236,0.6494247317314148,0.6988882314912758,24.85680922586471,0.9353047825396061,0.7095837295055389,0.8227260764195679,28.059143476188183,0.7390820036331812,0.8300857245922089,0.9859955271085104,0.4,0.06666666666666667,2,1,0.7819288436580321,0.9099011138595384,0.9333333333333333,1.3157257420457122
count_character__python__v2,count_character,char_count,python,2,"Given a string and a character, count how many times that character appears.","def count_character(output, current):
    value = 0
    for item in output:
        if item == current:
            value += 1
    return value",fast_offsets,False,25,25,39,38,True,0.38566563562275596,0.18191321194171906,0.4512920931659005,14.655294153664727,0.42532322518251786,0.1917010322213173,0.5165791844867439,16.16228255693568,0.8861383552614012,0.9640359580516815,0.9956861122658378,0.6578947368421053,0.2631578947368421,13,5,0.35473530216935417,0.4080609906420766,0.9210526315789473,1.0986344472195542
integer_to_binary__python__v3,integer_to_binary,base_conversion,python,3,"Given a positive integer, return its binary representation as a string without a prefix.","def integer_to_binary(entry):
    element = []
    while entry > 0:
        element.append(str(entry % 2))
        entry //= 2
    element.reverse()
    return """".join(element)",fast_offsets,False,26,26,57,56,True,0.3571025959910393,0.11937117949128151,0.4807336588766139,19.997745375498198,0.3969514297412908,0.12365027889609337,0.5596818208115031,22.229280065512285,0.8849572507398469,0.976844996213913,0.9953966119459697,0.6607142857142857,0.44642857142857145,9,6,0.3664113031065261,0.4169669782996855,0.9642857142857143,0.6954962474905447
merge_sorted_descending__python__v1,merge_sorted_descending,merge_sorted,python,1,"Given two lists sorted in descending order, merge them into one descending list.","def merge_sorted_descending(left_values, right_values):
    result = []
    i = 0
    j = 0
    while i < len(left_values) and j < len(right_values):
        if left_values[i] >= right_values[j]:
            result.append(left_values[i])
            i += 1
        else:
            result.append(right_values[j])
            j += 1
    result.extend(left_values[i:])
    result.extend(right_values[j:])
    return result",fast_offsets,False,27,27,139,138,True,0.10978203156301242,0.001174069126136601,0.2642998506345373,15.149920355695713,0.11218809708273089,0.0012268038117326796,0.2695694567779474,15.481957397416863,0.9618522976187692,0.9998913407325745,0.9997927071391672,0.8913043478260869,0.7753623188405797,40,40,0.11694305314805757,0.11877122972387008,1.0,0.2287260783876689
group_by_length__nl__v2,group_by_length,grouping,nl,2,"Given a list of strings, build a dictionary grouping strings by their length while preserving input order inside each group.","Begin with an empty dictionary. Inspect each string, use its length as the key, build an empty list for a new key, and add the string to that key's list. Output the dictionary.",fast_offsets,False,33,33,42,41,True,0.973719242571084,0.8057920932769775,0.6572629232971038,39.92248894541444,1.1831298717871706,0.9398881196975708,0.8654547004342337,48.50832474327399,0.703539878493402,0.753117024898529,0.9713954896461673,0.34146341463414637,0.04878048780487805,3,1,0.6924745357190659,0.8433446123717658,0.9024390243902439,1.69126636572406
count_increases__nl__v1,count_increases,adjacent_analysis,nl,1,"Given a list of numbers, count how many positions contain a value larger than the immediately preceding value.",Start a counter at zero. Compare each value after the first with its predecessor. Increase the counter when the current value is larger. Return the counter.,fast_offsets,False,30,30,35,34,True,0.794310203705476,0.7990735471248627,0.5959476846622669,27.006546925986186,0.8530624649103951,0.8080911040306091,0.6993631038593384,29.00412380695343,0.7424087638364119,0.7333654463291168,0.9916333030251896,0.3235294117647059,0.11764705882352941,3,2,0.6389207170401333,0.7208239574577998,0.9705882352941176,1.1886301016129437
linear_first_index__nl__v2,linear_first_index,linear_search,nl,2,"Given a list and a target, return the index of the first target occurrence or minus one if absent.",Inspect the list from left to right while tracking the index. Output the index at the first value equal to the target. Output minus one if no match is found.,fast_offsets,False,31,31,34,33,True,1.2572512847343178,1.460151195526123,0.7325911443427617,41.489292396232486,1.5431209465658122,1.708858847618103,0.9444515391847389,50.922991236671805,0.5963087799874219,0.5505824089050293,0.9604079922040304,0.18181818181818182,0.030303030303030304,2,1,0.7717074929969385,0.9811859006294981,0.9090909090909091,1.812334659146004
binary_search_exact__nl__v1,binary_search_exact,binary_search,nl,1,"Given an ascending sorted list and a target value, return the target index or minus one if absent.","Set low and high indices around the search range. Repeatedly inspect the middle value, returning its index on a match. Discard the half that cannot contain the target. Return minus one if the range becomes empty.",fast_offsets,False,31,31,45,44,True,1.450872757175768,1.5641059875488281,0.7418409788453548,63.83840131573379,1.8603534929623657,2.1190683841705322,1.0546442267386238,81.8555536903441,0.535097615624016,0.4742414504289627,0.936281827363101,0.11363636363636363,0.045454545454545456,2,2,0.7799227619760258,1.1706626829366351,0.8636363636363636,2.0132996546480255
factorial_iterative__python__v2,factorial_iterative,factorial_product,python,2,"Given a nonnegative integer n, compute n factorial iteratively.","def factorial_iterative(item):
    value = 1
    for current in range(2, item + 1):
        value *= current
    return value",fast_offsets,False,24,24,39,38,True,0.309365249750523,0.10672798752784729,0.4436685166085354,11.755879490519874,0.33687145411386155,0.10917732864618301,0.49908840786590497,12.801115256326739,0.897301080979799,0.9831039905548096,0.9969256771238226,0.7368421052631579,0.42105263157894735,13,3,0.38840136305126993,0.41874899279414296,0.9473684210526315,0.8841281584547783
sum_positive__nl__v1,sum_positive,sign_sum,nl,1,"Given a list of numbers, sum only the positive values.","Start the total at zero. Examine every number. Whenever a number is greater than zero, add it to the total. Return the total after the list has been processed.",fast_offsets,False,22,22,37,36,True,0.8699865579191182,0.7171739935874939,0.729361958605835,31.319516085088253,0.9712669249210093,0.7944121956825256,0.8495112747396819,34.965609297156334,0.7261629953152604,0.8343757092952728,0.9862670434845818,0.4166666666666667,0.08333333333333333,5,1,0.7063500161681856,0.8170230933598109,0.9444444444444444,1.4309522208317906
running_sum__nl__v3,running_sum,cumulative_scan,nl,3,"Given a list of numbers, produce the running sum after each position.",Initialize a total at zero and create an empty result list. Process the numbers in order. Accumulate each value to the total and append the updated total to the result. Produce the result.,fast_offsets,False,24,24,41,40,True,0.9307546390686184,0.842076450586319,0.6344983776700619,37.23018556274474,1.0459027982782572,0.956579327583313,0.7406974217042177,41.83611193113029,0.6988572921603918,0.7803339660167694,0.9857512086629867,0.325,0.075,5,2,0.7060295300414929,0.8281985906263193,0.925,1.8085754586034455
contains_zero__nl__v3,contains_zero,membership_test,nl,3,"Given a list of numbers, determine whether zero occurs in the list.","Process the numbers one by one. If the current number equals zero, return true immediately. If the scan finishes without finding zero, return false.",fast_offsets,False,24,24,30,29,True,0.9209150911654057,0.8384538292884827,0.6652178392196665,26.706537643796764,1.0318451537790805,0.8649634122848511,0.7782233931956417,29.923509459593333,0.7116801276289183,0.7484638690948486,0.9859827962414972,0.3103448275862069,0.13793103448275862,4,1,0.571578581792502,0.6589025985699014,0.9655172413793104,1.24415220034104
binary_search_exact__python__v1,binary_search_exact,binary_search,python,1,"Given an ascending sorted list and a target value, return the target index or minus one if absent.","def binary_search_exact(values, target):
    low = 0
    high = len(values) - 1
    while low <= high:
        middle = (low + high) // 2
        if values[middle] == target:
            return middle
        if values[middle] < target:
            low = middle + 1
        else:
            high = middle - 1
    return -1",fast_offsets,False,31,31,97,96,True,0.1734195008208038,0.008084912318736315,0.42946212156778635,16.648272078797163,0.203293771293905,0.008403308689594269,0.5686829734365711,19.51620204421488,0.9432104496906201,0.9990658164024353,0.9954298747082552,0.875,0.71875,27,22,0.19263980730427552,0.2387343210264685,1.0,0.2611618081324399
frequency_map_chars__python__v1,frequency_map_chars,frequency_map,python,1,"Given a string, build a dictionary mapping each character to its occurrence count.","def frequency_map_chars(text):
    counts = {}
    for char in text:
        if char in counts:
            counts[char] += 1
        else:
            counts[char] = 1
    return counts",fast_offsets,False,25,25,55,54,True,0.22524244140091737,0.006517202127724886,0.5201892054724859,12.163091835649539,0.2598874518973086,0.007046559359878302,0.6550427531909127,14.033922402454664,0.9293148352040185,0.9992860853672028,0.9946915120990188,0.8703703703703703,0.6296296296296297,28,25,0.3312679968406677,0.3956196610059055,1.0,0.4645625124028293
group_by_length__nl__v3,group_by_length,grouping,nl,3,"Given a list of strings, build a dictionary grouping strings by their length while preserving input order inside each group.","Initialize with an empty dictionary. Process each string, use its length as the key, create an empty list for a new key, and append the string to that key's list. Produce the dictionary.",fast_offsets,False,33,33,43,42,True,0.9064036117711761,0.8544641435146332,0.6717432685254722,38.0689516943894,1.0716284493755666,0.8891918659210205,0.8984281971766833,45.008394873773796,0.7105244635826066,0.7741169333457947,0.9764876010872069,0.38095238095238093,0.07142857142857142,4,1,0.6998304882744844,0.8872870627028311,0.9523809523809523,1.6573754067283062
scan_max__nl__v2,scan_max,scan_extremum,nl,2,"Given a non-empty list of numbers, find the largest value by scanning the list once.","Take the first value as the current maximum. Inspect each remaining value. If a value is larger than the current maximum, replace the current maximum with it. Output the current maximum after the scan.",fast_offsets,False,30,30,40,39,True,1.0148664258707027,1.0273990631103516,0.7139877659403836,39.57979060895741,1.0949113708084974,1.0575239658355713,0.7816341190631733,42.7015434615314,0.6504345478919836,0.6671517491340637,0.9901065826416016,0.23076923076923078,0.07692307692307693,4,1,0.8960973964513916,0.9619233492565783,0.9743589743589743,1.0880689651776965
binary_search_insertion__nl__v2,binary_search_insertion,binary_search,nl,2,"Given an ascending sorted list and a target value, return the index where the target could be inserted while preserving order.",Set low to the start and high just past the end. Repeatedly inspect the middle. Move low right when the middle value is below the target; otherwise move high to the middle. Output low when the range closes.,fast_offsets,False,35,35,47,46,True,1.16541462101842,1.2176506519317627,0.7457887328350108,53.60907256684732,1.424351460027063,1.4416013360023499,0.974188710711344,65.5201671612449,0.6274856455300165,0.667364239692688,0.9625377058982849,0.1956521739130435,0.06521739130434782,2,2,0.8303642919959707,1.0646629881320728,0.9130434782608695,2.2240615357804927
count_digits__nl__v2,count_digits,digit_count,nl,2,"Given a positive integer, count its decimal digits.","Begin a counter at zero. While the number is positive, remove its last digit using integer division by ten and increase the counter by one. Output the counter.",fast_offsets,False,20,20,32,31,True,1.010045389614759,1.022209644317627,0.6754239220557962,31.311407078057528,1.1548762724043862,1.0481541156768799,0.8253732731418884,35.80116444453597,0.6806155712373795,0.7177067399024963,0.9801568177438551,0.2903225806451613,0.03225806451612903,2,1,0.8308856743077437,0.9811870905260245,0.9354838709677419,1.527066628088153
matrix_contains__python__v3,matrix_contains,matrix_search,python,3,"Given a matrix and a target value, determine whether the target occurs anywhere in the matrix.","def matrix_contains(element, x):
    for entry in element:
        for result in entry:
            if result == x:
                return True
    return False",fast_offsets,False,28,28,38,37,True,0.4523769094281503,0.1121736466884613,0.6057654528601488,16.73794564884156,0.5212783224226253,0.11358954012393951,0.7327699994242208,19.287297929637134,0.8606302021323023,0.981793224811554,0.9911874484371495,0.6756756756756757,0.32432432432432434,8,4,0.43879957034045625,0.5281140906994956,0.8918918918918919,1.4711454077277686
count_even_digits__python__v3,count_even_digits,digit_count,python,3,"Given a positive integer, count how many of its decimal digits are even.","def count_even_digits(x):
    element = 0
    while x > 0:
        entry = x % 10
        if entry % 2 == 0:
            element += 1
        x //= 10
    return element",fast_offsets,False,25,25,62,61,True,0.28439284784535185,0.0940934345126152,0.4516151340981083,17.34796371856646,0.30524445380087556,0.09862705320119858,0.5045501695878265,18.61991168185341,0.9165040887281543,0.9834001660346985,0.9975173395188128,0.7868852459016393,0.4262295081967213,17,6,0.34905454174101275,0.38092641530844656,0.9672131147540983,0.6521167998612327
adjacent_sums__python__v1,adjacent_sums,adjacent_transform,python,1,"Given a list of numbers, create a list containing the sum of each adjacent pair.","def adjacent_sums(values):
    result = []
    for index in range(1, len(values)):
        result.append(values[index] + values[index - 1])
    return result",fast_offsets,False,27,27,48,47,True,0.2416561814421352,0.037798501551151276,0.4117918662942312,11.357840527780354,0.24974899439195647,0.03808876499533653,0.4263191272423568,11.738202736421954,0.9139617941481002,0.9946975708007812,0.99921940742655,0.7872340425531915,0.574468085106383,10,6,0.3449150892252953,0.35301090006301505,1.0,0.481550972274295
contains_zero__nl__v1,contains_zero,membership_test,nl,1,"Given a list of numbers, determine whether zero occurs in the list.","Examine the numbers one by one. If the current number equals zero, return true immediately. If the scan finishes without finding zero, return false.",fast_offsets,False,24,24,32,31,True,0.880972304652753,0.8202491998672485,0.6209046370117791,27.31014144423534,0.961293607497693,0.8419610261917114,0.6889296081545646,29.80010183242848,0.7109130015296321,0.7666599750518799,0.9905677226281935,0.2903225806451613,0.12903225806451613,4,1,0.5971862912158638,0.6327660440816544,0.967741935483871,1.3283501679447176
ordered_unique_intersection__python__v3,ordered_unique_intersection,ordered_intersection,python,3,"Given two lists, return distinct values from the first list that also occur in the second list, preserving first-list order.","def ordered_unique_intersection(element, x):
    entry = []
    for result in element:
        if result in x and result not in entry:
            entry.append(result)
    return entry",fast_offsets,False,36,36,48,47,True,0.5705402579673744,0.16240696609020233,0.7975368876245144,26.815392124466598,0.7346355169317982,0.18838822841644287,1.1176932069235075,34.52786929579452,0.8168473050315329,0.9720174670219421,0.974170835728341,0.6595744680851063,0.3191489361702128,17,7,0.7241537551314611,0.9516977421817896,0.8936170212765957,1.3505974045287115
minmax_normalize__nl__v3,minmax_normalize,bounded_numeric_transform,nl,3,"Given a non-empty list of numbers with distinct minimum and maximum values, scale each value into the interval from zero to one using min-max normalization.","Find the minimum and maximum values. Initialize an empty result list. For each value, subtract the minimum and divide by the difference between maximum and minimum, then append the result. Produce the list.",fast_offsets,False,42,42,40,39,True,0.7317554731017504,0.595801830291748,0.6132664425181086,28.538463450968266,0.8236078194414194,0.6291199922561646,0.7399459757361285,32.120704958215356,0.7629777250381616,0.8688820004463196,0.988584694189903,0.4358974358974359,0.07692307692307693,3,2,0.6884577591952524,0.7844083945413953,0.9487179487179487,1.3420975326533573
insertion_sort_descending__python__v3,insertion_sort_descending,insertion_sort,python,3,"Given a list of numbers, sort it in descending order using insertion sort and return the sorted copy.","def insertion_sort_descending(n_count):
    result = n_count[:]
    for entry in range(1, len(result)):
        element = result[entry]
        x = entry - 1
        while x >= 0 and result[x] < element:
            result[x + 1] = result[x]
            x -= 1
        result[x + 1] = element
    return result",fast_offsets,False,32,32,101,100,True,0.25150515314421684,0.06224123202264309,0.4589746619527487,25.150515314421682,0.2733515340715894,0.06334805488586426,0.5349547641932433,27.33515340715894,0.914317071735859,0.990866482257843,0.9968209159374237,0.81,0.53,17,11,0.3448799884022586,0.3768694687197708,0.96,0.6258021804745516
invert_unique_map__python__v3,invert_unique_map,dictionary_transform,python,3,"Given a dictionary whose values are unique, return a new dictionary mapping each original value to its original key.","def invert_unique_map(entry):
    x = {}
    for element, result in entry.items():
        x[result] = element
    return x",fast_offsets,False,31,31,37,36,True,0.49475032813239117,0.1703045517206192,0.6365418469619601,17.811011812766083,0.5534337249312861,0.1706528589129448,0.7282956704360128,19.923614097526297,0.8309166580438614,0.963895857334137,0.9927675972382227,0.6666666666666666,0.3888888888888889,9,7,0.5440798045734742,0.6245710139961115,0.9166666666666666,1.371479963038938
numeric_palindrome__python__v2,numeric_palindrome,numeric_reverse,python,2,"Given a nonnegative integer, determine whether its decimal digits form a palindrome.","def numeric_palindrome(value):
    current = value
    output = 0
    while value > 0:
        item = value % 10
        output = output * 10 + item
        value //= 10
    return current == output",fast_offsets,False,27,27,62,61,True,0.40565738998643086,0.13720303773880005,0.5445911024423831,24.745100789172284,0.4605201673709163,0.13934969902038574,0.6670705179525327,28.091730209625894,0.8692085653787753,0.9774113297462463,0.9926913976669312,0.639344262295082,0.3770491803278688,9,8,0.4570341657296619,0.5458963522220074,0.9344262295081968,0.8207053890597293
anti_diagonal_sum__nl__v2,anti_diagonal_sum,diagonal_aggregate,nl,2,"Given a square matrix, calculate the sum of its anti-diagonal.","Begin a total at zero. For every row index, add the element whose column index is the mirrored position from the right. Output the total.",fast_offsets,False,26,26,30,29,True,1.4713851095273578,1.38766348361969,0.6941127688227889,42.67016817629337,1.822078099024707,1.7921916246414185,0.9929439967202572,52.8402648717165,0.5409198069366915,0.5679064393043518,0.943584026961491,0.10344827586206896,0.0,1,0,0.8265220490949494,1.2138422248618943,0.896551724137931,2.2278676069309484
gcd_two__python__v1,gcd_two,gcd_family,python,1,"Given two nonnegative integers, compute their greatest common divisor using the Euclidean algorithm.","def gcd_two(a, b):
    while b != 0:
        a, b = b, a % b
    return a",fast_offsets,False,28,28,33,32,True,0.3090430801585171,0.10626203566789627,0.4521774001107169,9.889378565072548,0.34231458737849607,0.10785588249564171,0.5415835160884034,10.954066796111874,0.9106353837996721,0.9831831157207489,0.9957722574472427,0.8125,0.46875,12,6,0.4137234667563931,0.4740735930615976,1.0,0.3915224916855209
rotate_matrix_clockwise__python__v3,rotate_matrix_clockwise,matrix_transform,python,3,"Given a non-empty square matrix, return a new matrix rotated ninety degrees clockwise.","def rotate_matrix_clockwise(entry):
    result = []
    aggregate = len(entry)
    for element in range(aggregate):
        x = []
        for n_count in range(aggregate - 1, -1, -1):
            x.append(entry[n_count][element])
        result.append(x)
    return result",fast_offsets,False,30,30,85,84,True,0.3967634097224445,0.11073509976267815,0.5462005444284829,33.328126416685336,0.46049918012351465,0.1235496886074543,0.6750319086543047,38.68193113037523,0.8802315261037577,0.9825695157051086,0.9919003453992662,0.6904761904761905,0.38095238095238093,23,6,0.41089536664389104,0.4895347865512374,0.9404761904761905,0.9747601694093193
string_palindrome__nl__v3,string_palindrome,palindrome_test,nl,3,"Given a string, determine whether it reads the same forward and backward.",Set one index at the beginning and another at the end. Compare the two characters and move both indices inward. Produce false on a mismatch; return true if all mirrored pairs match.,fast_offsets,False,25,25,40,39,True,1.2816580330881362,1.4495410919189453,0.6523872519409614,49.98466329043731,1.4891064843783777,1.635556697845459,0.8033080064435283,58.075152890756726,0.5728264195032609,0.5488911867141724,0.9716577178392655,0.15384615384615385,0.10256410256410256,2,2,0.7313222007973021,0.8973278606212453,0.9230769230769231,2.0549005466999892
binary_search_insertion__nl__v3,binary_search_insertion,binary_search,nl,3,"Given an ascending sorted list and a target value, return the index where the target could be inserted while preserving order.",Set low to the start and high just past the end. Repeatedly inspect the middle. Move low right when the middle value is below the target; otherwise move high to the middle. Produce low when the range closes.,fast_offsets,False,35,35,48,47,True,1.1637050504003592,1.2448303699493408,0.7417005042012292,54.69413736881688,1.4373532602801284,1.5141050815582275,0.9765042453705742,67.55560323316604,0.6377221767572646,0.6654843091964722,0.9606032790021694,0.2127659574468085,0.06382978723404255,2,2,0.8213789355941117,1.062300708104411,0.9148936170212766,2.298576365408309
frequency_map_chars__python__v3,frequency_map_chars,frequency_map,python,3,"Given a string, build a dictionary mapping each character to its occurrence count.","def frequency_map_chars(x):
    entry = {}
    for element in x:
        if element in entry:
            entry[element] += 1
        else:
            entry[element] = 1
    return entry",fast_offsets,False,25,25,55,54,True,0.360708865281022,0.07190277427434921,0.6019098651173822,19.478278725175187,0.4166361377148725,0.07549844682216644,0.7457957719410111,22.498351436603116,0.8836413384587677,0.9888945519924164,0.9920292496681213,0.7592592592592593,0.46296296296296297,25,15,0.45466842158820553,0.5443967830835631,0.9629629629629629,0.8058134320243779
sum_positive__python__v3,sum_positive,sign_sum,python,3,"Given a list of numbers, sum only the positive values.","def sum_positive(x):
    element = 0
    for entry in x:
        if entry > 0:
            element += entry
    return element",fast_offsets,False,22,22,38,37,True,0.36485845953653995,0.15868550539016724,0.5056023196126972,13.499763002851978,0.39208917050446207,0.16050049662590027,0.5501256014690332,14.507299308665097,0.9006299368433051,0.9728997945785522,0.9969693873379681,0.7837837837837838,0.2702702702702703,20,3,0.3502689550190957,0.37116607387239736,0.9459459459459459,0.9736425007097235
ordered_intersection__python__v1,ordered_intersection,ordered_intersection,python,1,"Given two lists, return values from the first list that also occur in the second list, preserving duplicates and order from the first list.","def ordered_intersection(first, second):
    result = []
    for value in first:
        if value in second:
            result.append(value)
    return result",fast_offsets,False,38,38,41,40,True,0.4080719166493509,0.0796075165271759,0.6831020757131511,16.322876665974036,0.49433524123742245,0.08163613080978394,0.8841886672306957,19.773409649496898,0.8697730518877507,0.9864020943641663,0.9872400850057602,0.75,0.475,12,7,0.4626617695395954,0.5870594352794191,0.975,0.43729512445679575
keep_letters__python__v3,keep_letters,string_filter,python,3,"Given a string, return a new string containing only alphabetic characters.","def keep_letters(x):
    entry = """"
    for element in x:
        if element.isalpha():
            entry += element
    return entry",fast_offsets,False,26,26,37,36,True,0.43702516166053507,0.09829572960734367,0.6489856055942194,15.732905819779262,0.4841772136666502,0.11720673367381096,0.7376395880471759,17.430379691999406,0.8654793198737833,0.9833140671253204,0.9941777404811647,0.6944444444444444,0.3611111111111111,14,3,0.5805834889012788,0.6395446063418474,0.9444444444444444,0.9773310561577091
count_below__python__v1,count_below,threshold_count,python,1,"Given a list of numbers and a threshold, count the values less than the threshold.","def count_below(values, threshold):
    count = 0
    for value in values:
        if value < threshold:
            count += 1
    return count",fast_offsets,False,27,27,39,38,True,0.1733682634644777,0.019102548249065876,0.3690580231226783,6.587994011650153,0.18549197715995097,0.020214371383190155,0.3883191340836227,7.048695132078137,0.9542628761969114,0.997549295425415,0.9989010973980552,0.8947368421052632,0.6578947368421053,20,17,0.2701560803276103,0.2817721565008616,1.0,0.2533200867708394
count_even_digits__nl__v2,count_even_digits,digit_count,nl,2,"Given a positive integer, count how many of its decimal digits are even.","Begin a counter at zero. While the number is positive, inspect the last digit, increase the counter if it is even, then remove the digit using integer division by ten. Output the counter.",fast_offsets,False,25,25,39,38,True,1.1890759762180478,1.1781947612762451,0.6906415835570291,45.18488709628582,1.3758119928993677,1.2293136715888977,0.899913791967726,52.28085573017597,0.6015634199506358,0.6021059453487396,0.9718683612974066,0.18421052631578946,0.0,2,0,0.9042834631494574,1.1263836920261383,0.9210526315789473,1.6893752345717268
rotate_right_one__nl__v1,rotate_right_one,rotation,nl,1,"Given a non-empty list, rotate it right by one position.","Create an empty result list. Append the original last element, then append every earlier element in original order. Return the result.",fast_offsets,False,24,24,25,24,True,1.065303295229872,0.863169401884079,0.6898143977522557,25.56727908551693,1.326090958590309,0.9917939305305481,0.9721189069402546,31.826183006167412,0.6725482003142437,0.7018039524555206,0.9617791747053465,0.25,0.0,2,0,0.7914710990760637,1.12668948199438,0.9583333333333334,2.2329811942763627
list_divisors__nl__v3,list_divisors,divisors,nl,3,"Given a positive integer n, return all positive divisors of n in increasing order.","Initialize an empty result list. Process every integer from one through n. If n is divisible by the current integer, append it. Produce the result.",fast_offsets,False,27,27,33,32,True,0.9434260866837576,0.9674333333969116,0.6164427267946975,30.189634773880243,1.0618556421832182,1.0316357016563416,0.7356505119454058,33.97938054986298,0.7057819431647658,0.7042973935604095,0.984811969101429,0.25,0.09375,2,1,0.6565034849749457,0.7642483536995226,0.9375,1.9899663276482897
reverse_integer__nl__v3,reverse_integer,numeric_reverse,nl,3,"Given a nonnegative integer, reverse the order of its decimal digits.","Initialize the reversed value at zero. While the number is positive, take its last digit, append that digit to the reversed value by multiplying by ten and adding, then remove the last input digit. Produce the reversed value.",fast_offsets,False,24,24,50,49,True,0.9097761723916141,0.7469236850738525,0.6952962412746626,44.57903244718909,1.0393732866433887,0.8330873250961304,0.8515003554264325,50.92929104552604,0.7065620784248624,0.8104889392852783,0.9812893064654603,0.30612244897959184,0.14285714285714285,3,1,0.8532242057844996,1.0099225226149429,0.9591836734693877,1.702888982085694
list_divisors__nl__v2,list_divisors,divisors,nl,2,"Given a positive integer n, return all positive divisors of n in increasing order.","Build an empty result list. Inspect every integer from one through n. If n is divisible by the current integer, add it. Output the result.",fast_offsets,False,27,27,32,31,True,1.105427667648802,1.09977388381958,0.6440375555502387,34.26825769711286,1.264297629676519,1.1630265712738037,0.7846375551028772,39.193226519972086,0.640195244742978,0.6277292370796204,0.9788940356623742,0.1935483870967742,0.06451612903225806,2,1,0.804353631225725,0.956237880140543,0.9354838709677419,1.972678008797248
filter_negative__python__v3,filter_negative,sign_filter,python,3,"Given a list of numbers, create a new list containing only negative values.","def filter_negative(x):
    element = []
    for entry in x:
        if entry < 0:
            element.append(entry)
    return element",fast_offsets,False,25,25,39,38,True,0.35265335988400404,0.06690668687224388,0.5462188070315247,13.400827675592154,0.37842202152272586,0.07924699783325195,0.5902594227375981,14.380036817863584,0.8896578048404894,0.9898580014705658,0.9971758691888106,0.7631578947368421,0.5,23,7,0.3659189954853138,0.384813015626089,0.9473684210526315,0.972618986503987
absolute_values__nl__v2,absolute_values,element_transform,nl,2,"Given a list of numbers, create a list containing the absolute value of each element.","Build an empty result list. Inspect each input number, compute its absolute value, and add that value to the result. Output the result.",fast_offsets,False,27,27,29,28,True,0.8777847419093762,0.7552445232868195,0.6619397074482142,24.577972773462534,0.9879112874290773,0.8073547780513763,0.809695751716315,27.661516048014164,0.7154638751276902,0.7934582233428955,0.984655744263104,0.32142857142857145,0.07142857142857142,2,1,0.7321870992029155,0.886442764489739,0.9642857142857143,1.8593764783124374
count_increases__nl__v3,count_increases,adjacent_analysis,nl,3,"Given a list of numbers, count how many positions contain a value larger than the immediately preceding value.",Initialize a counter at zero. Compare each value after the first with its predecessor. Increase the counter when the current value is larger. Produce the counter.,fast_offsets,False,30,30,37,36,True,0.7926844737634787,0.7769299149513245,0.5979721620346062,28.536641055485234,0.8515956474972578,0.8084141612052917,0.689155821002795,30.657443309901282,0.719492592745357,0.7085260152816772,0.9921394619676802,0.3055555555555556,0.16666666666666666,3,2,0.6443166529626718,0.7203405474046511,0.9444444444444444,1.4022714129520562
main_diagonal_sum__nl__v1,main_diagonal_sum,diagonal_aggregate,nl,1,"Given a square matrix, calculate the sum of its main diagonal.","Start a total at zero. For every index, add the matrix element whose row and column both equal that index. Return the total.",fast_offsets,False,23,23,27,26,True,1.176140868033354,1.117426872253418,0.6406249299813859,30.579662568867207,1.3457765344243784,1.1930306553840637,0.8046424497461839,34.990189895033836,0.6306005979959781,0.6576312780380249,0.9764757408545568,0.15384615384615385,0.07692307692307693,1,1,0.8066802924871445,0.9593856847286224,0.9230769230769231,1.987873525878128
filter_mapping_by_value__nl__v1,filter_mapping_by_value,dictionary_transform,nl,1,"Given a dictionary with numeric values and a threshold, return a new dictionary containing only entries whose value is greater than the threshold.","Start with an empty result dictionary. Examine each key and value. If the value is greater than the threshold, copy that entry into the result. Return the result.",fast_offsets,False,35,35,35,34,True,0.6046255613567636,0.5119789838790894,0.4668014343546691,20.557269086129963,0.6695262442123803,0.5522969961166382,0.5582588803938786,22.763892303220928,0.81800416988485,0.8880304396152496,0.9925460850491243,0.4411764705882353,0.058823529411764705,3,1,0.5332724729157758,0.6137986131802653,0.9705882352941176,1.2819295994875788
least_frequent__nl__v2,least_frequent,mode_selection,nl,2,"Given a non-empty list, return a value with the lowest occurrence count, choosing the first such value on ties.",Build occurrence counts. Then scan the original list while tracking the best value and lowest count seen. Replace the best only when a strictly lower count is found. Output the best value.,fast_offsets,False,35,35,36,35,True,1.404578582729612,1.2809432744979858,0.6389952326334838,49.16025039553642,1.8243198939732144,1.819767713546753,0.8673920393291925,63.8511962890625,0.5659923783370426,0.5803501605987549,0.9393769349370684,0.02857142857142857,0.0,1,0,0.5413652675993302,0.7307797354810378,0.8857142857142857,2.375711874450956
adjacent_sums__python__v3,adjacent_sums,adjacent_transform,python,3,"Given a list of numbers, create a list containing the sum of each adjacent pair.","def adjacent_sums(x):
    entry = []
    for element in range(1, len(x)):
        entry.append(x[element] + x[element - 1])
    return entry",fast_offsets,False,27,27,48,47,True,0.36263706082938874,0.11063200980424881,0.46719965855500883,17.04394185898127,0.38726124413896035,0.11074616014957428,0.49966376349889646,18.201278474531136,0.8741226627471599,0.980513334274292,0.9973842463594802,0.6808510638297872,0.3404255319148936,7,4,0.44186240805910254,0.4655430085764712,0.9574468085106383,0.9072140316800753
count_digits__python__v3,count_digits,digit_count,python,3,"Given a positive integer, count its decimal digits.","def count_digits(entry):
    element = 0
    while entry > 0:
        entry //= 10
        element += 1
    return element",fast_offsets,False,20,20,40,39,True,0.4493733083572573,0.15198475122451782,0.5527709491252838,17.525559025933035,0.5007058236500225,0.1524764448404312,0.6570397557851455,19.527527122350875,0.8502991275909619,0.9697495102882385,0.9936120403118622,0.6153846153846154,0.3076923076923077,11,4,0.43092475438760103,0.5076414280675204,0.9487179487179487,0.7880700045026083
square_values__python__v1,square_values,element_transform,python,1,"Given a list of numbers, create a list containing the square of each element.","def square_values(values):
    result = []
    for value in values:
        result.append(value * value)
    return result",fast_offsets,False,26,26,33,32,True,0.26017504602714325,0.044488582760095596,0.4043976472224766,8.325601472868584,0.26628123280170257,0.04509953409433365,0.41123518002525966,8.520999449654482,0.9219596469774842,0.9938811957836151,0.9994559828191996,0.75,0.5625,6,5,0.4199163806549604,0.42500493963128855,1.0,0.5274895530136234
minmax_normalize__python__v3,minmax_normalize,bounded_numeric_transform,python,3,"Given a non-empty list of numbers with distinct minimum and maximum values, scale each value into the interval from zero to one using min-max normalization.","def minmax_normalize(n_count):
    entry = min(n_count)
    element = max(n_count)
    x = []
    for result in n_count:
        x.append((result - entry) / (element - entry))
    return x",fast_offsets,False,42,42,65,64,True,0.5410595976065906,0.17985352873802185,0.7219849623667306,34.6278142468218,0.6426324085928172,0.188406303524971,0.9297248335596071,41.1284741499403,0.8322470826096833,0.9698938131332397,0.9849874377250671,0.609375,0.28125,10,5,0.6322385818611587,0.7813368824260708,0.90625,1.2370908619534333
count_primes_up_to__nl__v2,count_primes_up_to,primality,nl,2,"Given a nonnegative integer n, count how many prime numbers are at most n.","Begin a prime counter at zero. For every candidate from two through n, test divisors up to its square root. Increase the counter when no divisor is found. Output the counter.",fast_offsets,False,27,27,40,39,True,1.0239951980228608,0.9637208580970764,0.6910956714285796,39.93581272289157,1.2233102737137904,1.0173441171646118,0.896131393633038,47.70910067483783,0.6681759258111318,0.6845307946205139,0.9718082394355383,0.3076923076923077,0.05128205128205128,3,1,0.7845585763846573,1.0194094057538008,0.9743589743589743,1.8769640647806227
dedupe_first__nl__v3,dedupe_first,deduplication,nl,3,"Given a list, remove duplicate values while keeping the first occurrence of each value.","Initialize with an empty result list. Process the input values in order. If the current value is not already in the result, append it. Produce the result after the scan.",fast_offsets,False,26,26,37,36,True,0.9476072011101577,1.005821406841278,0.613855629276648,34.11385923996568,1.0787491380857925,1.1053027510643005,0.7831302254611519,38.83496897108853,0.6793751472400295,0.6187505125999451,0.9825963940885332,0.3055555555555556,0.08333333333333333,3,1,0.714112759062222,0.877646011060902,0.8888888888888888,2.0236179757048376
partition_by_threshold__python__v1,partition_by_threshold,partition,python,1,"Given a list of numbers and a threshold, return two lists: values below the threshold and values at least the threshold, preserving order.","def partition_by_threshold(values, threshold):
    below = []
    at_least = []
    for value in values:
        if value < threshold:
            below.append(value)
        else:
            at_least.append(value)
    return below, at_least",fast_offsets,False,38,38,71,70,True,0.1497079219576867,0.0034998952178284526,0.3632014451667987,10.47955453703807,0.15866929318134249,0.0035682341549545527,0.3939670755462436,11.106850522693975,0.9563103888716017,0.9996258318424225,0.9990311409745898,0.8857142857142857,0.7428571428571429,44,14,0.2232212246751834,0.23528991636460572,1.0,0.1314124217507777
count_increases__python__v1,count_increases,adjacent_analysis,python,1,"Given a list of numbers, count how many positions contain a value larger than the immediately preceding value.","def count_increases(values):
    count = 0
    for index in range(1, len(values)):
        if values[index] > values[index - 1]:
            count += 1
    return count",fast_offsets,False,30,30,53,52,True,0.1367553778774471,0.009122162591665983,0.3167528105748556,7.1112796496272495,0.15175710708416984,0.01002999534830451,0.3564260877144456,7.891369568376831,0.9594961662705128,0.99893718957901,0.9983864770485804,0.9230769230769231,0.7307692307692307,31,19,0.20491173014620562,0.22538745562433535,1.0,0.23568944467602868
selection_sort_ascending__nl__v3,selection_sort_ascending,selection_sort,nl,3,"Given a list of numbers, sort it in ascending order using selection sort and return the sorted copy.","Copy the list. For each position, find the smallest value in the remaining suffix and swap it into the current position. Produce the copy.",fast_offsets,False,31,31,29,28,True,1.1196760444768838,1.1427037119865417,0.6186719768734438,31.350929245352745,1.315167625833835,1.34760183095932,0.785851344263798,36.82469352334738,0.6553199759551457,0.660792201757431,0.9735296389886311,0.17857142857142858,0.10714285714285714,2,1,0.6323263214694129,0.7233793454037772,0.9285714285714286,1.8497222201133678
digit_sum__python__v3,digit_sum,digit_aggregate,python,3,"Given a nonnegative integer, compute the sum of its decimal digits.","def digit_sum(element):
    entry = 0
    while element > 0:
        entry += element % 10
        element //= 10
    return entry",fast_offsets,False,24,24,42,41,True,0.38407903990322134,0.12401691824197769,0.5211260427238789,15.747240636032075,0.428930734379342,0.12617528438568115,0.6149723899869719,17.58616010955302,0.8817249093113876,0.975464940071106,0.9944800327463847,0.6829268292682927,0.36585365853658536,8,4,0.40372668236959725,0.4698137839935953,0.9512195121951219,0.7442197966894771
fibonacci_nth__python__v1,fibonacci_nth,fibonacci,python,1,"Given a nonnegative integer n with F0 equal to zero and F1 equal to one, return Fn iteratively.","def fibonacci_nth(n):
    a = 0
    b = 1
    for _ in range(n):
        a, b = b, a + b
    return a",fast_offsets,False,35,35,45,44,True,0.2267462329097973,0.016259844414889812,0.40816560427873555,9.976834248031082,0.27396248497858655,0.017018551006913185,0.5487361450456717,12.054349339057808,0.9213968603448435,0.9980950057506561,0.9943214370445772,0.7954545454545454,0.6136363636363636,16,12,0.24537399106321933,0.30574506298073045,0.9772727272727273,0.39040324322774145
count_unique_words__python__v1,count_unique_words,word_count,python,1,"Given a string containing words separated by whitespace, count the distinct words.","def count_unique_words(text):
    words = text.split()
    unique = set(words)
    return len(unique)",fast_offsets,False,24,24,32,31,True,0.24859653813802007,0.09461230039596558,0.35833930553381416,7.706492682278622,0.26328321409058725,0.09541995823383331,0.3804866382981584,8.161779636808205,0.9327138104746419,0.9836109280586243,0.9987084115705183,0.8064516129032258,0.3870967741935484,12,4,0.324397744917466,0.34114267650293184,1.0,0.40547811760757946
linear_last_index__python__v1,linear_last_index,linear_search,python,1,"Given a list and a target, return the index of the last target occurrence or minus one if absent.","def linear_last_index(values, target):
    found = -1
    for index, value in enumerate(values):
        if value == target:
            found = index
    return found",fast_offsets,False,31,31,44,43,True,0.3825603104142342,0.14360392093658447,0.523172850645683,16.45009334781207,0.4323468004180075,0.14446693658828735,0.617228661796286,18.590912417974323,0.8734931197277335,0.9722405076026917,0.9940999579984088,0.6976744186046512,0.3488372093023256,21,6,0.3624697937740989,0.4191403193621054,0.9767441860465116,0.6326011858542442
lcm_two__python__v3,lcm_two,lcm_family,python,3,"Given two positive integers, compute their least common multiple using their greatest common divisor.","def lcm_two(element, entry):
    x = element
    result = entry
    while result != 0:
        x, result = result, x % result
    return (element // x) * entry",fast_offsets,False,27,27,49,48,True,0.6492351938504726,0.37973594665527344,0.6784468904375566,31.163289304822683,0.7291277786716819,0.4037686288356781,0.797432050445851,34.99813337624073,0.7885621398066481,0.910506397485733,0.9897214770317078,0.5,0.1875,8,4,0.7120518202477313,0.8260454854115526,0.9583333333333334,1.3706445610150695
adjacent_sums__python__v2,adjacent_sums,adjacent_transform,python,2,"Given a list of numbers, create a list containing the sum of each adjacent pair.","def adjacent_sums(current):
    value = []
    for item in range(1, len(current)):
        value.append(current[item] + current[item - 1])
    return value",fast_offsets,False,27,27,48,47,True,0.3848843584468767,0.11066848039627075,0.5077461705241111,18.089564847003203,0.41380956849365674,0.11077282577753067,0.5575611686994576,19.449049719201867,0.8673973222996326,0.9819247722625732,0.9966744032311947,0.6595744680851063,0.3617021276595745,7,4,0.47774925570094795,0.5176675795835605,0.9574468085106383,0.9380360035504944
lcm_two__python__v1,lcm_two,lcm_family,python,1,"Given two positive integers, compute their least common multiple using their greatest common divisor.","def lcm_two(a, b):
    x = a
    y = b
    while y != 0:
        x, y = y, x % y
    return (a // x) * b",fast_offsets,False,27,27,49,48,True,0.5011001826896972,0.26563988626003265,0.5916746860752505,24.052808769105468,0.5368122040442055,0.2680087983608246,0.6496065576314672,25.766985794121865,0.8352981563657522,0.9347439408302307,0.9958535755674044,0.5625,0.375,9,5,0.5742669145928379,0.6210532224256585,1.0,0.565311274436984
factorial_iterative__nl__v3,factorial_iterative,factorial_product,nl,3,"Given a nonnegative integer n, compute n factorial iteratively.",Initialize a product at one. Multiply it by every integer from two through n. Produce the final product.,fast_offsets,False,24,24,25,24,True,0.8969557056746756,0.9836506247520447,0.6304332439408087,21.526936936192214,1.0152179706298436,1.0868359208106995,0.7366496612093979,24.365231295116246,0.7020967292288939,0.6620473563671112,0.985340436299642,0.3333333333333333,0.125,3,2,0.7441244940880848,0.8826460835483411,0.9166666666666666,2.1176091029216573
filter_mapping_by_value__nl__v2,filter_mapping_by_value,dictionary_transform,nl,2,"Given a dictionary with numeric values and a threshold, return a new dictionary containing only entries whose value is greater than the threshold.","Begin with an empty result dictionary. Inspect each key and value. When the value is greater than the threshold, copy that entry into the result. Output the result.",fast_offsets,False,35,35,34,33,True,0.8253795244081905,0.7783077955245972,0.6149197898234786,27.237524305470288,0.9544458079405806,0.8357820510864258,0.7738563444705059,31.49671166203916,0.7390638341506323,0.780175507068634,0.9831831455230713,0.36363636363636365,0.06060606060606061,3,1,0.7045269326190464,0.829677619622089,0.9393939393939394,1.6315631410230487
linear_last_index__python__v2,linear_last_index,linear_search,python,2,"Given a list and a target, return the index of the last target occurrence or minus one if absent.","def linear_last_index(counter, current):
    item = -1
    for value, output in enumerate(counter):
        if output == current:
            item = value
    return item",fast_offsets,False,31,31,44,43,True,0.5742248178481363,0.23674491047859192,0.6333718617945495,24.69166716746986,0.6960042731858097,0.24512207508087158,0.8165546450714888,29.928183746989816,0.8206951562748399,0.9457507133483887,0.9843309979106105,0.5581395348837209,0.13953488372093023,12,2,0.5530490849521899,0.6766567025555387,0.8837209302325582,1.6985207351430882
linear_first_index__nl__v3,linear_first_index,linear_search,nl,3,"Given a list and a target, return the index of the first target occurrence or minus one if absent.",Process the list from left to right while tracking the index. Produce the index at the first value equal to the target. Produce minus one if no match is found.,fast_offsets,False,31,31,35,34,True,1.308836250237244,1.5058071613311768,0.796239234901217,44.5004325080663,1.6906028813956415,1.7721591591835022,1.0898812619961205,57.48049796745181,0.5835774873985964,0.5401835739612579,0.9435543733484605,0.20588235294117646,0.08823529411764706,2,1,0.9300892658983216,1.2609397220340641,0.9411764705882353,1.6328444523490309
matrix_contains__nl__v3,matrix_contains,matrix_search,nl,3,"Given a matrix and a target value, determine whether the target occurs anywhere in the matrix.",Process every row and every value within each row. Produce true as soon as a value equals the target. Produce false if the whole matrix is scanned without a match.,fast_offsets,False,28,28,36,35,True,1.2303886504045554,1.4084289073944092,0.7060771844540864,43.06360276415944,1.519845924592976,1.6106668710708618,0.9225976187588524,53.19460736075416,0.6065785718815667,0.529217541217804,0.9609114170074463,0.22857142857142856,0.08571428571428572,2,1,0.8380644525236943,1.1051474253866165,0.9428571428571428,1.8437742637769718
filter_negative__python__v2,filter_negative,sign_filter,python,2,"Given a list of numbers, create a new list containing only negative values.","def filter_negative(current):
    item = []
    for value in current:
        if value < 0:
            item.append(value)
    return item",fast_offsets,False,25,25,39,38,True,0.3406409935927705,0.049636274576187134,0.5836943828757089,12.944357756525278,0.3732269792756262,0.054755743592977524,0.6466484786489556,14.182625212473795,0.8929904267976159,0.9932294189929962,0.9961708093944349,0.7631578947368421,0.5526315789473685,23,8,0.371417072475762,0.4048728757235851,0.9473684210526315,1.0303270610541069
scan_min__nl__v3,scan_min,scan_extremum,nl,3,"Given a non-empty list of numbers, find the smallest value by scanning the list once.","Set the first value as the current minimum. Process each remaining value. If a value is smaller than the current minimum, replace the current minimum with it. Produce the current minimum after the scan.",fast_offsets,False,30,30,40,39,True,0.9852879676872339,1.042226791381836,0.6751199927161965,38.42623073980212,1.056116558611393,1.076047420501709,0.7439533260197596,41.188545785844326,0.6508585627262409,0.6057860255241394,0.9912389226448841,0.3076923076923077,0.10256410256410256,5,1,0.744265254586935,0.8123248529277349,0.9487179487179487,1.3134306679742458
is_nondecreasing__nl__v2,is_nondecreasing,monotonicity,nl,2,"Given a list of numbers, determine whether it is in nondecreasing order.","Inspect each adjacent pair from left to right. If an earlier value is greater than the following value, output false. Output true if no such pair exists.",fast_offsets,False,27,27,32,31,True,1.0146628982958295,1.1078801155090332,0.5790029095899951,31.45454984717071,1.1192786074093273,1.167793869972229,0.6345746842479875,34.697636829689145,0.6714997080064589,0.6819583177566528,0.9880342079747108,0.22580645161290322,0.06451612903225806,2,2,0.6452301602810622,0.6706508657584588,0.967741935483871,1.7288489096737918
digit_product__python__v3,digit_product,digit_aggregate,python,3,"Given a positive integer, compute the product of its decimal digits.","def digit_product(element):
    entry = 1
    while element > 0:
        entry *= element % 10
        element //= 10
    return entry",fast_offsets,False,23,23,43,42,True,0.37816098966730005,0.16177456080913544,0.4740615402888622,15.882761566026602,0.41598892659212217,0.16327712684869766,0.5464909106258149,17.471534916869132,0.8830126247235707,0.9704670608043671,0.9956211461907342,0.6904761904761905,0.35714285714285715,9,4,0.37471084231397184,0.429366971929728,0.9523809523809523,0.7731111984983381
is_nondecreasing__nl__v3,is_nondecreasing,monotonicity,nl,3,"Given a list of numbers, determine whether it is in nondecreasing order.","Process each adjacent pair from left to right. If an earlier value is greater than the following value, return false. Produce true if no such pair exists.",fast_offsets,False,27,27,32,31,True,1.0445780668167337,1.0291905403137207,0.5927596218974333,32.381920071318746,1.1916556570438608,1.0833749771118164,0.7192007794099975,36.941325368359685,0.6516735592196065,0.6849529147148132,0.9816046068745274,0.1935483870967742,0.06451612903225806,2,2,0.6751800083865722,0.7528931417812904,0.9354838709677419,1.8023409253744889
count_character__nl__v1,count_character,char_count,nl,1,"Given a string and a character, count how many times that character appears.","Start a counter at zero. Examine each character in the string. Whenever it equals the target character, increase the counter by one. Return the counter.",fast_offsets,False,25,25,33,32,True,0.7733564786612988,0.6165347993373871,0.663821729058931,24.74740731716156,0.8289236226119101,0.6707247495651245,0.7280961667841385,26.525555923581123,0.7496543517336249,0.8471053540706635,0.9934714250266552,0.375,0.03125,3,1,0.7399108015721844,0.8075766351915175,0.96875,1.225528047165426
merge_sorted_descending__python__v3,merge_sorted_descending,merge_sorted,python,3,"Given two lists sorted in descending order, merge them into one descending list.","def merge_sorted_descending(x, n_count):
    result = []
    element = 0
    entry = 0
    while element < len(x) and entry < len(n_count):
        if x[element] >= n_count[entry]:
            result.append(x[element])
            element += 1
        else:
            result.append(n_count[entry])
            entry += 1
    result.extend(x[element:])
    result.extend(n_count[entry:])
    return result",fast_offsets,False,27,27,129,128,True,0.25803803307587714,0.04225156828761101,0.4094881375178277,33.028868233712274,0.2894014766220607,0.04295803979039192,0.4923244633303052,37.04338900762377,0.9212436671368778,0.9944309294223785,0.9961758642457426,0.765625,0.5625,24,20,0.24685559755142625,0.2901621686210343,0.9765625,0.6206342852420121
matrix_row_sums__nl__v1,matrix_row_sums,matrix_aggregate,nl,1,"Given a matrix of numbers, return a list containing the sum of each row.","Create an empty result list. For each row, start a row total at zero, add every value in the row, and append the row total. Return the result.",fast_offsets,False,26,26,34,33,True,0.7854784860303907,0.7695877552032471,0.5505832406318855,25.920790039002895,0.8417007026798797,0.8028560876846313,0.602108953334427,27.77612318843603,0.7445907014789004,0.8133481740951538,0.9936939423734491,0.36363636363636365,0.030303030303030304,3,1,0.5195048185996711,0.5911210752092302,1.0,1.905239107792802
chunks_fixed_size__nl__v3,chunks_fixed_size,chunking,nl,3,"Given a list and a positive chunk size, split the list into consecutive chunks of at most that size.","Initialize an empty result list. Move a starting index through the input in steps equal to the chunk size. At each step, append the corresponding slice. Produce the result.",fast_offsets,False,32,32,36,35,True,0.9822282840098654,0.8380693197250366,0.7133340954739026,34.37798994034529,1.1816974169441632,0.9867041707038879,0.9102767317608402,41.35940959304571,0.7045443930796215,0.7392032742500305,0.9716742515563965,0.3142857142857143,0.02857142857142857,3,1,0.9622416870997232,1.2169303295805174,0.9142857142857143,2.061854331115527
dedupe_first__nl__v1,dedupe_first,deduplication,nl,1,"Given a list, remove duplicate values while keeping the first occurrence of each value.","Start with an empty result list. Examine the input values in order. If the current value is not already in the result, append it. Return the result after the scan.",fast_offsets,False,26,26,37,36,True,0.8959961204479138,0.8953632712364197,0.629793301788092,32.2558603361249,0.983946182868547,0.9360717535018921,0.7367526609061212,35.42206258326769,0.7040249432126681,0.6827880144119263,0.9886760347419314,0.3333333333333333,0.05555555555555555,3,1,0.7731828991855894,0.8872376327003751,0.9444444444444444,1.5794764905909284
count_odd__nl__v1,count_odd,parity_count,nl,1,"Given a list of integers, count how many values are odd.","Start a counter at zero. Examine every integer. Whenever the current value is odd, increase the counter by one. Return the counter after all values are processed.",fast_offsets,False,23,23,35,34,True,0.8454515526399893,0.7292755544185638,0.6283766320573797,28.745352789759636,0.9247796554118395,0.7457817196846008,0.6973528061623917,31.442508284002542,0.7209668974666035,0.7678537964820862,0.9905569903990802,0.29411764705882354,0.029411764705882353,3,1,0.6681700944900513,0.7564344318075613,0.9705882352941176,1.5803093015051939
remove_digits__nl__v1,remove_digits,string_filter,nl,1,"Given a string, return a new string with all decimal digits removed.","Start with an empty result string. Examine each character. If it is not a decimal digit, append it to the result. Return the result.",fast_offsets,False,24,24,31,30,True,0.6432585084189971,0.5719462633132935,0.48221462528748765,19.297755252569914,0.7146460776527722,0.6435322463512421,0.5738624109693207,21.439382329583168,0.796699849764506,0.8274557590484619,0.9918085177739461,0.43333333333333335,0.13333333333333333,4,1,0.5675090050389027,0.6415913834654051,0.9666666666666667,0.8141802637216945
reverse_integer__nl__v2,reverse_integer,numeric_reverse,nl,2,"Given a nonnegative integer, reverse the order of its decimal digits.","Begin the reversed value at zero. While the number is positive, take its last digit, add that digit to the reversed value by multiplying by ten and adding, then remove the last input digit. Output the reversed value.",fast_offsets,False,24,24,48,47,True,1.0141099461037268,0.9684791564941406,0.6504243081814665,47.663167466875166,1.2049145805723767,1.092332124710083,0.8596485462622182,56.630985286901705,0.6775209038181508,0.7200084924697876,0.9735109412923773,0.2127659574468085,0.0851063829787234,3,1,0.7580426585779566,0.956288339129811,0.9787234042553191,1.562430571815794
partition_by_threshold__python__v3,partition_by_threshold,partition,python,3,"Given a list of numbers and a threshold, return two lists: values below the threshold and values at least the threshold, preserving order.","def partition_by_threshold(n_count, x):
    entry = []
    element = []
    for result in n_count:
        if result < x:
            entry.append(result)
        else:
            element.append(result)
    return entry, element",fast_offsets,False,38,38,66,65,True,0.36066340852278067,0.05988844856619835,0.5411483721757735,23.443121553980745,0.43636344554834067,0.0756075382232666,0.6839136383233335,28.363623960642144,0.8955023953547845,0.9915240406990051,0.9910589539087735,0.7384615384615385,0.5076923076923077,25,10,0.40396658014287823,0.5169724428051268,0.9230769230769231,1.1019291412640506
merge_sorted_ascending__python__v2,merge_sorted_ascending,merge_sorted,python,2,"Given two lists sorted in ascending order, merge them into one ascending list.","def merge_sorted_ascending(current, counter):
    output = []
    item = 0
    value = 0
    while item < len(current) and value < len(counter):
        if current[item] <= counter[value]:
            output.append(current[item])
            item += 1
        else:
            output.append(counter[value])
            value += 1
    output.extend(current[item:])
    output.extend(counter[value:])
    return output",fast_offsets,False,27,27,119,118,True,0.3079486968248818,0.05531420558691025,0.5053311359045505,36.337946225336054,0.3628619135417497,0.05649643391370773,0.6752265661505563,42.817705797926465,0.9056118565090632,0.9910992681980133,0.9922969649403782,0.7457627118644068,0.5254237288135594,41,19,0.27039825220037106,0.36030064236124454,0.9661016949152542,0.5472413583285928
filter_negative__nl__v1,filter_negative,sign_filter,nl,1,"Given a list of numbers, create a new list containing only negative values.","Start with an empty result list. Examine every number. Whenever a number is less than zero, append it to the result. Return the result after processing the input.",fast_offsets,False,25,25,36,35,True,0.6947055556944438,0.4840821325778961,0.5835527570367927,24.314694449305534,0.7548786388444049,0.5564428567886353,0.6708522652192268,26.42075235955417,0.7804883752550398,0.8816925287246704,0.9924565298216683,0.45714285714285713,0.05714285714285714,5,1,0.6802664653343313,0.7572270545231945,0.9714285714285714,1.728345459267231
square_values__python__v3,square_values,element_transform,python,3,"Given a list of numbers, create a list containing the square of each element.","def square_values(x):
    element = []
    for entry in x:
        element.append(entry * entry)
    return element",fast_offsets,False,26,26,33,32,True,0.4243659959320212,0.11911111325025558,0.5511434607900327,13.579711869824678,0.45419276796747,0.12816999480128288,0.5847360966083601,14.53416857495904,0.8736937949433923,0.981233686208725,0.9968007896095514,0.71875,0.34375,6,5,0.6009869646100748,0.6340536156729344,0.9375,1.3511311969650706
count_character__python__v3,count_character,char_count,python,3,"Given a string and a character, count how many times that character appears.","def count_character(result, x):
    entry = 0
    for element in result:
        if element == x:
            entry += 1
    return entry",fast_offsets,False,25,25,39,38,True,0.470600133116884,0.19475636631250381,0.586923994843809,17.88280505844159,0.5274622714955752,0.20724914222955704,0.6872710087234766,20.043566316831857,0.8585083876785479,0.9617177844047546,0.9928984014611495,0.631578947368421,0.21052631578947367,13,2,0.4509371635032113,0.5275720853006115,0.9210526315789473,1.1530090198761365
reverse_string__python__v2,reverse_string,reverse_sequence,python,2,"Given a string, create a new string containing the same characters in reverse order.","def reverse_string(current):
    value = """"
    for item in range(len(current) - 1, -1, -1):
        value += current[item]
    return value",fast_offsets,False,26,26,45,44,True,0.2869268693320919,0.09708225727081299,0.48339782041385726,12.624782250612043,0.3062938822179355,0.10075138136744499,0.5230023527004244,13.476930817589164,0.9095656445080583,0.9844450056552887,0.9977952377362684,0.8181818181818182,0.4318181818181818,13,8,0.4187669430177139,0.43875095893650556,0.9545454545454546,0.8854430127699247
binary_to_integer__nl__v1,binary_to_integer,base_conversion,nl,1,"Given a string of binary digits, convert it to a nonnegative integer.","Start the result at zero. Examine the digits from left to right, doubling the result and adding the numeric value of the current digit. Return the result.",fast_offsets,False,25,25,34,33,True,0.9707514913188238,0.9492523670196533,0.7664853009629337,32.03479921352118,1.133234309013157,1.0223511457443237,0.9931462326937969,37.396732197434176,0.6834327691432202,0.713082492351532,0.9740802970799533,0.3939393939393939,0.09090909090909091,3,1,0.8752260890905745,1.1107796350661374,0.9393939393939394,1.4233165275407813
factorial_iterative__nl__v2,factorial_iterative,factorial_product,nl,2,"Given a nonnegative integer n, compute n factorial iteratively.",Begin a product at one. Multiply it by every integer from two through n. Output the final product.,fast_offsets,False,24,24,23,22,True,1.076959478436038,1.2770463824272156,0.637873204446671,23.693108525592834,1.2786410972052678,1.3691335916519165,0.81024764163248,28.13010413851589,0.6397224705327641,0.5318274796009064,0.9732031117786061,0.3181818181818182,0.045454545454545456,2,1,0.8008605216496757,0.9919174541497514,0.9090909090909091,1.8743091000029712
filter_nonnegative__nl__v3,filter_nonnegative,sign_filter,nl,3,"Given a list of numbers, create a new list containing only values greater than or equal to zero.","Initialize with an empty result list. Process every number. For any case in which a number is at least zero, append it to the result. Produce the result after processing the input.",fast_offsets,False,30,30,39,38,True,0.872826486825943,0.9141098260879517,0.5545109283950375,33.167406499385834,1.0186440769190852,0.9942155480384827,0.7293964764707167,38.708474922925234,0.7388006664420429,0.7599643170833588,0.9812107117552507,0.2631578947368421,0.02631578947368421,3,1,0.5820143575201163,0.7436468986844694,0.8947368421052632,2.3758202299267346
insertion_sort_descending__nl__v3,insertion_sort_descending,insertion_sort,nl,3,"Given a list of numbers, sort it in descending order using insertion sort and return the sorted copy.","Copy the list. Starting with the second element, shift smaller earlier values one position right until the current value can be inserted in order. Produce the copy.",fast_offsets,False,32,32,32,31,True,1.1823825341078542,1.0956780910491943,0.6220180161822654,36.65385855734348,1.3847059727676454,1.2788043022155762,0.7785111761119861,42.925885155797005,0.6256530736723254,0.6318543553352356,0.9721459611769645,0.16129032258064516,0.0,3,0,0.5626559277375539,0.6834033886591594,0.9032258064516129,2.5391720237751163
most_frequent__nl__v2,most_frequent,mode_selection,nl,2,"Given a non-empty list, return a value with the highest occurrence count, choosing the first such value on ties.",Build occurrence counts. Then scan the original list while tracking the best value and highest count seen. Replace the best only when a strictly higher count is found. Output the best value.,fast_offsets,False,35,35,36,35,True,1.4053708417075021,1.3679163455963135,0.6342244577269568,49.18797945976257,1.8109829664230346,1.810445785522461,0.8630379354344793,63.38440382480621,0.5631986047540393,0.5852097272872925,0.9418150612286159,0.05714285714285714,0.0,1,0,0.5382663432289573,0.7661759082008811,0.9142857142857143,2.399700889629977
digit_product__nl__v3,digit_product,digit_aggregate,nl,3,"Given a positive integer, compute the product of its decimal digits.","Initialize a product at one. While the number is positive, multiply the product by its last decimal digit and remove that digit using integer division by ten. Produce the product.",fast_offsets,False,23,23,36,35,True,0.9392229604933943,0.8903049230575562,0.666407701003599,32.8728036172688,1.0539388690676008,1.0106486082077026,0.7872947854175909,36.88786041736603,0.6954769053629466,0.7731075882911682,0.9844475678035192,0.34285714285714286,0.11428571428571428,3,1,0.8234767771380789,0.9365484895294204,0.9428571428571428,2.0091072338167577
rotate_matrix_clockwise__nl__v3,rotate_matrix_clockwise,matrix_transform,nl,3,"Given a non-empty square matrix, return a new matrix rotated ninety degrees clockwise.","Initialize an empty result. For each original column from left to right, build a row by reading that column from bottom to top. Place each row and return the result.",fast_offsets,False,30,30,35,34,True,1.1332074760952418,1.2023538947105408,0.7043064301822897,38.529054187238216,1.3549924218917595,1.3015096187591553,0.9071025695954269,46.06974234431982,0.6507033179788029,0.6301637887954712,0.9673130687545327,0.23529411764705882,0.029411764705882353,2,1,0.7723452058253866,1.0181402731122393,0.9117647058823529,2.1866065973607713
sum_positive__nl__v2,sum_positive,sign_sum,nl,2,"Given a list of numbers, sum only the positive values.","Begin the total at zero. Inspect every number. If a number is greater than zero, add it to the total. Output the total after the list has been processed.",fast_offsets,False,22,22,35,34,True,0.9678082732922014,0.9115247130393982,0.7861214966656468,32.90548129193485,1.1285735780428,1.0019808113574982,0.9562813454432266,38.3715016534552,0.7003960101043477,0.7304130494594574,0.9774311588091009,0.4117647058823529,0.08823529411764706,5,1,0.8293095485053279,1.0233454587446018,0.9411764705882353,1.4994628693127785
binary_search_exact__nl__v2,binary_search_exact,binary_search,nl,2,"Given an ascending sorted list and a target value, return the target index or minus one if absent.","Set low and high indices around the search range. Repeatedly inspect the middle value, returning its index on a match. Discard the half that cannot contain the target. Output minus one if the range becomes empty.",fast_offsets,False,31,31,45,44,True,1.4445698758671908,1.5349394083023071,0.7350093868744871,63.56107453815639,1.8530904934318229,2.039429187774658,1.046124846437773,81.5359817110002,0.5367093875326894,0.45688067376613617,0.9367994327436794,0.11363636363636363,0.045454545454545456,2,2,0.7942648918996024,1.1951784950702689,0.8636363636363636,2.164941524840701
filter_nonnegative__nl__v2,filter_nonnegative,sign_filter,nl,2,"Given a list of numbers, create a new list containing only values greater than or equal to zero.","Begin with an empty result list. Inspect every number. If a number is at least zero, add it to the result. Output the result after processing the input.",fast_offsets,False,30,30,34,33,True,0.7720481191169132,0.5937440395355225,0.6142583777134955,25.477587930858135,0.8733281334721004,0.6652979850769043,0.7537760528089817,28.81982840457931,0.7716981547348427,0.8547192215919495,0.9862525282484113,0.36363636363636365,0.030303030303030304,3,1,0.7184630944393575,0.8344754884892609,0.9696969696969697,1.743639546771054
first_even_index__python__v3,first_even_index,first_match_index,python,3,"Given a list of integers, return the index of the first even value, or minus one if none exists.","def first_even_index(x):
    for element, entry in enumerate(x):
        if entry % 2 == 0:
            return element
    return -1",fast_offsets,False,32,32,40,39,True,0.298019438659629,0.09069815278053284,0.4120000370136476,11.62275810772553,0.32055666962137014,0.09239047765731812,0.4476728008097954,12.501710115233436,0.9134014760836576,0.9854292869567871,0.9978202459139701,0.6923076923076923,0.4358974358974359,10,5,0.2798252777796925,0.30027646295677285,0.9487179487179487,0.8910878207534552
sum_negative__nl__v2,sum_negative,sign_sum,nl,2,"Given a list of numbers, sum only the negative values.","Begin the total at zero. Inspect every number. If a number is less than zero, add it to the total. Output the total after the list has been processed.",fast_offsets,False,22,22,35,34,True,1.0119223891593077,0.9572920203208923,0.807203536982074,34.405361231416464,1.1901800377184855,1.0544065535068512,0.9913547138679469,40.4661212824285,0.6820373478181222,0.7127051949501038,0.9743576400420245,0.35294117647058826,0.058823529411764705,4,1,0.8898630957260276,1.091790220276876,0.9411764705882353,1.5317744454882547
adjacent_differences__nl__v3,adjacent_differences,adjacent_transform,nl,3,"Given a list of numbers, create a list of differences between each value and its predecessor.","Initialize an empty result list. Starting with the second input value, subtract the preceding value from the current value and append the difference. Produce the result.",fast_offsets,False,30,30,32,31,True,0.839153756898257,0.7486563920974731,0.5812565204881213,26.01376646384597,0.9099525031783888,0.7520646452903748,0.6805624563509306,28.208527598530054,0.7221991487087742,0.7912321090698242,0.9910698379239729,0.25806451612903225,0.0967741935483871,3,1,0.6133312378078699,0.6944240930179755,0.9354838709677419,1.7391288735483201
digit_product__python__v2,digit_product,digit_aggregate,python,2,"Given a positive integer, compute the product of its decimal digits.","def digit_product(item):
    value = 1
    while item > 0:
        value *= item % 10
        item //= 10
    return value",fast_offsets,False,23,23,43,42,True,0.3175606848678962,0.13060499355196953,0.4099413827331801,13.33754876445164,0.34811998062685323,0.13169021159410477,0.4794338017211758,14.621039186327835,0.9060105617557254,0.9774903059005737,0.9964729902290163,0.7619047619047619,0.3333333333333333,9,3,0.3616161539656587,0.4096202511154399,0.9523809523809523,0.5438459471311684
integer_to_binary__nl__v3,integer_to_binary,base_conversion,nl,3,"Given a positive integer, return its binary representation as a string without a prefix.","Initialize with an empty digit list. Repeatedly append the remainder after division by two and divide the number by two. Reverse the collected digits, join them, and return the string.",fast_offsets,False,26,26,40,39,True,1.0123965488985562,0.8714543581008911,0.7013408365750698,39.483465407043695,1.186289528074364,0.9267629384994507,0.8848801831448098,46.26529159490019,0.6782380686356471,0.7263022065162659,0.9758223127096127,0.23076923076923078,0.10256410256410256,2,2,0.8013054355978966,1.0099174826847095,0.9487179487179487,1.7512205713816609
reverse_string__nl__v2,reverse_string,reverse_sequence,nl,2,"Given a string, create a new string containing the same characters in reverse order.",Begin with an empty result string. Inspect the input from the last position to the first and add each character to the result. Output the result.,fast_offsets,False,26,26,30,29,True,0.8945856816938211,0.770737886428833,0.6263925500369224,25.942984769120812,1.0302998557815264,0.8776810765266418,0.7540294480474204,29.878695817664266,0.7265168582570964,0.7791886925697327,0.982729985796172,0.3448275862068966,0.034482758620689655,2,1,0.896847238897213,1.0247878324506539,0.9655172413793104,1.6007804643495234
digit_product__nl__v2,digit_product,digit_aggregate,nl,2,"Given a positive integer, compute the product of its decimal digits.","Begin a product at one. While the number is positive, multiply the product by its last decimal digit and remove that digit using integer division by ten. Output the product.",fast_offsets,False,23,23,34,33,True,1.0751233821113904,0.9841875433921814,0.6383165419457509,35.479071609675884,1.2568217394026844,1.0684635639190674,0.7930787278355816,41.47511740028858,0.6552216324842337,0.736717939376831,0.9757300344380465,0.18181818181818182,0.030303030303030304,2,1,0.8653725092299283,1.017624108120799,0.9090909090909091,1.9625058876858517
count_equal_neighbors__nl__v1,count_equal_neighbors,adjacent_analysis,nl,1,"Given a list, count how many adjacent pairs contain equal values.",Start a counter at zero. Compare each value after the first with its predecessor. Increase the counter when the two values are equal. Return the counter.,fast_offsets,False,23,23,35,34,True,0.9244534076698234,0.9155902862548828,0.5992203107413645,31.431415860773996,1.0156813170692391,0.9587730169296265,0.6939007647179364,34.53316478035413,0.7100473072598962,0.7258458435535431,0.9886583317728603,0.23529411764705882,0.08823529411764706,4,2,0.6571806009266187,0.7523380317443022,0.9411764705882353,1.364925357813584
contains_zero__python__v3,contains_zero,membership_test,python,3,"Given a list of numbers, determine whether zero occurs in the list.","def contains_zero(entry):
    for element in entry:
        if element == 0:
            return True
    return False",fast_offsets,False,24,24,30,29,True,0.36933872901336773,0.07391908019781113,0.6167223315772337,10.710823141387664,0.4020047511198911,0.080644391477108,0.6822840982205743,11.658137782476842,0.8775761877668316,0.9888010621070862,0.9961849430511738,0.7586206896551724,0.4482758620689655,16,5,0.3677924088551663,0.3903306496795267,0.9655172413793104,0.6921527666916142
count_digits__python__v2,count_digits,digit_count,python,2,"Given a positive integer, count its decimal digits.","def count_digits(value):
    item = 0
    while value > 0:
        value //= 10
        item += 1
    return item",fast_offsets,False,20,20,40,39,True,0.3751533979617913,0.10143004357814789,0.49063968095528127,14.63098252050986,0.4068823592574634,0.10320277512073517,0.5453481268099007,15.868412011041073,0.8754777044822009,0.9827165007591248,0.9964062632658542,0.6410256410256411,0.4358974358974359,11,6,0.4024185004504704,0.4497928946557773,0.9743589743589743,0.7412544226242225
count_vowels__python__v2,count_vowels,char_count,python,2,"Given a lowercase string, count how many characters are vowels.","def count_vowels(current):
    value = 0
    for item in current:
        if item in ""aeiou"":
            value += 1
    return value",fast_offsets,False,25,25,42,41,True,0.3263493736697611,0.11698250472545624,0.4604360499758804,13.380324320460204,0.35447384535246984,0.11864203959703445,0.5048615005802572,14.533427659451263,0.9054487972724728,0.9788051247596741,0.9971104598626858,0.7560975609756098,0.3170731707317073,7,3,0.40473600283439737,0.4374562332392088,0.9512195121951219,0.8039094764020908
insertion_sort_descending__nl__v1,insertion_sort_descending,insertion_sort,nl,1,"Given a list of numbers, sort it in descending order using insertion sort and return the sorted copy.","Copy the list. Starting with the second element, shift smaller earlier values one position right until the current value can be inserted in order. Return the copy.",fast_offsets,False,32,32,31,30,True,1.1550745437542598,1.159043788909912,0.5960354740425216,34.65223631262779,1.339726301530997,1.2237778306007385,0.7384405804278662,40.19178904592991,0.6348312050104141,0.6188797950744629,0.9750791788101196,0.16666666666666666,0.0,3,0,0.5566859039767035,0.6710403294398867,0.9333333333333333,2.210014121731122
integer_to_binary__python__v1,integer_to_binary,base_conversion,python,1,"Given a positive integer, return its binary representation as a string without a prefix.","def integer_to_binary(number):
    digits = []
    while number > 0:
        digits.append(str(number % 2))
        number //= 2
    digits.reverse()
    return """".join(digits)",fast_offsets,False,26,26,58,57,True,0.24288329299512648,0.0427350178360939,0.4112160588264023,13.84434770072221,0.25920289569962496,0.0433778241276741,0.46400766632146995,14.774565054878622,0.9257136005581471,0.9936410784721375,0.9980386987067106,0.7719298245614035,0.543859649122807,13,9,0.3109699056071804,0.3289135942399558,0.9824561403508771,0.42501873330368317
selection_sort_descending__nl__v1,selection_sort_descending,selection_sort,nl,1,"Given a list of numbers, sort it in descending order using selection sort and return the sorted copy.","Copy the list. For each position, find the largest value in the remaining suffix and swap it into the current position. Return the copy.",fast_offsets,False,31,31,28,27,True,1.1011112536545153,1.0928609371185303,0.6010936334752714,29.730003848671913,1.2705653094583087,1.2672951221466064,0.7622398157556488,34.305263355374336,0.663334576619996,0.6706395149230957,0.9769176995312726,0.14814814814814814,0.07407407407407407,1,1,0.613963742668812,0.701977978532131,0.9629629629629629,1.4946714135542236
selection_sort_ascending__nl__v2,selection_sort_ascending,selection_sort,nl,2,"Given a list of numbers, sort it in ascending order using selection sort and return the sorted copy.","Copy the list. For each position, find the smallest value in the remaining suffix and swap it into the current position. Output the copy.",fast_offsets,False,31,31,28,27,True,1.0842291707241978,1.1510560512542725,0.582382137921617,29.274187609553337,1.2628868081503444,1.3052642345428467,0.7250281758729257,34.0979438200593,0.6701767279042138,0.6646975874900818,0.9765575351538481,0.18518518518518517,0.1111111111111111,2,1,0.6014503297897486,0.6704387223491302,0.9259259259259259,1.6851362153646294
product_one_to_n__nl__v3,product_one_to_n,factorial_product,nl,3,"Given a positive integer n, compute the product of all integers from one through n.","Initialize a product at one. Process every integer from one through n, multiplying it into the product. Produce the final product.",fast_offsets,False,27,27,28,27,True,0.853331697449364,0.868594765663147,0.6240792034925089,23.03995583113283,0.9457012622582691,0.9156092405319214,0.6982253144672125,25.533934080973268,0.7246745096312629,0.7134569883346558,0.9891334286442509,0.37037037037037035,0.1111111111111111,3,1,0.7282659561874775,0.8106455108723961,0.8888888888888888,2.010674142158004
clamp_values__nl__v2,clamp_values,bounded_numeric_transform,nl,2,"Given a list of numbers and lower and upper bounds, clamp each value into the inclusive interval.","Build an empty result list. Inspect each value. Replace values below the lower bound with the lower bound, values above the upper bound with the upper bound, and keep all others unchanged. Output the result.",fast_offsets,False,31,31,43,42,True,0.8264490299237272,0.7477501928806305,0.6648766477350961,34.71085925679654,0.9579156744959099,0.8764118552207947,0.8158361610573417,40.232458328828216,0.7316937978778567,0.7786223590373993,0.9829499806676593,0.40476190476190477,0.19047619047619047,8,7,0.5395454622169094,0.6644114230464144,0.9285714285714286,1.4828294632274523
least_frequent__python__v3,least_frequent,mode_selection,python,3,"Given a non-empty list, return a value with the lowest occurrence count, choosing the first such value on ties.","def least_frequent(result):
    entry = {}
    for x in result:
        entry[x] = entry.get(x, 0) + 1
    element = result[0]
    for x in result:
        if entry[x] < entry[element]:
            element = x
    return element",fast_offsets,False,35,35,75,74,True,0.43876986091207665,0.0761934258043766,0.6996937758536342,32.46896970749367,0.5187920036617937,0.08042148128151894,0.8855797856722054,38.390608270972734,0.8622066920270791,0.9874460995197296,0.9881889514020972,0.7162162162162162,0.4594594594594595,16,5,0.5028027004421982,0.6194293206878172,0.9594594594594594,0.7797208363286159
lcm_two__nl__v3,lcm_two,lcm_family,nl,3,"Given two positive integers, compute their least common multiple using their greatest common divisor.","Compute the greatest common divisor with the Euclidean algorithm, then divide one input by that gcd and multiply by the other input. Produce the product.",fast_offsets,False,27,27,33,32,True,0.9373774277846678,0.9495953321456909,0.6802618150022147,29.99607768910937,1.1063262473471696,1.019065022468567,0.8223118726925469,35.402439915109426,0.7012834511697292,0.7090308368206024,0.9793212562799454,0.34375,0.1875,3,3,0.7709241805808439,0.9172664986202314,0.96875,1.641239643768131
is_strictly_increasing__python__v1,is_strictly_increasing,monotonicity,python,1,"Given a list of numbers, determine whether it is strictly increasing.","def is_strictly_increasing(values):
    for index in range(1, len(values)):
        if values[index - 1] >= values[index]:
            return False
    return True",fast_offsets,False,23,23,49,48,True,0.15951364626592598,0.03316072002053261,0.3308536403260364,7.656655020764447,0.16577919508911995,0.03448111191391945,0.3439003678037012,7.957401364277757,0.951681307827433,0.9956714510917664,0.9994284709294637,0.8541666666666666,0.6041666666666666,16,9,0.23674048100749248,0.24269004061383423,1.0,0.3584431269317463
frequency_map_items__nl__v3,frequency_map_items,frequency_map,nl,3,"Given a list of hashable values, build a dictionary mapping each value to its occurrence count.","Initialize with an empty dictionary. Process each value. If it is already a key, increase its count; otherwise create the key with count one. Produce the dictionary.",fast_offsets,False,29,29,35,34,True,0.9101540558040142,0.9555990695953369,0.5622633254155955,30.945237897336483,1.0605412684928845,1.0450575947761536,0.7473092378447426,36.05840312875807,0.7039551428135704,0.7197842597961426,0.9807666785576764,0.20588235294117646,0.058823529411764705,2,1,0.5697220952221842,0.7331547602220918,0.9117647058823529,1.8883492106243092
are_disjoint__nl__v3,are_disjoint,set_relation,nl,3,"Given two collections, determine whether they have no value in common.","Process each value in the first collection. If any value occurs in the second collection, return false. Produce true if no common value is found.",fast_offsets,False,23,23,30,29,True,1.0285669228640095,0.90057373046875,0.5613280912707371,29.82844076305628,1.1715528218653695,1.0721772909164429,0.6663011229005866,33.97503183409572,0.6661691141539606,0.7180328369140625,0.9832221084627611,0.20689655172413793,0.034482758620689655,2,1,0.5984904377588204,0.6721046367394072,0.9310344827586207,1.5880507871604943
binary_to_integer__nl__v2,binary_to_integer,base_conversion,nl,2,"Given a string of binary digits, convert it to a nonnegative integer.","Begin the result at zero. Inspect the digits from left to right, doubling the result and adding the numeric value of the current digit. Output the result.",fast_offsets,False,25,25,33,32,True,1.0933136414168985,1.0578340888023376,0.7702831176287964,34.98603652534075,1.3485771263949573,1.167643964290619,1.0706482581731442,43.154468044638634,0.6442731306888163,0.6462723910808563,0.9605476427823305,0.28125,0.09375,2,1,0.875389723933392,1.1765286980136749,0.875,1.7777027224699395
chunks_pairs__python__v3,chunks_pairs,chunking,python,3,"Given a list, split it into consecutive chunks containing at most two elements.","def chunks_pairs(x):
    element = []
    for entry in range(0, len(x), 2):
        element.append(x[entry:entry + 2])
    return element",fast_offsets,False,26,26,49,48,True,0.46641154808579205,0.20383675396442413,0.5822167999564266,22.38775430811802,0.5347747446260959,0.2065846472978592,0.7145016742472774,25.6691877420526,0.8596255037312707,0.9615267813205719,0.9907690770924091,0.6666666666666666,0.2916666666666667,6,2,0.5543312954275492,0.6470283497461772,0.9375,1.0720415269622663
numeric_palindrome__nl__v3,numeric_palindrome,numeric_reverse,nl,3,"Given a nonnegative integer, determine whether its decimal digits form a palindrome.",Proceed as follows. Save the original number and build its reversed decimal value digit by digit. Compare the reversed value with the original and return whether they are equal.,fast_offsets,False,27,27,36,35,True,1.335072499646672,1.351938247680664,0.7917726744912432,46.727537487633526,1.6443326807447842,1.5418506860733032,1.0929337485794717,57.55164382606745,0.5765181760702814,0.5948638319969177,0.9499452097075326,0.17142857142857143,0.08571428571428572,2,1,0.9779087319860563,1.3185930195100166,0.9428571428571428,1.6362255514931998
group_by_length__python__v2,group_by_length,grouping,python,2,"Given a list of strings, build a dictionary grouping strings by their length while preserving input order inside each group.","def group_by_length(output):
    item = {}
    for current in output:
        value = len(current)
        if value not in item:
            item[value] = []
        item[value].append(current)
    return item",fast_offsets,False,33,33,59,58,True,0.3407017213577437,0.09644459933042526,0.5603658373077136,19.760699838749133,0.3950000912049416,0.10656579956412315,0.685422701512809,22.910005289886612,0.895155117429536,0.9843970537185669,0.9923534074733997,0.7586206896551724,0.43103448275862066,12,4,0.4325429402381639,0.5127202006477634,0.9310344827586207,0.7663917308242978
lcm_two__python__v2,lcm_two,lcm_family,python,2,"Given two positive integers, compute their least common multiple using their greatest common divisor.","def lcm_two(item, value):
    current = item
    output = value
    while output != 0:
        current, output = output, current % output
    return (item // current) * value",fast_offsets,False,27,27,49,48,True,0.5869106955263609,0.36443930864334106,0.6130430288370387,28.17171338526532,0.6823030002609206,0.373451367020607,0.7707826682367137,32.75054401252419,0.8173504443839192,0.9263830780982971,0.9874626907209555,0.5625,0.16666666666666666,9,3,0.6863702729225476,0.828920755257949,0.9375,1.410289799228849
are_disjoint__nl__v2,are_disjoint,set_relation,nl,2,"Given two collections, determine whether they have no value in common.","Inspect each value in the first collection. If any value occurs in the second collection, output false. Output true if no common value is found.",fast_offsets,False,23,23,30,29,True,1.0521944188352288,1.1027920246124268,0.5951021438126013,30.513638146221638,1.1849171524417812,1.1818885803222656,0.6744252032686288,34.36259742081165,0.6598495625216385,0.6780357360839844,0.9847439527511597,0.20689655172413793,0.034482758620689655,2,1,0.6135883027953761,0.6599775989140783,0.9655172413793104,1.597846725088512
is_prime__nl__v1,is_prime,primality,nl,1,"Given an integer n, determine whether it is prime.",Return false for values below two. Test divisors starting at two while the divisor squared is no greater than n. Return false if any divisor divides n exactly; otherwise return true.,fast_offsets,False,21,21,40,39,True,1.1475029141785433,1.1488537788391113,0.6941387619612264,44.75261365296319,1.3207145983066697,1.2376207113265991,0.8581796601887516,51.507869333960116,0.6140808451634187,0.5717946887016296,0.9758843259933667,0.20512820512820512,0.10256410256410256,2,1,0.7974023103076768,0.9697202710238727,1.0,1.9449035209523013
binary_search_insertion__nl__v1,binary_search_insertion,binary_search,nl,1,"Given an ascending sorted list and a target value, return the index where the target could be inserted while preserving order.",Set low to the start and high just past the end. Repeatedly inspect the middle. Move low right when the middle value is below the target; otherwise move high to the middle. Return low when the range closes.,fast_offsets,False,35,35,47,46,True,1.1596934163244441,1.2533091306686401,0.7432531129391284,53.34589715092443,1.418249902781099,1.450575828552246,0.9703025968180226,65.23949552793056,0.6331573408906874,0.6696791648864746,0.9628643095493317,0.1956521739130435,0.06521739130434782,2,2,0.8276325955262614,1.0632463660091163,0.9347826086956522,2.1239275935000954
absolute_values__python__v1,absolute_values,element_transform,python,1,"Given a list of numbers, create a list containing the absolute value of each element.","def absolute_values(values):
    result = []
    for value in values:
        result.append(abs(value))
    return result",fast_offsets,False,27,27,33,32,True,0.2390685451016452,0.029048972763121128,0.41101972769206824,7.650193443252647,0.24575492311669223,0.029398690909147263,0.4206837299049822,7.864157539734151,0.9255597312003374,0.9960924088954926,0.9993954617530107,0.78125,0.59375,11,8,0.3745830052709695,0.38070430233886826,1.0,0.3433757524538379
list_palindrome__nl__v1,list_palindrome,palindrome_test,nl,1,"Given a list, determine whether its values read the same forward and backward.",Set one index at the beginning and another at the end. Compare the two values and move both indices inward. Return false on a mismatch; return true if all mirrored pairs match.,fast_offsets,False,26,26,39,38,True,1.310589507749108,1.5058318972587585,0.5911510200691066,49.80240129446611,1.5182696223491803,1.5619023442268372,0.7349036640633574,57.69424564926885,0.5628164198837782,0.514891967177391,0.972346410939568,0.13157894736842105,0.07894736842105263,2,1,0.6222400831662722,0.7711494590306806,0.9473684210526315,1.7466501373472918
linear_last_index__nl__v2,linear_last_index,linear_search,nl,2,"Given a list and a target, return the index of the last target occurrence or minus one if absent.","Begin a saved index at minus one. Inspect the list from left to right. If a value equals the target, replace the saved index with the current index. Output the saved index after the scan.",fast_offsets,False,31,31,41,40,True,1.2639572639018297,1.31121027469635,0.8787104593688168,50.55829055607319,1.6387859269510954,1.4956815242767334,1.2218178824605244,65.55143707804382,0.6114369817078114,0.6122263073921204,0.9414781838655472,0.275,0.1,4,1,0.8310703979088709,1.185744302490583,0.9,1.927612722129561
contains_zero__nl__v2,contains_zero,membership_test,nl,2,"Given a list of numbers, determine whether zero occurs in the list.","Inspect the numbers one by one. When the current number equals zero, output true immediately. When the scan finishes without finding zero, output false.",fast_offsets,False,24,24,31,30,True,1.056990921194665,1.191210389137268,0.6808716383233527,31.709727635839954,1.190679507124393,1.2784177660942078,0.7817026139357396,35.72038521373179,0.6536865462859471,0.6158539652824402,0.9831624190012614,0.26666666666666666,0.13333333333333333,2,1,0.6434024558081453,0.7177737171938322,0.9333333333333333,1.8937252035274772
