trajectory_id,task_id,family,representation,variant,task_text,reference_solution,base_token_count,token_count,analysis_token_count,special_token_events,special_token_fraction,trajectory_valid,mean_entropy_top20,median_entropy_top20,std_entropy_top20,cumulative_entropy_top20,mean_entropy_full,median_entropy_full,std_entropy_full,cumulative_entropy_full,mean_p1,median_p1,mean_top20_mass,fraction_p1_ge_090,fraction_p1_ge_099,longest_run_p1_ge_090,longest_run_p1_ge_099,mean_abs_entropy_change_top20,mean_abs_entropy_change_full,reference_in_top20_fraction,mean_reference_surprisal
binary_search_exact__python__v2,binary_search_exact,binary_search,python,2,"Given an ascending sorted list and a target value, return the target index or minus one if absent.","def binary_search_exact(counter, output):
    value = 0
    item = len(counter) - 1
    while value <= item:
        current = (value + item) // 2
        if counter[current] == output:
            return current
        if counter[current] < output:
            value = current + 1
        else:
            item = current - 1
    return -1",24,85,84,0,0.0,True,0.1917872374694222,0.01763899251818657,0.3754279381980652,16.110127947431465,0.20197087021343968,0.017995702102780342,0.3995888900673717,16.965553097928932,0.9369264241485369,0.9977549016475677,0.9989376877035413,0.8571428571428571,0.6190476190476191,53,13,0.26573444033875787,0.2815699911074459,0.9166666666666666,1.3078077713322283
partition_by_sign__nl__v2,partition_by_sign,partition,nl,2,"Given a list of numbers, return two lists: negative values first and nonnegative values second, preserving input order within each group.",Build an empty negative list and an empty nonnegative list. Inspect each number and add it to the appropriate list according to its sign. Output both lists.,30,32,31,0,0.0,True,0.41861081303068204,0.19766657054424286,0.4585719598529824,12.976935203951143,0.44232993587220626,0.19903722405433655,0.5038685569394132,13.712228012038395,0.86297204033021,0.9669957756996155,0.9973715909065739,0.6451612903225806,0.3225806451612903,5,4,0.5776947377050722,0.6211286274250597,0.9354838709677419,2.089920220340871
gcd_two__nl__v2,gcd_two,gcd_family,nl,2,"Given two nonnegative integers, compute their greatest common divisor using the Euclidean algorithm.","While the second value is not zero, replace the pair with the second value and the remainder of the first divided by the second. Output the first value when the second becomes zero.",21,36,35,0,0.0,True,0.26437740523303677,0.061741456389427185,0.38245048745549715,9.253209183156287,0.2732454804850152,0.06347163021564484,0.4093302833492529,9.563591816975531,0.9122356227466039,0.9901031851768494,0.9989182114601135,0.7428571428571429,0.5142857142857142,7,7,0.3831210074069317,0.3984788552220647,0.9714285714285714,1.8347264053864267
is_subset__python__v3,is_subset,set_relation,python,3,"Given two collections, determine whether every value in the first collection occurs in the second.","def is_subset(element, entry):
    for x in element:
        if x not in entry:
            return False
    return True",21,27,26,0,0.0,True,0.2913532938209056,0.013071954250335693,0.4754266072970625,7.575185639343545,0.31084863609318675,0.01337453257292509,0.5143829529390588,8.082064538422856,0.9133309011275952,0.9983526170253754,0.9978217345017654,0.7692307692307693,0.6153846153846154,15,10,0.3239806278303149,0.3538547077367548,0.9230769230769231,1.5204800924947746
matrix_find_position__nl__v2,matrix_find_position,matrix_search,nl,2,"Given a matrix and a target value, return the row and column of the first occurrence in row-major order, or minus one for both if absent.","Scan rows from top to bottom and columns from left to right. If a value equals the target, output its row and column indices. If no match exists, output minus one for both indices.",34,39,38,0,0.0,True,0.5540982153089364,0.43869878351688385,0.5208857626454811,21.055732181739586,0.564920175761807,0.4415457397699356,0.5331448474142823,21.466966678948666,0.8111445919463509,0.8887006938457489,0.9989252670815116,0.47368421052631576,0.2894736842105263,4,3,0.5033148487371462,0.5154499814517614,1.0,1.4645370056818927
fibonacci_nth__python__v3,fibonacci_nth,fibonacci,python,3,"Given a nonnegative integer n with F0 equal to zero and F1 equal to one, return Fn iteratively.","def fibonacci_nth(result):
    entry = 0
    x = 1
    for element in range(result):
        entry, x = x, entry + x
    return entry",28,38,37,0,0.0,True,0.3084183782488548,0.03292795643210411,0.4797587828469594,11.411479995207628,0.3384533909493994,0.03295465558767319,0.5478230242353698,12.52277546512778,0.907610148191452,0.9947561621665955,0.9965398811005257,0.7567567567567568,0.5945945945945946,9,8,0.463547679357968,0.5165905589706704,0.8918918918918919,2.18692229040745
contains_target__nl__v1,contains_target,membership_test,nl,1,"Given a list of values and a target, determine whether the target occurs in the list.","Examine the values one by one. If the current value equals the target, return true immediately. If the scan finishes without a match, return false.",22,31,30,0,0.0,True,0.3966797494445927,0.174080029129982,0.4878102778218196,11.900392483337782,0.39904693132363417,0.17651529610157013,0.48967744438276606,11.971407939709025,0.8429236034552257,0.9676960110664368,0.9998085459073385,0.6666666666666666,0.3333333333333333,8,4,0.400800142091988,0.4030348427959011,0.9666666666666667,2.28174422621305
invert_unique_map__nl__v2,invert_unique_map,dictionary_transform,nl,2,"Given a dictionary whose values are unique, return a new dictionary mapping each original value to its original key.",Begin with an empty result dictionary. Inspect each key and value in the input and assign the original key under the original value in the result. Output the result.,25,33,32,0,0.0,True,0.42283903014595126,0.2322511523962021,0.49447843158881555,13.53084896467044,0.44089292396438395,0.23284335434436798,0.5502199902806573,14.108573566860287,0.8557417597621679,0.948878824710846,0.9973704610019922,0.65625,0.3125,5,2,0.5666954243619505,0.6009945143784036,0.90625,3.2390511864384166
moving_average_three__nl__v1,moving_average_three,sliding_window,nl,1,"Given a list of numbers, return the average of every consecutive window of three values.","Create an empty result list. For each starting index that leaves three values available, add those three values, divide by three, and append the average. Return the result.",21,34,33,0,0.0,True,0.6508151398915233,0.4927976131439209,0.5228507093470125,21.47689961642027,0.6968774907290936,0.5242250561714172,0.6082054443656085,22.996957194060087,0.7874509312889793,0.8704490065574646,0.9942704059860923,0.42424242424242425,0.06060606060606061,4,1,0.6258365218527615,0.7061663118656725,0.9696969696969697,2.5977616879496384
clamp_values__nl__v1,clamp_values,bounded_numeric_transform,nl,1,"Given a list of numbers and lower and upper bounds, clamp each value into the inclusive interval.","Create an empty result list. Examine each value. Replace values below the lower bound with the lower bound, values above the upper bound with the upper bound, and keep all others unchanged. Return the result.",23,42,41,0,0.0,True,0.4833392395944318,0.17908594012260437,0.5310481204388091,19.816908823371705,0.4972545890414483,0.17913950979709625,0.5532420993096705,20.38743815069938,0.8219652786487486,0.9596324563026428,0.9984633486445357,0.5609756097560976,0.36585365853658536,9,3,0.4962163217575835,0.5168191440115152,0.9512195121951219,1.855006091621404
bubble_sort_descending__python__v2,bubble_sort_descending,bubble_sort,python,2,"Given a list of numbers, sort it in descending order using bubble sort and return the sorted copy.","def bubble_sort_descending(output):
    current = output[:]
    for item in range(len(current) - 1, 0, -1):
        for value in range(item):
            if current[value] < current[value + 1]:
                current[value], current[value + 1] = current[value + 1], current[value]
    return current",24,72,71,0,0.0,True,0.1249608730631911,0.0039181942120194435,0.2728222454579217,8.872221987486569,0.1264816182879258,0.003941214643418789,0.27636036394508806,8.980194898442733,0.9502508052637879,0.9996318221092224,0.9998679832673408,0.8732394366197183,0.7746478873239436,52,21,0.15409949131812611,0.15652186292311723,0.9436619718309859,1.1563300654263224
flatten_lists__nl__v1,flatten_lists,flatten_one_level,nl,1,"Given a list of lists, flatten exactly one level into a single list.","Create an empty result list. Examine each inner list in order, then append each of its values to the result. Return the result.",19,28,27,0,0.0,True,0.3480916659108415,0.1691179871559143,0.44970072833882035,9.39847497959272,0.35068310521967727,0.2012099325656891,0.4515853217533868,9.468443840931286,0.8727548972324088,0.9737661480903625,0.9997790809030886,0.7407407407407407,0.37037037037037035,5,3,0.5473770096499581,0.5496234885638562,0.9629629629629629,3.150045380418979
frequency_map_items__nl__v2,frequency_map_items,frequency_map,nl,2,"Given a list of hashable values, build a dictionary mapping each value to its occurrence count.","Begin with an empty dictionary. Inspect each value. If it is already a key, increase its count; otherwise build the key with count one. Output the dictionary.",23,34,33,0,0.0,True,0.5621264402500608,0.47322583198547363,0.4717243195752233,18.550172528252006,0.5913772316945886,0.4779853820800781,0.5587529113097417,19.515448645921424,0.7928769389788309,0.8741685748100281,0.9956640221855857,0.3939393939393939,0.18181818181818182,3,2,0.5398027036571875,0.5921638469881145,0.9090909090909091,2.702929270130522
string_palindrome__python__v2,string_palindrome,palindrome_test,python,2,"Given a string, determine whether it reads the same forward and backward.","def string_palindrome(current):
    item = 0
    value = len(current) - 1
    while item < value:
        if current[item] != current[value]:
            return False
        item += 1
        value -= 1
    return True",18,56,55,0,0.0,True,0.18268075043210544,0.012042732909321785,0.4366795697911781,10.047441273765799,0.19827732818018623,0.012089787051081657,0.5039452224246671,10.905253049910243,0.9419789140874689,0.9984820485115051,0.9975587053732439,0.8545454545454545,0.6909090909090909,36,16,0.3194975618243242,0.35075381047621096,0.9454545454545454,1.3032741460457622
contains_target__python__v1,contains_target,membership_test,python,1,"Given a list of values and a target, determine whether the target occurs in the list.","def contains_target(values, target):
    for value in values:
        if value == target:
            return True
    return False",22,26,25,0,0.0,True,0.2190708554259072,0.0008995782700367272,0.45842902943023817,5.47677138564768,0.2219232299446412,0.0009109108941629529,0.4637488884906911,5.54808074861603,0.9195701599121093,0.9999184608459473,0.9997195839881897,0.84,0.8,16,16,0.20989061693622565,0.21299241023268678,1.0,0.4485478325062101
matrix_find_position__nl__v3,matrix_find_position,matrix_search,nl,3,"Given a matrix and a target value, return the row and column of the first occurrence in row-major order, or minus one for both if absent.","Scan rows from top to bottom and columns from left to right. Whenever a value equals the target, return its row and column indices. If no match exists, return minus one for both indices.",34,39,38,0,0.0,True,0.5338052535631792,0.3303046375513077,0.5445002049181923,20.28459963540081,0.5438490640245666,0.3307783156633377,0.556671408884489,20.66626443293353,0.8201712887538107,0.9176542460918427,0.9989935143997795,0.5526315789473685,0.2631578947368421,4,3,0.477724770752625,0.4824652174995847,0.9736842105263158,1.3943412960819794
chunks_fixed_size__python__v2,chunks_fixed_size,chunking,python,2,"Given a list and a positive chunk size, split the list into consecutive chunks of at most that size.","def chunks_fixed_size(output, value):
    item = []
    for current in range(0, len(output), value):
        item.append(output[current:current + value])
    return item",25,38,37,0,0.0,True,0.33280017296744296,0.08624553680419922,0.45781229515751376,12.31360639979539,0.3398206544775717,0.0870540514588356,0.4690027737962249,12.573364215670153,0.8843312658168174,0.9873391389846802,0.9992758808909236,0.7027027027027027,0.4594594594594595,8,5,0.4377641057241514,0.44802971940953285,0.8918918918918919,2.371425862850899
is_strictly_increasing__nl__v2,is_strictly_increasing,monotonicity,nl,2,"Given a list of numbers, determine whether it is strictly increasing.","Inspect each adjacent pair from left to right. If an earlier value is greater than or equal to the following value, output false. Output true if every pair increases.",17,33,32,0,0.0,True,0.41130424667289844,0.3581988662481308,0.399661655541732,13.16173589353275,0.4155087976230334,0.3616553992033005,0.4038897570702631,13.296281523937068,0.8476790487766266,0.9173803627490997,0.9996560718864202,0.5625,0.25,8,2,0.4324068495949295,0.4354788656707951,0.96875,2.8461904134006204
transpose_matrix__nl__v1,transpose_matrix,matrix_transform,nl,1,"Given a non-empty rectangular matrix, return its transpose.","Create an empty result. For every column index, build a new row by taking that column value from each original row. Append each new row and return the result.",15,33,32,0,0.0,True,0.7196482349318103,0.7052902579307556,0.5522875484622627,23.02874351781793,0.7569949272365193,0.7100607752799988,0.6124982050387489,24.223837671568617,0.7518793139606714,0.812711775302887,0.9952756743878126,0.375,0.0625,2,1,0.5554757119877444,0.6143579743952761,0.96875,2.682675605095028
chunks_pairs__nl__v2,chunks_pairs,chunking,nl,2,"Given a list, split it into consecutive chunks containing at most two elements.",Build an empty result list. Move a starting index through the input two positions at a time. Add the slice containing that position and the next one if present. Output the result.,19,36,35,0,0.0,True,0.8058296286085221,0.7430647611618042,0.6332145665885145,28.204037001298275,0.860976887065252,0.7812763452529907,0.7193801842711344,30.13419104728382,0.7438930694546019,0.788902223110199,0.9925420999526977,0.4,0.08571428571428572,3,2,0.669013306940221,0.729391973472529,0.9142857142857143,2.960585243939048
count_primes_up_to__nl__v1,count_primes_up_to,primality,nl,1,"Given a nonnegative integer n, count how many prime numbers are at most n.","Start a prime counter at zero. For every candidate from two through n, test divisors up to its square root. Increase the counter when no divisor is found. Return the counter.",21,37,36,0,0.0,True,0.6329433786320604,0.5670029819011688,0.552287419273418,22.785961630754173,0.6888505092227004,0.6013858318328857,0.63840363063935,24.798618332017213,0.7907135200997194,0.8823905885219574,0.9933386511272855,0.3888888888888889,0.16666666666666666,4,1,0.5541892305548702,0.6338707438270961,0.8888888888888888,2.8812261889041917
selection_sort_descending__python__v3,selection_sort_descending,selection_sort,python,3,"Given a list of numbers, sort it in descending order using selection sort and return the sorted copy.","def selection_sort_descending(n_count):
    result = n_count[:]
    for x in range(len(result)):
        element = x
        for entry in range(x + 1, len(result)):
            if result[entry] > result[element]:
                element = entry
        result[x], result[element] = result[element], result[x]
    return result",24,72,71,0,0.0,True,0.16096186308225657,0.012059113010764122,0.3442695913883129,11.428292278840217,0.16509833152968723,0.012263361364603043,0.35413571837449104,11.721981538607793,0.9508717227989519,0.9984227418899536,0.9995954280168238,0.8732394366197183,0.704225352112676,28,15,0.18022201592478138,0.18610319692351304,0.9436619718309859,1.199093618447511
count_vowels__python__v3,count_vowels,char_count,python,3,"Given a lowercase string, count how many characters are vowels.","def count_vowels(x):
    entry = 0
    for element in x:
        if element in ""aeiou"":
            entry += 1
    return entry",16,36,35,0,0.0,True,0.2252566990302252,0.03607925400137901,0.42834646359864575,7.883984466057882,0.2328159842636004,0.037004441022872925,0.4415920305326827,8.148559449226013,0.9260061638695853,0.9951124787330627,0.9992561374391828,0.8285714285714286,0.6571428571428571,7,6,0.37438274377778086,0.38355921258249404,0.9428571428571428,1.334977842921106
is_subset__nl__v1,is_subset,set_relation,nl,1,"Given two collections, determine whether every value in the first collection occurs in the second.","Examine each value in the first collection. If any value is absent from the second collection, return false. Return true if every value is present.",21,30,29,0,0.0,True,0.42302055571003466,0.43438637256622314,0.38054072629783114,12.267596115591004,0.4268437887036145,0.4362085461616516,0.385147405585453,12.378469872404821,0.831127071175082,0.870450496673584,0.9996780938115614,0.4827586206896552,0.3448275862068966,4,3,0.3669328237717439,0.36831419608123334,1.0,1.4007128789654133
partition_by_sign__python__v1,partition_by_sign,partition,python,1,"Given a list of numbers, return two lists: negative values first and nonnegative values second, preserving input order within each group.","def partition_by_sign(values):
    negative = []
    nonnegative = []
    for value in values:
        if value < 0:
            negative.append(value)
        else:
            nonnegative.append(value)
    return negative, nonnegative",30,48,47,0,0.0,True,0.15766480262522856,0.003911860287189484,0.36093478018188185,7.410245723385742,0.1627532433099071,0.004137542564421892,0.37880482983794606,7.649402435565634,0.944913238286972,0.9996337890625,0.999404842549182,0.851063829787234,0.7872340425531915,26,26,0.17782234827182433,0.18247063870850866,0.9787234042553191,0.6797566133018867
count_above__nl__v1,count_above,threshold_count,nl,1,"Given a list of numbers and a threshold, count the values greater than the threshold.","Start a counter at zero. Examine every value. Whenever the current value is greater than the threshold, increase the counter by one. Return the counter.",21,31,30,0,0.0,True,0.3454877257415016,0.18698806315660477,0.4593749906543972,10.364631772245048,0.35085684017831226,0.1876940354704857,0.4731739136413605,10.525705205349368,0.8725970456997554,0.9654921591281891,0.9994551579157511,0.6666666666666666,0.4,9,4,0.4334337552146312,0.44248580447988234,0.9666666666666667,2.167344652404275
adjacent_sums__nl__v2,adjacent_sums,adjacent_transform,nl,2,"Given a list of numbers, create a list containing the sum of each adjacent pair.","Build an empty result list. Starting with the second input value, add it to the preceding value and add the sum. Output the result.",21,28,27,0,0.0,True,0.5877515280671004,0.38779228925704956,0.5053940423530255,15.86929125781171,0.6087462698040461,0.388660728931427,0.5456022899125534,16.436149284709245,0.7858362407596023,0.8938618898391724,0.9974244546007227,0.48148148148148145,0.18518518518518517,4,2,0.6052223652637062,0.6341646548288946,0.9629629629629629,3.5493951284575074
count_primes_up_to__python__v2,count_primes_up_to,primality,python,2,"Given a nonnegative integer n, count how many prime numbers are at most n.","def count_primes_up_to(output):
    value = 0
    for item in range(2, output + 1):
        counter = True
        current = 2
        while current * current <= item:
            if item % current == 0:
                counter = False
                break
            current += 1
        if counter:
            value += 1
    return value",21,82,81,0,0.0,True,0.19542070355132243,0.03452141582965851,0.3870696423388563,15.829076987657118,0.2073460986783787,0.0356597974896431,0.41793913249894804,16.795033992948674,0.9389530155393813,0.9954528212547302,0.9987617583922398,0.8395061728395061,0.654320987654321,30,17,0.3059045929473882,0.3236043886180539,0.9259259259259259,1.304242093993505
first_even_index__nl__v3,first_even_index,first_match_index,nl,3,"Given a list of integers, return the index of the first even value, or minus one if none exists.","Process the list from the beginning while tracking the current index. Whenever an even value is encountered, return its index. If the end is reached with no match, return minus one.",26,36,35,0,0.0,True,0.4663640689770026,0.32434195280075073,0.46229340913648675,16.32274241419509,0.47583306711167095,0.32754865288734436,0.4726400168188844,16.654157348908484,0.8406637617519923,0.914773166179657,0.9991409148488726,0.5428571428571428,0.2857142857142857,7,2,0.48783338220570893,0.49266168184797554,0.9714285714285714,1.989041254964624
chunks_pairs__nl__v3,chunks_pairs,chunking,nl,3,"Given a list, split it into consecutive chunks containing at most two elements.",Initialize an empty result list. Move a starting index through the input two positions at a time. Place the slice containing that position and the next one if present. Produce the result.,19,36,35,0,0.0,True,0.8141159449920191,0.9293473362922668,0.6535014263567452,28.49405807472067,0.8819284849425978,0.9485381841659546,0.7512212733924525,30.86749697299092,0.7200489831822259,0.718870222568512,0.9910899179322379,0.37142857142857144,0.14285714285714285,3,2,0.623678267971092,0.6928216997920946,0.8857142857142857,3.4867752791930666
first_negative_index__python__v1,first_negative_index,first_match_index,python,1,"Given a list of numbers, return the index of the first negative value, or minus one if none exists.","def first_negative_index(values):
    for index, value in enumerate(values):
        if value < 0:
            return index
    return -1",26,30,29,0,0.0,True,0.15655667953774355,0.0016218473901972175,0.3507482062339018,4.540143706594563,0.15730228631875812,0.0016395655693486333,0.35219936462164686,4.561766303243985,0.9404974292064535,0.9998411536216736,0.9999421362219185,0.896551724137931,0.7241379310344828,22,19,0.19319940526025903,0.19407297390858144,1.0,0.5321518869489769
ordered_intersection__nl__v2,ordered_intersection,ordered_intersection,nl,2,"Given two lists, return values from the first list that also occur in the second list, preserving duplicates and order from the first list.","Build an empty result. Inspect each value in the first list. If that value occurs in the second list, add it to the result. Output the result.",31,33,32,0,0.0,True,0.440211524728511,0.168268084526062,0.5599788966007231,14.086768791312352,0.4791585384773498,0.16932817921042442,0.6521507302054294,15.333073231275193,0.8574768020771444,0.9632625877857208,0.9944686889648438,0.5625,0.40625,5,4,0.574011078389782,0.6458658368792385,0.9375,1.628191115993559
is_prime__python__v3,is_prime,primality,python,3,"Given an integer n, determine whether it is prime.","def is_prime(entry):
    if entry < 2:
        return False
    element = 2
    while element * element <= entry:
        if entry % element == 0:
            return False
        element += 1
    return True",15,52,51,0,0.0,True,0.04732718252596575,0.0029795924201607704,0.13875456225468863,2.4136863088242535,0.047854636631967096,0.0029810755513608456,0.13918049747282704,2.4405864682303218,0.9851530977323943,0.9996960759162903,0.999962844100653,0.9411764705882353,0.9019607843137255,34,26,0.08669865280986415,0.0870845471553912,0.9607843137254902,0.972216191449467
binary_to_integer__python__v3,binary_to_integer,base_conversion,python,3,"Given a string of binary digits, convert it to a nonnegative integer.","def binary_to_integer(x):
    entry = 0
    for element in x:
        entry = entry * 2 + int(element)
    return entry",19,32,31,0,0.0,True,0.25922909292632773,0.018819844350218773,0.43189556185652195,8.03610188071616,0.2623003542751488,0.018835706636309624,0.43621524051192745,8.131310982529612,0.9075630759039233,0.9975466132164001,0.9997303485870361,0.7096774193548387,0.6774193548387096,10,10,0.35249187736772003,0.3549939822937934,0.9354838709677419,1.4774965883900273
group_by_first_character__python__v3,group_by_first_character,grouping,python,3,"Given a list of non-empty strings, build a dictionary grouping strings by their first character while preserving input order inside each group.","def group_by_first_character(result):
    element = {}
    for x in result:
        entry = x[0]
        if entry not in element:
            element[entry] = []
        element[entry].append(x)
    return element",29,49,48,0,0.0,True,0.2429668119970453,0.02164808101952076,0.46503522726801266,11.662406975858175,0.25327665028629553,0.02276144176721573,0.4880972825007213,12.157279213742186,0.9213830872128407,0.9972046911716461,0.9988844891389211,0.8333333333333334,0.5833333333333334,18,9,0.42881951674474084,0.4456564797420334,0.9375,1.5055048069877632
rotate_right_one__python__v3,rotate_right_one,rotation,python,3,"Given a non-empty list, rotate it right by one position.","def rotate_right_one(x):
    element = [x[-1]]
    for entry in x[:-1]:
        element.append(entry)
    return element",17,30,29,0,0.0,True,0.2665243715571956,0.027706457301974297,0.4530581991558556,7.729206775158673,0.27341308001682746,0.027860695496201515,0.4680641643364609,7.928979320487997,0.9098123918319571,0.9965468049049377,0.9992850936692337,0.7931034482758621,0.6206896551724138,14,10,0.30679854309372395,0.3144439665208795,0.896551724137931,1.9274085520200344
first_negative_index__nl__v2,first_negative_index,first_match_index,nl,2,"Given a list of numbers, return the index of the first negative value, or minus one if none exists.","Inspect the list from the beginning while tracking the current index. If a negative value is encountered, output its index. When the end is reached with no match, output minus one.",26,36,35,0,0.0,True,0.6094609110083963,0.5330420136451721,0.5550731328626924,21.33113188529387,0.6322707517471696,0.5366740226745605,0.5909849412058126,22.12947631115094,0.8003729590347834,0.8406097888946533,0.9975014226777213,0.45714285714285713,0.17142857142857143,8,1,0.6118227360386621,0.6433711155755993,0.9428571428571428,2.0761047721557717
merge_sorted_descending__nl__v3,merge_sorted_descending,merge_sorted,nl,3,"Given two lists sorted in descending order, merge them into one descending list.",Initialize an empty result and place one index at the start of each list. Repeatedly append the larger current value and advance its index. Place any remaining values and return the result.,19,37,36,0,0.0,True,0.6557418151529014,0.5245115756988525,0.5293868511281151,23.60670534550445,0.704855151230327,0.5285761654376984,0.6189590764159701,25.374785444291774,0.7739622493584951,0.8643921911716461,0.993953577346272,0.3611111111111111,0.16666666666666666,3,2,0.6665286836713287,0.758142269372807,0.8888888888888888,3.0453973559839747
selection_sort_ascending__python__v1,selection_sort_ascending,selection_sort,python,1,"Given a list of numbers, sort it in ascending order using selection sort and return the sorted copy.","def selection_sort_ascending(values):
    result = values[:]
    for index in range(len(result)):
        best = index
        for candidate in range(index + 1, len(result)):
            if result[candidate] < result[best]:
                best = candidate
        result[index], result[best] = result[best], result[index]
    return result",24,73,72,0,0.0,True,0.07446697934166835,0.0019978523487225175,0.17931882996946874,5.361622512600121,0.07498236745830253,0.0020067719742655754,0.18028796208820852,5.398730456997782,0.9785187509324815,0.9998102784156799,0.9999598388870558,0.9166666666666666,0.8194444444444444,41,23,0.11741986366271777,0.1182213675042412,0.9444444444444444,1.114972184555909
group_by_first_character__nl__v3,group_by_first_character,grouping,nl,3,"Given a list of non-empty strings, build a dictionary grouping strings by their first character while preserving input order inside each group.","Initialize with an empty dictionary. Process each string, use its first character as the key, create an empty list for a new key, and append the string to that key's list. Produce the dictionary.",29,41,40,0,0.0,True,0.6720720037294086,0.5315781235694885,0.6393155816582622,26.882880149176344,0.715283152012853,0.5438790321350098,0.7426288764189233,28.611326080514118,0.7637909624725581,0.8469908535480499,0.9930150419473648,0.45,0.175,4,2,0.6118110742730399,0.6825635140546813,0.975,2.0543714345722037
running_product__python__v1,running_product,cumulative_scan,python,1,"Given a list of numbers, produce the running product after each position.","def running_product(values):
    product = 1
    result = []
    for value in values:
        product *= value
        result.append(product)
    return result",18,34,33,0,0.0,True,0.1672630546964876,0.004004239104688168,0.41014399926076456,5.519680804984091,0.16831016064980125,0.004111801739782095,0.4126000217106481,5.554235301443441,0.9360521137714386,0.9996004104614258,0.9999066844131007,0.8484848484848485,0.8484848484848485,16,16,0.3236351291068331,0.3256074124721522,1.0,0.4167663120179503
anti_diagonal_sum__python__v1,anti_diagonal_sum,diagonal_aggregate,python,1,"Given a square matrix, calculate the sum of its anti-diagonal.","def anti_diagonal_sum(matrix):
    total = 0
    size = len(matrix)
    for row in range(size):
        total += matrix[row][size - 1 - row]
    return total",18,42,41,0,0.0,True,0.14291240917563988,0.009734793566167355,0.30712775936553705,5.859408776201235,0.14367960421228285,0.009883910417556763,0.30869558545465114,5.890863772703597,0.9457840541513954,0.9987714886665344,0.9999401714743638,0.8292682926829268,0.7560975609756098,7,7,0.27333307632152354,0.2747451047105642,1.0,0.5248796301805131
chunks_pairs__python__v1,chunks_pairs,chunking,python,1,"Given a list, split it into consecutive chunks containing at most two elements.","def chunks_pairs(values):
    result = []
    for start in range(0, len(values), 2):
        result.append(values[start:start + 2])
    return result",19,36,35,0,0.0,True,0.15564658672870532,0.003185666399076581,0.3625497740176852,5.447630535504686,0.1578778896685175,0.0032548801973462105,0.3685087857304264,5.525726138398113,0.9400646039417812,0.999691903591156,0.9997900656291416,0.8857142857142857,0.7142857142857143,25,11,0.23769589836170138,0.2408027543320339,0.9428571428571428,1.6187020914153363
matrix_find_position__python__v3,matrix_find_position,matrix_search,python,3,"Given a matrix and a target value, return the row and column of the first occurrence in row-major order, or minus one for both if absent.","def matrix_find_position(entry, result):
    for x in range(len(entry)):
        for element in range(len(entry[x])):
            if entry[x][element] == result:
                return x, element
    return -1, -1",34,48,47,0,0.0,True,0.19003778048592837,0.022966057062149048,0.34342382524617443,8.931775682838634,0.19647905908099578,0.024394018575549126,0.3544253581186703,9.234515776806802,0.929029070950569,0.996789813041687,0.9994239680310513,0.8297872340425532,0.7021276595744681,22,18,0.2120096112804553,0.2148378387488344,0.9148936170212766,1.9583191756006475
list_divisors__python__v3,list_divisors,divisors,python,3,"Given a positive integer n, return all positive divisors of n in increasing order.","def list_divisors(entry):
    x = []
    for element in range(1, entry + 1):
        if entry % element == 0:
            x.append(element)
    return x",21,40,39,0,0.0,True,0.10210940789856511,0.00911256205290556,0.19724294708419685,3.982266908044039,0.10316276596607238,0.009173035621643066,0.1986564708295459,4.023347872676823,0.9707467754681905,0.9989078640937805,0.9999203574963105,0.9230769230769231,0.7948717948717948,20,19,0.1417527526532228,0.14257250415175804,0.9230769230769231,1.6139040022708941
insertion_sort_ascending__nl__v2,insertion_sort_ascending,insertion_sort,nl,2,"Given a list of numbers, sort it in ascending order using insertion sort and return the sorted copy.","Copy the list. Starting with the second element, shift larger earlier values one position right until the current value can be inserted in order. Output the copy.",24,31,30,0,0.0,True,0.5434554711760332,0.44374880194664,0.474111541860538,16.303664135280997,0.5643884657106052,0.4467135965824127,0.5009276109339909,16.931653971318156,0.8364336301883062,0.8961364328861237,0.9977103173732758,0.5,0.2,5,2,0.5177785092001331,0.5518626640069073,0.8666666666666667,3.872738042851173
scan_min__python__v1,scan_min,scan_extremum,python,1,"Given a non-empty list of numbers, find the smallest value by scanning the list once.","def scan_min(values):
    best = values[0]
    for value in values[1:]:
        if value < best:
            best = value
    return best",22,34,33,0,0.0,True,0.1871920946728785,0.0040909405797719955,0.46664423266113836,6.177339124204991,0.19890294445664922,0.004162850324064493,0.5042526303931332,6.563797167069424,0.9378002918127811,0.9995971322059631,0.9985234123287778,0.8484848484848485,0.7878787878787878,16,16,0.3164674163288623,0.3387644140645989,0.9393939393939394,1.1629663501272938
filter_mapping_by_value__python__v1,filter_mapping_by_value,dictionary_transform,python,1,"Given a dictionary with numeric values and a threshold, return a new dictionary containing only entries whose value is greater than the threshold.","def filter_mapping_by_value(mapping, threshold):
    result = {}
    for key, value in mapping.items():
        if value > threshold:
            result[key] = value
    return result",29,38,37,0,0.0,True,0.08374386373635094,0.0011252483818680048,0.21419977309154362,3.0985229582449847,0.08424127803883076,0.0011385761899873614,0.21481372230829765,3.116927287436738,0.9765800720936543,0.9998936653137207,0.9999633818059355,0.918918918918919,0.7837837837837838,21,20,0.12307264549795288,0.12361802941116669,0.9459459459459459,1.0576257575620331
least_frequent__python__v1,least_frequent,mode_selection,python,1,"Given a non-empty list, return a value with the lowest occurrence count, choosing the first such value on ties.","def least_frequent(values):
    counts = {}
    for value in values:
        counts[value] = counts.get(value, 0) + 1
    best = values[0]
    for value in values:
        if counts[value] < counts[best]:
            best = value
    return best",27,63,62,0,0.0,True,0.16368990821369547,0.0028468475211411715,0.3835558320459129,10.14877430924912,0.16821678919704422,0.0029542866395786405,0.3997536235092148,10.429440930216742,0.9465332507125793,0.9997060894966125,0.9995064879617384,0.8548387096774194,0.7903225806451613,22,19,0.23555336842210622,0.24079219069887928,0.9838709677419355,0.5082614560207094
count_divisors__python__v2,count_divisors,divisors,python,2,"Given a positive integer n, count its positive divisors.","def count_divisors(current):
    item = 0
    for value in range(1, current + 1):
        if current % value == 0:
            item += 1
    return item",16,43,42,0,0.0,True,0.0934153911487859,0.006430129986256361,0.17868746684523468,3.923446428249008,0.09514409476529788,0.00647142413072288,0.1825407380848476,3.9960519801425107,0.9762966462544033,0.9992943108081818,0.9998490115006765,0.8809523809523809,0.7380952380952381,15,14,0.1520591766194429,0.15500762582406624,0.9285714285714286,1.3133749329797897
insertion_sort_descending__nl__v2,insertion_sort_descending,insertion_sort,nl,2,"Given a list of numbers, sort it in descending order using insertion sort and return the sorted copy.","Copy the list. Starting with the second element, shift smaller earlier values one position right until the current value can be inserted in order. Output the copy.",24,31,30,0,0.0,True,0.5801570408744737,0.41466593742370605,0.5114062033109815,17.404711226234213,0.6058689316501841,0.4178474098443985,0.5482227441713464,18.176067949505523,0.8278698444366455,0.9023110270500183,0.9970721224943797,0.5,0.13333333333333333,4,2,0.5295155925579883,0.5703217685704345,0.8333333333333334,3.701723864270995
is_prime__python__v1,is_prime,primality,python,1,"Given an integer n, determine whether it is prime.","def is_prime(n):
    if n < 2:
        return False
    divisor = 2
    while divisor * divisor <= n:
        if n % divisor == 0:
            return False
        divisor += 1
    return True",15,52,51,0,0.0,True,0.026009979713414982,0.0008044165442697704,0.0859519598653867,1.3265089653841642,0.026123557615222785,0.0009309551678597927,0.0861439629375305,1.332301438376362,0.9936445811215568,0.9999287128448486,0.9999932062392142,0.9803921568627451,0.9411764705882353,43,34,0.050057867134200934,0.050171488511787175,0.9803921568627451,0.3363247751335632
count_divisors__nl__v1,count_divisors,divisors,nl,1,"Given a positive integer n, count its positive divisors.","Start a counter at zero. Examine every integer from one through n. If n is divisible by the current integer, increase the counter. Return the counter.",16,32,31,0,0.0,True,0.4925446745999638,0.32148635387420654,0.3931344926981478,15.268884912598878,0.5049699953787269,0.33064866065979004,0.4010637071355532,15.654069856740534,0.8347539315300603,0.9338203072547913,0.998935136102861,0.5483870967741935,0.12903225806451613,4,1,0.38073298431312047,0.38828366591284674,0.967741935483871,1.9232664035310247
linear_first_index__python__v2,linear_first_index,linear_search,python,2,"Given a list and a target, return the index of the first target occurrence or minus one if absent.","def linear_first_index(output, value):
    for item, current in enumerate(output):
        if current == value:
            return item
    return -1",25,31,30,0,0.0,True,0.17732437033967774,0.011921666096895933,0.3779867683843152,5.319731110190332,0.1802516492308011,0.012063860893249512,0.388537664569621,5.407549476924032,0.9261640866597494,0.9986684918403625,0.9996844629446665,0.8666666666666667,0.6666666666666666,16,11,0.22740426073869457,0.23230600310778066,0.9,3.3924422054799304
insertion_sort_descending__python__v2,insertion_sort_descending,insertion_sort,python,2,"Given a list of numbers, sort it in descending order using insertion sort and return the sorted copy.","def insertion_sort_descending(counter):
    output = counter[:]
    for value in range(1, len(output)):
        item = output[value]
        current = value - 1
        while current >= 0 and output[current] < item:
            output[current + 1] = output[current]
            current -= 1
        output[current + 1] = item
    return output",24,80,79,0,0.0,True,0.13805031606219959,0.004899340681731701,0.3272428360108927,10.905974968913767,0.14096137754625737,0.00497830705717206,0.337865328712131,11.135948826154333,0.9481997606875021,0.999455988407135,0.9996835853480086,0.8860759493670886,0.7974683544303798,35,35,0.19552445990842088,0.20111911881088984,0.9620253164556962,0.9156663541958809
invert_unique_map__python__v1,invert_unique_map,dictionary_transform,python,1,"Given a dictionary whose values are unique, return a new dictionary mapping each original value to its original key.","def invert_unique_map(mapping):
    result = {}
    for key, value in mapping.items():
        result[value] = key
    return result",25,29,28,0,0.0,True,0.17729813725192603,0.0014167707995511591,0.3409483052726276,4.964347843053929,0.17926546700938065,0.0014218524447642267,0.3445641724826532,5.019433076262658,0.9255820736289024,0.9998689293861389,0.9998266335044589,0.8214285714285714,0.7142857142857143,15,8,0.22865385978942263,0.22937157203063585,0.9642857142857143,1.3650098107851978
factorial_iterative__python__v3,factorial_iterative,factorial_product,python,3,"Given a nonnegative integer n, compute n factorial iteratively.","def factorial_iterative(element):
    entry = 1
    for x in range(2, element + 1):
        entry *= x
    return entry",17,33,32,0,0.0,True,0.1583760861412884,0.04112694784998894,0.24447532073618375,5.068034756521229,0.16288988644009805,0.04332004301249981,0.25076997928072375,5.212476366083138,0.9474252182990313,0.994062066078186,0.9996260050684214,0.84375,0.5625,11,5,0.24980460203087498,0.2550348580679706,0.9375,1.7030928042648839
bubble_sort_descending__nl__v3,bubble_sort_descending,bubble_sort,nl,3,"Given a list of numbers, sort it in descending order using bubble sort and return the sorted copy.","Proceed as follows. Copy the input list. Repeatedly scan adjacent pairs and swap them when the left value is less than the right value. After enough passes, return the copy.",24,37,36,0,0.0,True,0.6809268221061049,0.4480009526014328,0.6464881327951513,24.513365595819778,0.7348996220082173,0.45886196196079254,0.743549230571281,26.456386392295826,0.7685789805319574,0.8922285735607147,0.9922898676660326,0.5,0.19444444444444445,4,3,0.777127950985284,0.856865106240314,0.8888888888888888,2.678209518023424
partition_by_sign__python__v2,partition_by_sign,partition,python,2,"Given a list of numbers, return two lists: negative values first and nonnegative values second, preserving input order within each group.","def partition_by_sign(output):
    item = []
    value = []
    for current in output:
        if current < 0:
            item.append(current)
        else:
            value.append(current)
    return item, value",30,45,44,0,0.0,True,0.30196584195095966,0.016690869815647602,0.5326182040383265,13.286497045842225,0.3286262558818552,0.01804798375815153,0.6008884439898428,14.459555258801629,0.8920267007567666,0.9980553984642029,0.9967799295078624,0.75,0.6818181818181818,17,17,0.37891101553789264,0.41730824543281964,0.8863636363636364,1.7658923977779208
rotate_left_one__nl__v2,rotate_left_one,rotation,nl,2,"Given a non-empty list, rotate it left by one position.","Build an empty result list. Add every element except the first in original order, then add the original first element. Output the result.",17,27,26,0,0.0,True,0.6123409454997343,0.4102728068828583,0.5668700148367292,15.92086458299309,0.6382621284216069,0.4143218398094177,0.6089938879141138,16.59481533896178,0.7965211765124247,0.8961659073829651,0.9969061704782339,0.5,0.23076923076923078,5,4,0.5822006004303694,0.6175977603346109,0.9615384615384616,3.061609206810737
rotate_right_one__nl__v3,rotate_right_one,rotation,nl,3,"Given a non-empty list, rotate it right by one position.","Initialize an empty result list. Place the original last element, then append every earlier element in original order. Produce the result.",17,25,24,0,0.0,True,0.6391918876518806,0.49147944152355194,0.5497576513868911,15.340605303645134,0.6604295660120746,0.49885986745357513,0.5742182530780641,15.85030958428979,0.7854206003248692,0.8761000633239746,0.9977307965358099,0.4166666666666667,0.041666666666666664,5,1,0.662576503727747,0.6851593498950419,0.9166666666666666,4.132392782077659
product_one_to_n__nl__v2,product_one_to_n,factorial_product,nl,2,"Given a positive integer n, compute the product of all integers from one through n.","Begin a product at one. Inspect every integer from one through n, multiplying it into the product. Output the final product.",21,26,25,0,0.0,True,0.6786191921681166,0.7143944501876831,0.5241231714221938,16.965479804202914,0.7609179668128491,0.725943922996521,0.6454342281030309,19.022949170321226,0.7687832713127136,0.7268756031990051,0.9903008794784546,0.4,0.16,4,2,0.5876435929288467,0.7118937983177602,0.96,2.297387332543731
digit_sum__python__v1,digit_sum,digit_aggregate,python,1,"Given a nonnegative integer, compute the sum of its decimal digits.","def digit_sum(number):
    total = 0
    while number > 0:
        total += number % 10
        number //= 10
    return total",18,37,36,0,0.0,True,0.09103921663559511,0.001895087189041078,0.3637773124958593,3.277411798881424,0.092080399716779,0.0019045836525037885,0.3689643256799668,3.314894389804044,0.9673939595619837,0.9998155236244202,0.9998778469032712,0.9444444444444444,0.9166666666666666,24,24,0.1833904956260146,0.1854729403651501,1.0,0.7256452936015747
is_subset__nl__v3,is_subset,set_relation,nl,3,"Given two collections, determine whether every value in the first collection occurs in the second.","Process each value in the first collection. If any value is absent from the second collection, return false. Produce true if every value is present.",21,29,28,0,0.0,True,0.4189464802101221,0.31104275584220886,0.37994444786392895,11.73050144588342,0.4247128341667121,0.3117634356021881,0.3870976303473403,11.89195935666794,0.8620617336460522,0.914514422416687,0.9995020287377494,0.5357142857142857,0.2857142857142857,6,3,0.3318728756081934,0.334124263181972,0.9642857142857143,2.0920417918485845
reverse_list__nl__v2,reverse_list,reverse_sequence,nl,2,"Given a list, create a new list containing the same values in reverse order.",Build an empty result list. Inspect the input from the last position to the first and add each value to the result. Output the result.,20,29,28,0,0.0,True,0.4634368548078263,0.35524527728557587,0.5055321726758529,12.976231934619136,0.4945318901320986,0.3585636168718338,0.5967259868323394,13.84689292369876,0.8408829388873917,0.9208662807941437,0.9953370158161435,0.6071428571428571,0.25,4,2,0.48855397007773044,0.5405302326005228,0.9285714285714286,2.5983125274342456
bubble_sort_ascending__python__v3,bubble_sort_ascending,bubble_sort,python,3,"Given a list of numbers, sort it in ascending order using bubble sort and return the sorted copy.","def bubble_sort_ascending(result):
    x = result[:]
    for element in range(len(x) - 1, 0, -1):
        for entry in range(element):
            if x[entry] > x[entry + 1]:
                x[entry], x[entry + 1] = x[entry + 1], x[entry]
    return x",24,78,77,0,0.0,True,0.09453125355147242,0.004755194298923016,0.20601446332558224,7.278906523463377,0.09617840435032761,0.0048348004929721355,0.20767617563892726,7.405737134975226,0.971737569028681,0.9994866847991943,0.9998712044257623,0.9090909090909091,0.7662337662337663,58,13,0.14646173040032737,0.14911332209603687,0.948051948051948,1.097024099846778
scan_max__python__v1,scan_max,scan_extremum,python,1,"Given a non-empty list of numbers, find the largest value by scanning the list once.","def scan_max(values):
    best = values[0]
    for value in values[1:]:
        if value > best:
            best = value
    return best",22,34,33,0,0.0,True,0.19208652912956578,0.004487886093556881,0.45855032889363473,6.338855461275671,0.20099860162918048,0.004546456970274448,0.4874603972335348,6.632953853762956,0.9373344580332438,0.9995686411857605,0.9988977565909877,0.8787878787878788,0.7575757575757576,19,16,0.30981072304348345,0.3265593503195987,0.9393939393939394,1.0313534093242143
linear_last_index__nl__v3,linear_last_index,linear_search,nl,3,"Given a list and a target, return the index of the last target occurrence or minus one if absent.","Initialize a saved index at minus one. Process the list from left to right. For any case in which a value equals the target, replace the saved index with the current index. Produce the saved index after the scan.",25,44,43,0,0.0,True,0.5209792483365163,0.24016931653022766,0.533315388418112,22.402107678470202,0.5388070809719867,0.24288512766361237,0.5550353775510668,23.16870448179543,0.8136800950349763,0.9384260773658752,0.9982911376065986,0.5813953488372093,0.27906976744186046,8,3,0.5567777109764782,0.5778833578252012,0.9069767441860465,2.5657347279677283
partition_by_sign__nl__v1,partition_by_sign,partition,nl,1,"Given a list of numbers, return two lists: negative values first and nonnegative values second, preserving input order within each group.",Create an empty negative list and an empty nonnegative list. Examine each number and append it to the appropriate list according to its sign. Return both lists.,30,32,31,0,0.0,True,0.3496240292475822,0.1493174135684967,0.41831119423584745,10.838344906675047,0.36957289459936754,0.14954239130020142,0.460499462093179,11.456759732580394,0.886368993789919,0.9734315872192383,0.9978930546391395,0.7096774193548387,0.41935483870967744,5,4,0.5138312537698463,0.5479839662157853,0.967741935483871,1.718670582060411
remove_digits__nl__v2,remove_digits,string_filter,nl,2,"Given a string, return a new string with all decimal digits removed.","Begin with an empty result string. Inspect each character. If it is not a decimal digit, add it to the result. Output the result.",18,30,29,0,0.0,True,0.3285940585613797,0.1046765148639679,0.4155717305532453,9.52922769828001,0.3351959480807699,0.10509311407804489,0.43219936029475886,9.720682494342327,0.8818344514945458,0.9802188277244568,0.9993011396506737,0.6551724137931034,0.3448275862068966,5,3,0.39664401725583176,0.40857211008135763,0.9310344827586207,1.7606379813983823
ordered_unique_intersection__nl__v2,ordered_unique_intersection,ordered_intersection,nl,2,"Given two lists, return distinct values from the first list that also occur in the second list, preserving first-list order.","Build an empty result. Inspect each value in the first list. If it occurs in the second list and is not already in the result, add it. Output the result.",28,36,35,0,0.0,True,0.5030284662198807,0.19983354210853577,0.6611312389271357,17.605996317695826,0.5408505327467408,0.2069779485464096,0.7610448788139356,18.929768646135926,0.8320842036179134,0.9522737264633179,0.9942063093185425,0.6571428571428571,0.34285714285714286,7,3,0.7231143699575435,0.7941590784227147,0.9428571428571428,1.6365340223261489
matrix_column_sums__python__v2,matrix_column_sums,matrix_aggregate,python,2,"Given a non-empty rectangular matrix of numbers, return a list containing the sum of each column.","def matrix_column_sums(value):
    current = []
    for item in range(len(value[0])):
        counter = 0
        for output in value:
            counter += output[item]
        current.append(counter)
    return current",23,47,46,0,0.0,True,0.2350719419229553,0.006901507964357734,0.4615540275763497,10.813309328455944,0.24972899085807274,0.006939004873856902,0.5120864111497648,11.487533579471346,0.918171675308891,0.9992243647575378,0.9978852997655454,0.7608695652173914,0.6956521739130435,15,12,0.3802245041821152,0.4086962345389313,0.9130434782608695,1.9081946472249753
count_unique_words__nl__v2,count_unique_words,word_count,nl,2,"Given a string containing words separated by whitespace, count the distinct words.","Split the string on whitespace, place the words into a set, and output the size of the set.",18,21,20,0,0.0,True,0.43617817481281235,0.24078941345214844,0.44066679189908325,8.723563496256247,0.44305593287572265,0.2489556521177292,0.4534289488241612,8.861118657514453,0.8322519540786744,0.9489334523677826,0.9993224948644638,0.6,0.2,4,1,0.397123412792816,0.40611918922513723,1.0,1.2315475450013764
flatten_lists__nl__v3,flatten_lists,flatten_one_level,nl,3,"Given a list of lists, flatten exactly one level into a single list.","Initialize an empty result list. Process each inner list in order, then append each of its values to the result. Produce the result.",19,27,26,0,0.0,True,0.4055651160171972,0.24850362539291382,0.4158201247290852,10.544693016447127,0.40702079762265314,0.24860210716724396,0.4164764681344053,10.582540738188982,0.8414323765497941,0.9377215802669525,0.9998822579017053,0.6153846153846154,0.3076923076923077,4,3,0.48959361394983714,0.49048343314352677,0.9230769230769231,3.40957440020821
contains_target__nl__v2,contains_target,membership_test,nl,2,"Given a list of values and a target, determine whether the target occurs in the list.","Inspect the values one by one. When the current value equals the target, output true immediately. When the scan finishes without a match, output false.",22,30,29,0,0.0,True,0.43785360236029974,0.2880912721157074,0.4123274079464212,12.697754468448693,0.4452206418836481,0.3033640384674072,0.41800690880659663,12.911398614625796,0.8431680644380635,0.9385557174682617,0.9993722788218794,0.5517241379310345,0.27586206896551724,6,4,0.4043811131497413,0.40789379160456257,0.9655172413793104,2.729635830761222
string_palindrome__nl__v2,string_palindrome,palindrome_test,nl,2,"Given a string, determine whether it reads the same forward and backward.",Set one index at the beginning and another at the end. Compare the two characters and move both indices inward. Output false on a mismatch; output true if all mirrored pairs match.,18,36,35,0,0.0,True,0.7428075575535851,0.8124001622200012,0.45954630499038607,25.998264514375478,0.7679538373552662,0.8183322548866272,0.4840150179339456,26.878384307434317,0.7483756959438324,0.7214858531951904,0.9973795294761658,0.2571428571428571,0.14285714285714285,4,3,0.5183505822959191,0.5431399637429208,0.9428571428571428,2.734274908700068
count_odd__python__v1,count_odd,parity_count,python,1,"Given a list of integers, count how many values are odd.","def count_odd(values):
    count = 0
    for value in values:
        if value % 2 != 0:
            count += 1
    return count",17,36,35,0,0.0,True,0.17550778878347892,0.0015549738891422749,0.40443416847442704,6.142772607421762,0.17604361159871718,0.0015567976515740156,0.4061246625153024,6.161526405955101,0.9253370727811541,0.9998409152030945,0.9999482750892639,0.8285714285714286,0.7714285714285715,9,9,0.31221811497935986,0.31327806218293036,1.0,0.2914497733082432
merge_sorted_ascending__nl__v2,merge_sorted_ascending,merge_sorted,nl,2,"Given two lists sorted in ascending order, merge them into one ascending list.",Build an empty result and place one index at the start of each list. Repeatedly add the smaller current value and advance its index. Add any remaining values and output the result.,19,37,36,0,0.0,True,0.7805914608535305,0.7244190573692322,0.5929932610760347,28.1012925907271,0.8419230205618078,0.7415863275527954,0.6902726578569722,30.30922874022508,0.7353446413245466,0.7848009169101715,0.991859397954411,0.3611111111111111,0.1111111111111111,2,2,0.7236625444077488,0.8014987707370892,0.9444444444444444,2.8242400059978334
invert_unique_map__nl__v3,invert_unique_map,dictionary_transform,nl,3,"Given a dictionary whose values are unique, return a new dictionary mapping each original value to its original key.",Initialize with an empty result dictionary. Process each key and value in the input and assign the original key under the original value in the result. Produce the result.,25,32,31,0,0.0,True,0.5607705259103715,0.6225863695144653,0.45435884200385623,17.383886303221516,0.5800464479332497,0.6294606328010559,0.48687603426844994,17.98143988593074,0.8045824814227319,0.8029932379722595,0.9978908838764313,0.3870967741935484,0.1935483870967742,3,1,0.5687558261410838,0.599853383671143,0.8387096774193549,3.41210254760174
list_palindrome__nl__v3,list_palindrome,palindrome_test,nl,3,"Given a list, determine whether its values read the same forward and backward.",Set one index at the beginning and another at the end. Compare the two values and move both indices inward. Produce false on a mismatch; return true if all mirrored pairs match.,19,36,35,0,0.0,True,0.7632518354160961,0.7989545464515686,0.4556976201071098,26.713814239563362,0.7918058659280567,0.8699253797531128,0.4807620099368121,27.713205307481985,0.7498608376298632,0.7509946823120117,0.9970540387289865,0.22857142857142856,0.14285714285714285,4,3,0.4416176629041301,0.47432287456510547,0.9428571428571428,2.840829380481331
absolute_values__python__v2,absolute_values,element_transform,python,2,"Given a list of numbers, create a list containing the absolute value of each element.","def absolute_values(current):
    item = []
    for value in current:
        item.append(abs(value))
    return item",21,24,23,0,0.0,True,0.20764328449560865,0.006876652594655752,0.33691867762659783,4.775795543398999,0.20900088057042804,0.006997506134212017,0.33883140054948285,4.807020253119845,0.9364610677180083,0.999203085899353,0.9998931988425876,0.782608695652174,0.6086956521739131,12,7,0.3207268514187573,0.3230488960851455,0.9130434782608695,2.2100729003328405
main_diagonal_sum__nl__v2,main_diagonal_sum,diagonal_aggregate,nl,2,"Given a square matrix, calculate the sum of its main diagonal.","Begin a total at zero. For every index, add the matrix element whose row and column both equal that index. Output the total.",17,27,26,0,0.0,True,0.8140335050142872,0.7242641448974609,0.6236777283136091,21.164871130371466,0.9210144851464205,0.7715537250041962,0.772218423007196,23.946376613806933,0.7192971488604178,0.7471908628940582,0.9870582245863401,0.34615384615384615,0.15384615384615385,2,1,0.8265421613864601,0.9947602123394609,0.8846153846153846,2.8388376639105934
absolute_values__nl__v1,absolute_values,element_transform,nl,1,"Given a list of numbers, create a list containing the absolute value of each element.","Create an empty result list. Examine each input number, compute its absolute value, and append that value to the result. Return the result.",21,29,28,0,0.0,True,0.44430439789006676,0.24493779242038727,0.48795972404364696,12.440523140921869,0.448279350492872,0.24618897587060928,0.49452922869319416,12.551821813800416,0.8316019784126963,0.9431041777133942,0.9996360646826881,0.5714285714285714,0.35714285714285715,4,3,0.41408854171054876,0.4204670206598638,0.9642857142857143,2.3398115615372848
count_vowels__python__v1,count_vowels,char_count,python,1,"Given a lowercase string, count how many characters are vowels.","def count_vowels(text):
    count = 0
    for char in text:
        if char in ""aeiou"":
            count += 1
    return count",16,36,35,0,0.0,True,0.15182479234728297,0.005048087798058987,0.3518223450364722,5.313867732154904,0.15232870527532733,0.0050786519423127174,0.3528520792362186,5.331504684636457,0.9380208168710981,0.9994615912437439,0.9999601176806858,0.8571428571428571,0.7714285714285715,7,7,0.258749127814286,0.25932325365947156,1.0,0.4565579143218786
selection_sort_descending__python__v1,selection_sort_descending,selection_sort,python,1,"Given a list of numbers, sort it in descending order using selection sort and return the sorted copy.","def selection_sort_descending(values):
    result = values[:]
    for index in range(len(result)):
        best = index
        for candidate in range(index + 1, len(result)):
            if result[candidate] > result[best]:
                best = candidate
        result[index], result[best] = result[best], result[index]
    return result",24,73,72,0,0.0,True,0.10056517944149511,0.0019144614925608039,0.2772572856300062,7.240692919787648,0.10164510457362673,0.0019413072150200605,0.2807273523778985,7.318447529301125,0.9653741481403509,0.9998215138912201,0.9999026498860784,0.9027777777777778,0.8194444444444444,41,23,0.12493577857151035,0.12627089627568547,0.9444444444444444,0.9447024637859797
flatten_pairs__nl__v3,flatten_pairs,flatten_one_level,nl,3,"Given a list of two-element pairs, flatten the pairs into one list in pair order.",Initialize an empty result list. Process each pair in order and append its first value followed by its second value. Produce the result.,22,26,25,0,0.0,True,0.5753444878943265,0.6502982974052429,0.4266645860867837,14.383612197358161,0.5857085021585227,0.6544093489646912,0.43323325779577554,14.642712553963065,0.7662491416931152,0.8145161867141724,0.999090313911438,0.4,0.24,3,3,0.4510999306027467,0.4549408028833568,0.96,2.2975646485644394
count_below__python__v3,count_below,threshold_count,python,3,"Given a list of numbers and a threshold, count the values less than the threshold.","def count_below(result, entry):
    element = 0
    for x in result:
        if x < entry:
            element += 1
    return element",21,34,33,0,0.0,True,0.2878261464841974,0.06514768302440643,0.445169294432798,9.498262833978515,0.2945900754473934,0.0784442201256752,0.46095406126838706,9.721472489763983,0.9015938793167924,0.9895357489585876,0.9993089365236687,0.7272727272727273,0.48484848484848486,10,6,0.4082501917182526,0.41562604766659206,0.9090909090909091,2.162075182373828
selection_sort_descending__nl__v2,selection_sort_descending,selection_sort,nl,2,"Given a list of numbers, sort it in descending order using selection sort and return the sorted copy.","Copy the list. For each position, find the largest value in the remaining suffix and swap it into the current position. Output the copy.",24,28,27,0,0.0,True,0.6015308719404318,0.4809974431991577,0.45280542991269024,16.241333542391658,0.6187887320605417,0.4865837097167969,0.4697009166227478,16.707295765634626,0.8045839369297028,0.8767783641815186,0.9982375149373655,0.37037037037037035,0.14814814814814814,3,1,0.5051291317034227,0.5206719658767375,0.9259259259259259,1.9514441742751472
remove_digits__python__v1,remove_digits,string_filter,python,1,"Given a string, return a new string with all decimal digits removed.","def remove_digits(text):
    result = """"
    for char in text:
        if not char.isdigit():
            result += char
    return result",18,29,28,0,0.0,True,0.14680515695343793,0.0011943213175982237,0.2986263999703042,4.110544394696262,0.14715582159793225,0.0012036734260618687,0.2991860738903456,4.120363004742103,0.9413570761680603,0.9998917579650879,0.9999741997037616,0.8214285714285714,0.7857142857142857,11,11,0.27367627598559247,0.27414338766835433,1.0,0.5782215238500328
keep_letters__nl__v3,keep_letters,string_filter,nl,3,"Given a string, return a new string containing only alphabetic characters.","Initialize with an empty result string. Process each character. If it is alphabetic, append it to the result. Produce the result.",18,27,26,0,0.0,True,0.4672536176221911,0.44087129831314087,0.3983601644775692,12.148594058176968,0.4727176321276392,0.44927990436553955,0.4060105650266046,12.290658435318619,0.8231606529309199,0.878915011882782,0.9995279174584609,0.46153846153846156,0.19230769230769232,3,1,0.39523091859649867,0.4025660253688693,0.9615384615384616,2.428343949673525
list_palindrome__nl__v2,list_palindrome,palindrome_test,nl,2,"Given a list, determine whether its values read the same forward and backward.",Set one index at the beginning and another at the end. Compare the two values and move both indices inward. Output false on a mismatch; output true if all mirrored pairs match.,19,36,35,0,0.0,True,0.76802338541581,0.7769001126289368,0.47616097069965463,26.88081848955335,0.7965514942402868,0.7835322618484497,0.5027277858501374,27.87930229841004,0.746316819531577,0.7590078711509705,0.9970245463507516,0.22857142857142856,0.14285714285714285,4,3,0.4969161407536697,0.5282283192230833,0.9428571428571428,2.757123975551648
list_divisors__nl__v1,list_divisors,divisors,nl,1,"Given a positive integer n, return all positive divisors of n in increasing order.","Create an empty result list. Examine every integer from one through n. If n is divisible by the current integer, append it. Return the result.",21,31,30,0,0.0,True,0.6242870660033077,0.6358255445957184,0.5149954107594571,18.72861198009923,0.6438612916506827,0.6460237801074982,0.536520269273163,19.31583874952048,0.7719220379988353,0.8071414232254028,0.9980552673339844,0.4666666666666667,0.2,4,1,0.5946409493877456,0.6214875895529985,0.9666666666666667,2.5367027741100174
rotate_left_one__python__v3,rotate_left_one,rotation,python,3,"Given a non-empty list, rotate it left by one position.","def rotate_left_one(x):
    element = []
    for entry in x[1:]:
        element.append(entry)
    element.append(x[0])
    return element",17,33,32,0,0.0,True,0.17426457028341247,0.013344931416213512,0.3778477350028104,5.576466249069199,0.18522327169557684,0.01344688842073083,0.4145713853507325,5.927144694258459,0.9492023745551705,0.9983574748039246,0.9987512156367302,0.84375,0.71875,16,8,0.26870441406724915,0.2850360765662645,0.90625,2.1042331467047575
reverse_list__nl__v3,reverse_list,reverse_sequence,nl,3,"Given a list, create a new list containing the same values in reverse order.",Initialize an empty result list. Process the input from the last position to the first and append each value to the result. Produce the result.,20,28,27,0,0.0,True,0.3821504593334221,0.2564238905906677,0.3810269309863564,10.318062402002397,0.3882392622483032,0.25856754183769226,0.3852392706407188,10.482460080704186,0.855955391018479,0.9428834319114685,0.9994970891210768,0.5925925925925926,0.37037037037037035,4,3,0.3991061110427836,0.40688442123176244,0.9259259259259259,2.786520703265692
reverse_list__nl__v1,reverse_list,reverse_sequence,nl,1,"Given a list, create a new list containing the same values in reverse order.",Create an empty result list. Examine the input from the last position to the first and append each value to the result. Return the result.,20,29,28,0,0.0,True,0.39866459088599576,0.2861943691968918,0.4018402853434061,11.162608544807881,0.4171058679930866,0.2992566078901291,0.4398132493902066,11.678964303806424,0.8641663768461773,0.9391818344593048,0.9979035833052227,0.5714285714285714,0.39285714285714285,5,3,0.44115847987295304,0.47087370286937114,0.9642857142857143,2.4221860564069044
running_product__python__v3,running_product,cumulative_scan,python,3,"Given a list of numbers, produce the running product after each position.","def running_product(result):
    element = 1
    entry = []
    for x in result:
        element *= x
        entry.append(element)
    return entry",18,34,33,0,0.0,True,0.24327933955514294,0.030656088143587112,0.4629648773795408,8.028218205319718,0.251696688221824,0.034566815942525864,0.48135231595500205,8.305990711320192,0.9167581006433024,0.9956027269363403,0.9990723711071592,0.7878787878787878,0.6363636363636364,16,8,0.40118637615523767,0.4134687638070318,0.9090909090909091,1.943326058315451
anti_diagonal_sum__python__v3,anti_diagonal_sum,diagonal_aggregate,python,3,"Given a square matrix, calculate the sum of its anti-diagonal.","def anti_diagonal_sum(element):
    result = 0
    x = len(element)
    for entry in range(x):
        result += element[entry][x - 1 - entry]
    return result",18,43,42,0,0.0,True,0.19390415795385793,0.03914067521691322,0.3493937938075373,8.143974634062033,0.19916504332684867,0.040385810658335686,0.36135830917054246,8.364931819727644,0.9426821690230143,0.9942494034767151,0.9994769266673497,0.8095238095238095,0.5714285714285714,9,6,0.3306946057014213,0.3406565453652747,0.9285714285714286,1.4005971725453146
count_even_digits__python__v1,count_even_digits,digit_count,python,1,"Given a positive integer, count how many of its decimal digits are even.","def count_even_digits(number):
    count = 0
    while number > 0:
        digit = number % 10
        if digit % 2 == 0:
            count += 1
        number //= 10
    return count",19,54,53,0,0.0,True,0.04193937735430862,0.0002500536502338946,0.1271613318718819,2.2227869997783567,0.041989240197987575,0.00025483881472609937,0.1272427512786161,2.2254297304933415,0.9855418835046157,0.9999810457229614,0.9999970670016307,0.9811320754716981,0.8867924528301887,46,20,0.07543033839609184,0.07547910081112608,1.0,0.34246287670139053
sum_negative__nl__v3,sum_negative,sign_sum,nl,3,"Given a list of numbers, sum only the negative values.","Initialize the total at zero. Process every number. For any case in which a number is less than zero, add it to the total. Produce the total after the list has been processed.",16,38,37,0,0.0,True,0.4563645975462891,0.31256479024887085,0.4169939629875162,16.885490109212697,0.4783875230271873,0.31977614760398865,0.4492357282155467,17.70033835200593,0.8498944712651743,0.9280014634132385,0.9977977501379477,0.5405405405405406,0.21621621621621623,4,2,0.4179071143993901,0.4483549886952258,0.9459459459459459,2.603830484325708
count_words__nl__v2,count_words,word_count,nl,2,"Given a string containing words separated by whitespace, count the words.",Split the string on whitespace and output the number of resulting words.,17,13,12,0,0.0,True,0.4016801938802625,0.3083919882774353,0.41892716205183633,4.82016232656315,0.411147476232145,0.31199897825717926,0.4341298203207738,4.93376971478574,0.8953534662723541,0.9432956278324127,0.999048704902331,0.5833333333333334,0.3333333333333333,3,2,0.4768376334316351,0.4917331341738728,0.9166666666666666,2.3608171235391637
sum_negative__python__v2,sum_negative,sign_sum,python,2,"Given a list of numbers, sum only the negative values.","def sum_negative(current):
    item = 0
    for value in current:
        if value < 0:
            item += value
    return item",16,32,31,0,0.0,True,0.18319906025370133,0.02241220697760582,0.3893789173696662,5.679170867864741,0.18621195977316202,0.02251085266470909,0.39566513204888576,5.772570752968022,0.9380094889671572,0.9973810315132141,0.9997181911622325,0.9032258064516129,0.6451612903225806,18,12,0.3061049475664428,0.31035228315983354,0.9354838709677419,1.7559603411346694
lcm_list__nl__v1,lcm_list,lcm_family,nl,1,"Given a non-empty list of positive integers, compute the least common multiple of all values.",Use the first value as the current lcm. Combine each remaining value with the current lcm by computing their gcd and then the corresponding lcm. Return the final value.,22,32,31,0,0.0,True,0.5140252007552208,0.5674793720245361,0.37844851906619564,15.934781223411846,0.518531770397878,0.5676589608192444,0.38129779409870085,16.074484882334218,0.8203289047364266,0.8538675904273987,0.9995971572014594,0.3870967741935484,0.1935483870967742,4,2,0.3421266591879733,0.3473031449182599,0.8709677419354839,3.1766480794849925
adjacent_differences__python__v3,adjacent_differences,adjacent_transform,python,3,"Given a list of numbers, create a list of differences between each value and its predecessor.","def adjacent_differences(x):
    entry = []
    for element in range(1, len(x)):
        entry.append(x[element] - x[element - 1])
    return entry",22,37,36,0,0.0,True,0.17158956048185953,0.01735242921859026,0.2761266565228513,6.177224177346943,0.17585722971246773,0.017722617834806442,0.2792565462489095,6.330860269648838,0.9379342943429947,0.9979338347911835,0.9996478160222372,0.8055555555555556,0.6388888888888888,20,7,0.23278434029426925,0.23653026803014135,0.9166666666666666,1.7437585790120838
count_unique_words__nl__v3,count_unique_words,word_count,nl,3,"Given a string containing words separated by whitespace, count the distinct words.","Proceed as follows. Split the string on whitespace, place the words into a set, and return the size of the set.",18,25,24,0,0.0,True,0.6061412776471116,0.49316976964473724,0.5521454438293674,14.547390663530678,0.662197403095585,0.5012237131595612,0.6854140093956649,15.89273767429404,0.7799124258259932,0.8708488941192627,0.9916113764047623,0.4583333333333333,0.20833333333333334,4,1,0.648625676277215,0.7554246729199329,0.9583333333333334,1.4351129710309276
reverse_string__nl__v1,reverse_string,reverse_sequence,nl,1,"Given a string, create a new string containing the same characters in reverse order.",Start with an empty result string. Examine the input from the last position to the first and append each character to the result. Return the result.,20,30,29,0,0.0,True,0.31208537723478,0.11125438660383224,0.3646565853026822,9.05047593980862,0.32289241980486716,0.11203523725271225,0.38978399262032604,9.363880174341148,0.899174310010055,0.9809958338737488,0.9987745490567438,0.6551724137931034,0.4482758620689655,7,4,0.3661193658279639,0.387670695408214,0.9655172413793104,2.2946328572579655
reverse_list__python__v1,reverse_list,reverse_sequence,python,1,"Given a list, create a new list containing the same values in reverse order.","def reverse_list(values):
    result = []
    for index in range(len(values) - 1, -1, -1):
        result.append(values[index])
    return result",20,36,35,0,0.0,True,0.1030599526506884,0.0010893505532294512,0.25992301678862634,3.607098342774094,0.10339276030436347,0.0011850602459162474,0.26081234037397694,3.618746610652721,0.9645817790712629,0.9999087452888489,0.9999744585582189,0.8857142857142857,0.8,19,17,0.20329969178293,0.20393284427804054,1.0,0.521497415419872
filter_mapping_by_value__python__v2,filter_mapping_by_value,dictionary_transform,python,2,"Given a dictionary with numeric values and a threshold, return a new dictionary containing only entries whose value is greater than the threshold.","def filter_mapping_by_value(value, output):
    current = {}
    for item, counter in value.items():
        if counter > output:
            current[item] = counter
    return current",29,38,37,0,0.0,True,0.26931953152499677,0.027928270399570465,0.4972513738737976,9.96482266642488,0.281707500094411,0.02831105887889862,0.5280143502013508,10.423177503493207,0.9166538707307867,0.9962928891181946,0.99864055176039,0.7837837837837838,0.5675675675675675,20,8,0.3790078437598115,0.3971980729212292,0.8378378378378378,2.851820567093842
bubble_sort_descending__nl__v1,bubble_sort_descending,bubble_sort,nl,1,"Given a list of numbers, sort it in descending order using bubble sort and return the sorted copy.","Copy the input list. Repeatedly scan adjacent pairs and swap them when the left value is less than the right value. After enough passes, return the copy.",24,33,32,0,0.0,True,0.580093050513824,0.34925390779972076,0.5560794796281865,18.562977616442367,0.6113540737705989,0.3554598093032837,0.6020240851382126,19.563330360659165,0.8103553913533688,0.9147199988365173,0.9963152799755335,0.5,0.28125,4,3,0.6587038425458295,0.7036146174894736,0.90625,2.698481542286629
linear_first_index__python__v3,linear_first_index,linear_search,python,3,"Given a list and a target, return the index of the first target occurrence or minus one if absent.","def linear_first_index(result, entry):
    for element, x in enumerate(result):
        if x == entry:
            return element
    return -1",25,31,30,0,0.0,True,0.1599019645524095,0.01963347103446722,0.3627451582033176,4.797058936572284,0.1628609797572911,0.019819733686745167,0.3730715032364119,4.885829392718733,0.9420072098573049,0.9974737465381622,0.9996943513552348,0.9,0.7,26,6,0.2093322326018724,0.2142403472254077,0.9,3.2934357110224557
count_words__python__v2,count_words,word_count,python,2,"Given a string containing words separated by whitespace, count the words.","def count_words(item):
    value = item.split()
    return len(value)",17,16,15,0,0.0,True,0.21782020290071766,0.10594341903924942,0.279540420674821,3.267303043510765,0.2237328809220344,0.11096007376909256,0.28532109268358485,3.3559932138305157,0.9451006134351094,0.9800419807434082,0.9994884252548217,0.8,0.4666666666666667,6,2,0.31372227180483087,0.3239242792728224,0.8666666666666667,2.323833422752796
list_divisors__python__v1,list_divisors,divisors,python,1,"Given a positive integer n, return all positive divisors of n in increasing order.","def list_divisors(n):
    result = []
    for divisor in range(1, n + 1):
        if n % divisor == 0:
            result.append(divisor)
    return result",21,41,40,0,0.0,True,0.05728533504691598,0.000636373006273061,0.1644880610372941,2.291413401876639,0.05773476746088306,0.0006409637571778148,0.16582803002129762,2.3093906984353225,0.9836367905139923,0.9999453723430634,0.9999634459614754,0.9,0.9,21,21,0.07464043169956405,0.07509328134205052,1.0,0.7178690387993072
product_one_to_n__python__v2,product_one_to_n,factorial_product,python,2,"Given a positive integer n, compute the product of all integers from one through n.","def product_one_to_n(item):
    value = 1
    for current in range(1, item + 1):
        value *= current
    return value",21,34,33,0,0.0,True,0.12050653002524721,0.016513055190443993,0.28382659550113964,3.9767154908331577,0.12254426773010478,0.017066769301891327,0.29100047599907414,4.043960835093458,0.9591186760049878,0.9981123208999634,0.9997886563792373,0.9393939393939394,0.7272727272727273,13,6,0.19617213829405955,0.19932038490469495,0.8787878787878788,2.0154376170699613
matrix_row_sums__python__v2,matrix_row_sums,matrix_aggregate,python,2,"Given a matrix of numbers, return a list containing the sum of each row.","def matrix_row_sums(item):
    value = []
    for current in item:
        output = 0
        for counter in current:
            output += counter
        value.append(output)
    return value",20,42,41,0,0.0,True,0.18952983207525062,0.005536888260394335,0.3784362119632931,7.770723115085275,0.19498503472224424,0.005602957680821419,0.39500824247478594,7.9943864236120135,0.928162693977356,0.999370813369751,0.9993899217466029,0.8048780487804879,0.7560975609756098,16,14,0.3214091389665555,0.3323106328432914,0.8780487804878049,2.279697885020319
group_by_first_character__nl__v2,group_by_first_character,grouping,nl,2,"Given a list of non-empty strings, build a dictionary grouping strings by their first character while preserving input order inside each group.","Begin with an empty dictionary. Inspect each string, use its first character as the key, build an empty list for a new key, and add the string to that key's list. Output the dictionary.",29,42,41,0,0.0,True,0.6080775006273875,0.5349349975585938,0.5383845889510837,24.931177525722887,0.6497591795362873,0.5363298654556274,0.6058692174144298,26.64012636098778,0.7907281270841273,0.8610697388648987,0.9947002370183061,0.43902439024390244,0.17073170731707318,3,2,0.6073611813160824,0.6631337062251987,0.926829268292683,2.095425729313342
partition_by_sign__python__v3,partition_by_sign,partition,python,3,"Given a list of numbers, return two lists: negative values first and nonnegative values second, preserving input order within each group.","def partition_by_sign(result):
    element = []
    entry = []
    for x in result:
        if x < 0:
            element.append(x)
        else:
            entry.append(x)
    return element, entry",30,45,44,0,0.0,True,0.3006511139227877,0.015362659469246864,0.5398486829920762,13.22864901260266,0.32418729555409054,0.016653106547892094,0.5864568221976516,14.264241004379983,0.893487620760094,0.998053640127182,0.9973032488064333,0.7954545454545454,0.6590909090909091,25,17,0.41171109871305456,0.44316685984817605,0.9090909090909091,1.5785860841159134
ordered_unique_intersection__python__v2,ordered_unique_intersection,ordered_intersection,python,2,"Given two lists, return distinct values from the first list that also occur in the second list, preserving first-list order.","def ordered_unique_intersection(item, current):
    value = []
    for output in item:
        if output in current and output not in value:
            value.append(output)
    return value",28,37,36,0,0.0,True,0.29866339072603093,0.020345062017440796,0.5081900240664818,10.751882066137114,0.3069022515892862,0.02117426972836256,0.5242730404886583,11.048481057214303,0.8930705123477511,0.9975141882896423,0.999148964881897,0.75,0.6666666666666666,15,13,0.3552483034884582,0.3676084912403894,0.8333333333333334,2.7636048151014623
rotate_left_one__python__v2,rotate_left_one,rotation,python,2,"Given a non-empty list, rotate it left by one position.","def rotate_left_one(current):
    item = []
    for value in current[1:]:
        item.append(value)
    item.append(current[0])
    return item",17,33,32,0,0.0,True,0.20001000628599286,0.01780996285378933,0.4079461274694182,6.4003202011517715,0.21255437737534066,0.01808278076350689,0.4449866496047688,6.801740076010901,0.9443890741094947,0.9977051019668579,0.998583173379302,0.875,0.6875,21,8,0.28773196814243773,0.3054563797085129,0.90625,2.0101287440965407
dedupe_last__nl__v1,dedupe_last,deduplication,nl,1,"Given a list, remove duplicate values while keeping the last occurrence of each value and preserving the order of those kept occurrences.","Start with an empty temporary list. Examine the input from right to left. If the current value has not yet been kept, append it to the temporary list. Reverse that list and return it.",28,40,39,0,0.0,True,0.5249661228586681,0.4999063313007355,0.44787194727059837,20.473678791488055,0.5347989576820953,0.502380907535553,0.4591711224821141,20.857159349601716,0.8175771320477511,0.882319986820221,0.9990747647407727,0.48717948717948717,0.2564102564102564,5,2,0.45601987533308075,0.47106360439456213,0.9230769230769231,2.286840518257052
first_negative_index__python__v3,first_negative_index,first_match_index,python,3,"Given a list of numbers, return the index of the first negative value, or minus one if none exists.","def first_negative_index(x):
    for element, entry in enumerate(x):
        if entry < 0:
            return element
    return -1",26,30,29,0,0.0,True,0.19661505117719885,0.017325030639767647,0.37073765534701697,5.7018364841387665,0.1983826223474572,0.018164537847042084,0.3735281285928326,5.753096048076259,0.9284103368890697,0.9979544281959534,0.9998618693187319,0.8620689655172413,0.6206896551724138,12,12,0.2805536325612203,0.2826509563187106,0.9655172413793104,1.709221494679092
filter_negative__python__v1,filter_negative,sign_filter,python,1,"Given a list of numbers, create a new list containing only negative values.","def filter_negative(values):
    result = []
    for value in values:
        if value < 0:
            result.append(value)
    return result",19,30,29,0,0.0,True,0.1805748412790261,0.001632058061659336,0.40920580333680634,5.236670397091757,0.18149475846038168,0.001640200731344521,0.41195880605927293,5.263347995351069,0.9182105280202011,0.9998567700386047,0.9999089076601225,0.8275862068965517,0.7931034482758621,18,18,0.25784717176216937,0.258878276705218,0.9655172413793104,0.6961348536888179
group_by_first_character__python__v1,group_by_first_character,grouping,python,1,"Given a list of non-empty strings, build a dictionary grouping strings by their first character while preserving input order inside each group.","def group_by_first_character(words):
    groups = {}
    for word in words:
        key = word[0]
        if key not in groups:
            groups[key] = []
        groups[key].append(word)
    return groups",29,47,46,0,0.0,True,0.10466460071306162,0.002356471144594252,0.2657543925691165,4.814571632800835,0.10522256772892755,0.0023686258355155587,0.2664304252359582,4.840238115530667,0.9568981761517732,0.9997680485248566,0.9999562774015509,0.8913043478260869,0.8043478260869565,17,12,0.1946748946774379,0.1950449830282676,1.0,0.3582512594531049
matrix_row_sums__python__v1,matrix_row_sums,matrix_aggregate,python,1,"Given a matrix of numbers, return a list containing the sum of each row.","def matrix_row_sums(matrix):
    result = []
    for row in matrix:
        total = 0
        for value in row:
            total += value
        result.append(total)
    return result",20,42,41,0,0.0,True,0.0806933100146835,0.0011778888292610645,0.23948730264153253,3.308425710602023,0.08116339427419361,0.001366205862723291,0.24094301507078292,3.3276991652419383,0.9687242835033231,0.9998918771743774,0.9999632341105763,0.9024390243902439,0.8536585365853658,21,16,0.14039307081375227,0.1413146052391312,1.0,0.7508362812046171
rotate_matrix_clockwise__python__v2,rotate_matrix_clockwise,matrix_transform,python,2,"Given a non-empty square matrix, return a new matrix rotated ninety degrees clockwise.","def rotate_matrix_clockwise(value):
    output = []
    total_value = len(value)
    for item in range(total_value):
        current = []
        for counter in range(total_value - 1, -1, -1):
            current.append(value[counter][item])
        output.append(current)
    return output",20,63,62,0,0.0,True,0.23131142014089193,0.024546937085688114,0.3878119470186339,14.3413080487353,0.24490046937469215,0.024811074137687683,0.42090649827125726,15.183829101230913,0.928592465577587,0.9967532753944397,0.99852230760359,0.8064516129032258,0.6290322580645161,25,24,0.33453148080005746,0.35531020490002374,0.9032258064516129,1.3565415350052636
adjacent_differences__nl__v1,adjacent_differences,adjacent_transform,nl,1,"Given a list of numbers, create a list of differences between each value and its predecessor.","Create an empty result list. Starting with the second input value, subtract the preceding value from the current value and append the difference. Return the result.",22,30,29,0,0.0,True,0.5266478156735157,0.5195288062095642,0.4355606732656481,15.272786654531956,0.5444178727359094,0.5209313631057739,0.47708135622034226,15.788118309341371,0.8224208190523344,0.8685316443443298,0.9978190454943426,0.41379310344827586,0.2413793103448276,4,3,0.5052157076341766,0.5384029382174569,1.0,2.2792181788084642
is_prime__python__v2,is_prime,primality,python,2,"Given an integer n, determine whether it is prime.","def is_prime(value):
    if value < 2:
        return False
    item = 2
    while item * item <= value:
        if value % item == 0:
            return False
        item += 1
    return True",15,52,51,0,0.0,True,0.06340051801688627,0.002194781322032213,0.1753680553278958,3.2334264188611996,0.06401712410311744,0.002195086795836687,0.17588819811929512,3.2648733292589895,0.9732104364563438,0.9997671842575073,0.9999548664280012,0.9215686274509803,0.8823529411764706,34,31,0.11838996311300434,0.11873687936284114,0.9607843137254902,0.8181112770410294
most_frequent__python__v2,most_frequent,mode_selection,python,2,"Given a non-empty list, return a value with the highest occurrence count, choosing the first such value on ties.","def most_frequent(output):
    value = {}
    for current in output:
        value[current] = value.get(current, 0) + 1
    item = output[0]
    for current in output:
        if value[current] > value[item]:
            item = current
    return item",27,62,61,0,0.0,True,0.2657755027457377,0.02214321494102478,0.452339737759583,16.21230566749,0.27530435632529515,0.024494577199220657,0.4741399654360982,16.793565735843003,0.9055632699708469,0.9972978234291077,0.9989449889933477,0.7704918032786885,0.6065573770491803,15,10,0.35908011757249675,0.37454777220603624,0.9180327868852459,1.1872622675209044
merge_sorted_ascending__python__v3,merge_sorted_ascending,merge_sorted,python,3,"Given two lists sorted in ascending order, merge them into one ascending list.","def merge_sorted_ascending(x, n_count):
    result = []
    element = 0
    entry = 0
    while element < len(x) and entry < len(n_count):
        if x[element] <= n_count[entry]:
            result.append(x[element])
            element += 1
        else:
            result.append(n_count[entry])
            entry += 1
    result.extend(x[element:])
    result.extend(n_count[entry:])
    return result",19,97,96,0,0.0,True,0.16923266359161815,0.0061095827259123325,0.3787073083445416,16.246335704795342,0.1769806574346937,0.006382841616868973,0.40213843522426096,16.990143113730596,0.9467872402941188,0.9993826150894165,0.9991481024771929,0.8541666666666666,0.7604166666666666,35,20,0.2577577672300824,0.26917641626473116,0.9583333333333334,1.0957279565466564
is_nondecreasing__python__v1,is_nondecreasing,monotonicity,python,1,"Given a list of numbers, determine whether it is in nondecreasing order.","def is_nondecreasing(values):
    for index in range(1, len(values)):
        if values[index - 1] > values[index]:
            return False
    return True",20,37,36,0,0.0,True,0.07507272668408405,0.002451344160363078,0.16278982893120417,2.7026181606270256,0.0753679596366889,0.0024763097753748298,0.16322895000620416,2.7132465469208,0.9758782519234551,0.9997705817222595,0.9999781035714679,0.9166666666666666,0.8055555555555556,23,14,0.10412937955219864,0.10463827166290035,1.0,0.7160227517887113
numeric_palindrome__nl__v2,numeric_palindrome,numeric_reverse,nl,2,"Given a nonnegative integer, determine whether its decimal digits form a palindrome.",Save the original number and build its reversed decimal value digit by digit. Compare the reversed value with the original and output whether they are equal.,19,28,27,0,0.0,True,0.47773851121396377,0.5271562933921814,0.422925906359807,12.898939802777022,0.48080870572313733,0.5314229130744934,0.4269465870607023,12.981835054524709,0.8273690320827343,0.8585103154182434,0.9997135864363776,0.4444444444444444,0.25925925925925924,2,2,0.550304846229175,0.5547993434369206,0.9259259259259259,3.900739290240583
fibonacci_first_n__python__v3,fibonacci_first_n,fibonacci,python,3,"Given a nonnegative integer n, return the first n Fibonacci values starting with zero and one.","def fibonacci_first_n(result):
    entry = 0
    x = 1
    n_count = []
    for element in range(result):
        n_count.append(entry)
        entry, x = x, entry + x
    return n_count",23,51,50,0,0.0,True,0.24786337822733912,0.03255256451666355,0.4423913328920006,12.393168911366956,0.2639042982348474,0.03424290381371975,0.47471186885642985,13.195214911742369,0.9212517374753952,0.9955405294895172,0.9983413207530976,0.8,0.6,19,12,0.3568977104928772,0.3816089860581774,0.88,1.9439090628629492
binary_search_insertion__python__v2,binary_search_insertion,binary_search,python,2,"Given an ascending sorted list and a target value, return the index where the target could be inserted while preserving order.","def binary_search_insertion(counter, output):
    value = 0
    item = len(counter)
    while value < item:
        current = (value + item) // 2
        if counter[current] < output:
            value = current + 1
        else:
            item = current
    return value",27,66,65,0,0.0,True,0.2586777853889194,0.028939878568053246,0.4444222901568327,16.81405605027976,0.2754759481173376,0.03222101554274559,0.48379600428295383,17.905936627626943,0.9100311343486492,0.9958624243736267,0.9981765288573045,0.8,0.5692307692307692,27,11,0.36484651530963674,0.3928138518556352,0.9230769230769231,1.467734685027692
selection_sort_ascending__python__v2,selection_sort_ascending,selection_sort,python,2,"Given a list of numbers, sort it in ascending order using selection sort and return the sorted copy.","def selection_sort_ascending(counter):
    output = counter[:]
    for current in range(len(output)):
        item = current
        for value in range(current + 1, len(output)):
            if output[value] < output[item]:
                item = value
        output[current], output[item] = output[item], output[current]
    return output",24,69,68,0,0.0,True,0.12737188085742612,0.007409564917907119,0.2527370201863905,8.661287898304977,0.13103128521041352,0.007465234026312828,0.26535159537393727,8.91012739430812,0.963692365323796,0.999138206243515,0.9996377720552332,0.8823529411764706,0.7058823529411765,37,13,0.20688098520975867,0.21353184091517438,0.9117647058823529,1.3353050432032187
ordered_intersection__nl__v3,ordered_intersection,ordered_intersection,nl,3,"Given two lists, return values from the first list that also occur in the second list, preserving duplicates and order from the first list.","Initialize an empty result. Process each value in the first list. If that value occurs in the second list, append it to the result. Produce the result.",31,32,31,0,0.0,True,0.36668060381235856,0.1890692263841629,0.43271684985382314,11.367098718183115,0.3787436603358196,0.19295765459537506,0.45084459236551994,11.741053470410407,0.872512674139392,0.9632762670516968,0.9988093876069591,0.6129032258064516,0.3870967741935484,5,4,0.43931914622274537,0.45322154331952336,0.9354838709677419,1.857451666151211
sum_negative__nl__v1,sum_negative,sign_sum,nl,1,"Given a list of numbers, sum only the negative values.","Start the total at zero. Examine every number. Whenever a number is less than zero, add it to the total. Return the total after the list has been processed.",16,35,34,0,0.0,True,0.4913084160173586,0.27521465718746185,0.5486346722002134,16.70448614459019,0.5096628040243077,0.27835799753665924,0.5878668091816975,17.328535336826462,0.8242738917469978,0.9405055046081543,0.9978087597033557,0.5588235294117647,0.3235294117647059,8,3,0.5454887927326402,0.5739440691170536,0.9705882352941176,2.1358993014506695
keep_letters__python__v1,keep_letters,string_filter,python,1,"Given a string, return a new string containing only alphabetic characters.","def keep_letters(text):
    result = """"
    for char in text:
        if char.isalpha():
            result += char
    return result",18,29,28,0,0.0,True,0.20970126832042166,0.002503615920431912,0.44136813702757743,5.871635512971807,0.21187286755925275,0.0025481352349743247,0.4474428360982732,5.932440291659077,0.9184053476367678,0.999752014875412,0.9997700112206596,0.8214285714285714,0.75,20,14,0.2777420978468904,0.2800937444754473,1.0,0.6921604044296673
is_strictly_increasing__python__v3,is_strictly_increasing,monotonicity,python,3,"Given a list of numbers, determine whether it is strictly increasing.","def is_strictly_increasing(entry):
    for element in range(1, len(entry)):
        if entry[element - 1] >= entry[element]:
            return False
    return True",17,39,38,0,0.0,True,0.07617858897375347,0.001858556759543717,0.18436146054505714,2.894786381002632,0.07665579023566686,0.0018694743630476296,0.18593749754499525,2.912920028955341,0.9751345781903518,0.9998250603675842,0.9999614891253019,0.8947368421052632,0.8157894736842105,24,23,0.11892671548372852,0.1197685092835879,0.9473684210526315,1.159521985119553
rotate_right_one__python__v2,rotate_right_one,rotation,python,2,"Given a non-empty list, rotate it right by one position.","def rotate_right_one(current):
    item = [current[-1]]
    for value in current[:-1]:
        item.append(value)
    return item",17,30,29,0,0.0,True,0.2992964276478421,0.033111024647951126,0.45821044613056217,8.679596401787421,0.30715860119957583,0.033494845032691956,0.4731896854134346,8.907599434787699,0.9041496278910801,0.995745837688446,0.9991920487634067,0.7586206896551724,0.5862068965517241,13,10,0.3307296832598305,0.33829543060554507,0.896551724137931,1.9485707512729216
partition_by_threshold__nl__v3,partition_by_threshold,partition,nl,3,"Given a list of numbers and a threshold, return two lists: values below the threshold and values at least the threshold, preserving order.",Initialize two empty result lists. Process each number and append it to the below-threshold list or the other list according to the comparison. Produce both lists.,31,31,30,0,0.0,True,0.561767107968141,0.593542605638504,0.4332452647229997,16.85301323904423,0.5794481172012941,0.6014315187931061,0.4529111513388021,17.383443516038824,0.8143361806869507,0.8148830533027649,0.9983626921971639,0.36666666666666664,0.2,3,2,0.5065949590563581,0.5254467897687172,0.9333333333333333,3.0615546321987495
adjacent_differences__python__v2,adjacent_differences,adjacent_transform,python,2,"Given a list of numbers, create a list of differences between each value and its predecessor.","def adjacent_differences(current):
    value = []
    for item in range(1, len(current)):
        value.append(current[item] - current[item - 1])
    return value",22,37,36,0,0.0,True,0.2096524500363254,0.016104113310575485,0.36905363817697706,7.547488201307715,0.2111979548777122,0.016178377903997898,0.37114277631060166,7.60312637559764,0.9243870220250554,0.9978609681129456,0.9998706264628304,0.75,0.6388888888888888,14,7,0.2873733806261693,0.2891917436132124,0.9166666666666666,1.8858568778829767
count_unique_words__nl__v1,count_unique_words,word_count,nl,1,"Given a string containing words separated by whitespace, count the distinct words.","Split the string on whitespace, place the words into a set, and return the size of the set.",18,21,20,0,0.0,True,0.4334250034764409,0.24997691810131073,0.4411463311768986,8.668500069528818,0.4402800749056041,0.2581366151571274,0.4539239077773163,8.805601498112082,0.8384629011154174,0.9461961984634399,0.999324095249176,0.6,0.25,4,1,0.39794869402325467,0.40691192080511857,1.0,1.0204883836428054
count_even__python__v3,count_even,parity_count,python,3,"Given a list of integers, count how many values are even.","def count_even(x):
    element = 0
    for entry in x:
        if entry % 2 == 0:
            element += 1
    return element",17,36,35,0,0.0,True,0.15088693926071364,0.015306610614061356,0.2996230110338949,5.281042874124978,0.15243400542021845,0.01575469970703125,0.30240356579629596,5.335190189707646,0.9441767692565918,0.9982113242149353,0.9998668568474905,0.8571428571428571,0.7428571428571429,16,15,0.20749254682018278,0.20924733205623958,0.9428571428571428,1.2400562635113925
filter_mapping_by_value__nl__v3,filter_mapping_by_value,dictionary_transform,nl,3,"Given a dictionary with numeric values and a threshold, return a new dictionary containing only entries whose value is greater than the threshold.","Initialize with an empty result dictionary. Process each key and value. If the value is greater than the threshold, copy that entry into the result. Produce the result.",29,33,32,0,0.0,True,0.31038838885524456,0.16721352189779282,0.3080930822500887,9.932428443367826,0.31478824172972963,0.16856743395328522,0.3116980575952705,10.073223735351348,0.8908406011760235,0.9632851481437683,0.9996541012078524,0.625,0.3125,8,3,0.3117980366223492,0.3157332217707599,0.90625,2.7396276756032876
filter_nonnegative__python__v2,filter_nonnegative,sign_filter,python,2,"Given a list of numbers, create a new list containing only values greater than or equal to zero.","def filter_nonnegative(current):
    item = []
    for value in current:
        if value >= 0:
            item.append(value)
    return item",24,31,30,0,0.0,True,0.255858654727975,0.007867683889344335,0.45360053496723035,7.6757596418392495,0.2693166051552301,0.007924166042357683,0.480884175570553,8.079498154656903,0.9087329298257828,0.9990729987621307,0.998490043481191,0.7666666666666667,0.6666666666666666,10,7,0.37438206113463446,0.3830471276250419,0.9,2.1637270216335915
ordered_intersection__nl__v1,ordered_intersection,ordered_intersection,nl,1,"Given two lists, return values from the first list that also occur in the second list, preserving duplicates and order from the first list.","Create an empty result. Examine each value in the first list. If that value occurs in the second list, append it to the result. Return the result.",31,33,32,0,0.0,True,0.3172860447957646,0.18623298406600952,0.3694506387065431,10.153153433464468,0.32921589734542067,0.18669630959630013,0.3852437292231584,10.534908715053461,0.8990069851279259,0.959059327840805,0.9988730736076832,0.6875,0.4375,7,4,0.3838488317485298,0.40285930266573783,0.96875,1.4571696140587846
string_palindrome__python__v3,string_palindrome,palindrome_test,python,3,"Given a string, determine whether it reads the same forward and backward.","def string_palindrome(x):
    element = 0
    entry = len(x) - 1
    while element < entry:
        if x[element] != x[entry]:
            return False
        element += 1
        entry -= 1
    return True",18,57,56,0,0.0,True,0.17981891051856888,0.013542083092033863,0.4249927530003043,10.069858989039858,0.1940129988642931,0.013856330886483192,0.46958547765219993,10.864727936400413,0.941731008035796,0.9984130859375,0.9982514626213482,0.8928571428571429,0.6964285714285714,39,14,0.3155323785542516,0.34130605119680696,0.9642857142857143,1.036168360922941
count_unique_words__python__v3,count_unique_words,word_count,python,3,"Given a string containing words separated by whitespace, count the distinct words.","def count_unique_words(element):
    x = element.split()
    entry = set(x)
    return len(entry)",18,23,22,0,0.0,True,0.3566036234366369,0.12223479151725769,0.4681422135877316,7.8452797156060115,0.37146714094507677,0.12861232087016106,0.4963442132138735,8.172277100791689,0.887605832381682,0.981107234954834,0.9983756677670912,0.6818181818181818,0.4090909090909091,3,2,0.5923415250699258,0.6191295510922957,0.8636363636363636,2.837333350451114
gcd_list__python__v1,gcd_list,gcd_family,python,1,"Given a non-empty list of nonnegative integers, compute the greatest common divisor of all values.","def gcd_list(values):
    current = values[0]
    for value in values[1:]:
        a = current
        b = value
        while b != 0:
            a, b = b, a % b
        current = a
    return current",23,56,55,0,0.0,True,0.16211746811492792,0.000982054159976542,0.3356862245721795,8.916460746321036,0.1630083857076856,0.001018390292301774,0.3370018690751678,8.965461213922708,0.937902178547599,0.9999094009399414,0.9999250823801215,0.8181818181818182,0.7636363636363637,17,17,0.24882848655470802,0.24879600532515858,1.0,0.7126544304874036
dedupe_first__python__v2,dedupe_first,deduplication,python,2,"Given a list, remove duplicate values while keeping the first occurrence of each value.","def dedupe_first(current):
    item = []
    for value in current:
        if value not in item:
            item.append(value)
    return item",20,31,30,0,0.0,True,0.2342284336486197,0.006913444260135293,0.43143799148440487,7.026853009458591,0.24347036469877517,0.00721875368617475,0.44693419109985283,7.304110940963255,0.9253620386123658,0.9992741942405701,0.9990942279497782,0.7666666666666667,0.7333333333333333,18,18,0.2380106481715647,0.2507727230603105,0.9,2.1576931566096826
anti_diagonal_sum__nl__v3,anti_diagonal_sum,diagonal_aggregate,nl,3,"Given a square matrix, calculate the sum of its anti-diagonal.","Initialize a total at zero. For every row index, add the element whose column index is the mirrored position from the right. Produce the total.",18,29,28,0,0.0,True,0.7562336184949215,0.635714203119278,0.6136863693026247,21.174541317857802,0.8062278840557805,0.6653851866722107,0.6799563050768805,22.574380753561854,0.7668523043394089,0.8192160129547119,0.9938617199659348,0.35714285714285715,0.10714285714285714,5,2,0.6346889562490914,0.6906720591640031,0.8928571428571429,3.3614670201620487
matrix_find_position__nl__v1,matrix_find_position,matrix_search,nl,1,"Given a matrix and a target value, return the row and column of the first occurrence in row-major order, or minus one for both if absent.","Scan rows from top to bottom and columns from left to right. When a value equals the target, return its row and column indices. If no match exists, return minus one for both indices.",34,39,38,0,0.0,True,0.531414833115904,0.32279281318187714,0.5476084651216757,20.19376365840435,0.5447136833000082,0.32608795166015625,0.5654760005782616,20.699119965400314,0.8169733968220259,0.9249686002731323,0.9986088511190916,0.5526315789473685,0.2631578947368421,5,3,0.4703243745434274,0.4753131386304803,1.0,1.3786225019641554
rotate_matrix_clockwise__nl__v2,rotate_matrix_clockwise,matrix_transform,nl,2,"Given a non-empty square matrix, return a new matrix rotated ninety degrees clockwise.","Build an empty result. For each original column from left to right, build a row by reading that column from bottom to top. Add each row and output the result.",20,34,33,0,0.0,True,0.8279315753783466,0.8781185746192932,0.6232901257276529,27.32174198748544,0.9030454295588601,0.8857191205024719,0.7552699070760595,29.800499175442383,0.7117769934914329,0.734053373336792,0.9897495128891685,0.36363636363636365,0.15151515151515152,3,3,0.6262482013262343,0.752637859332026,0.9090909090909091,3.0039121689562416
matrix_column_sums__nl__v3,matrix_column_sums,matrix_aggregate,nl,3,"Given a non-empty rectangular matrix of numbers, return a list containing the sum of each column.","Initialize an empty result list. For each column index, start a total at zero, add that column's value from every row, and append the total. Produce the result.",23,35,34,0,0.0,True,0.5708314006299,0.5606648325920105,0.410718625932255,19.4082676214166,0.574480301618357,0.5640140771865845,0.41278611814987815,19.532330255024135,0.7975215175572563,0.8600541651248932,0.9997042768141803,0.35294117647058826,0.14705882352941177,4,2,0.44827596185672464,0.45183383628274454,0.9117647058823529,3.1638034171654215
transpose_matrix__python__v1,transpose_matrix,matrix_transform,python,1,"Given a non-empty rectangular matrix, return its transpose.","def transpose_matrix(matrix):
    result = []
    for col in range(len(matrix[0])):
        new_row = []
        for row in matrix:
            new_row.append(row[col])
        result.append(new_row)
    return result",15,46,45,0,0.0,True,0.07222904016092255,0.0015272371238097548,0.19441785773178658,3.2503068072415147,0.07267630367394418,0.0015321766259148717,0.19555610361028034,3.270433665327488,0.977410003874037,0.9998522996902466,0.9999655564626058,0.9111111111111111,0.8666666666666667,35,34,0.12003021280681542,0.120558706317828,1.0,0.8177136564160877
are_disjoint__python__v3,are_disjoint,set_relation,python,3,"Given two collections, determine whether they have no value in common.","def are_disjoint(element, entry):
    for x in element:
        if x in entry:
            return False
    return True",17,27,26,0,0.0,True,0.3128511614108552,0.01568059017881751,0.5567760246969994,8.134130196682236,0.33782499626025897,0.01583168562501669,0.6123678745009249,8.783449902766733,0.8868326911559472,0.9980396032333374,0.9971601710869715,0.7692307692307693,0.6538461538461539,11,11,0.38840101725945714,0.43124817465315574,0.9230769230769231,1.8353109838988075
sum_positive__python__v1,sum_positive,sign_sum,python,1,"Given a list of numbers, sum only the positive values.","def sum_positive(values):
    total = 0
    for value in values:
        if value > 0:
            total += value
    return total",16,32,31,0,0.0,True,0.12471805541876561,0.0014653197722509503,0.33018218250317244,3.866259717981734,0.12487887709071108,0.0014997166581451893,0.3305902331685485,3.8712451898120435,0.9594572090333507,0.9998621940612793,0.9999880521528183,0.8709677419354839,0.8709677419354839,18,18,0.2155120027778518,0.21572304500476397,0.967741935483871,0.538256357113178
reverse_string__python__v1,reverse_string,reverse_sequence,python,1,"Given a string, create a new string containing the same characters in reverse order.","def reverse_string(text):
    result = """"
    for index in range(len(text) - 1, -1, -1):
        result += text[index]
    return result",20,36,35,0,0.0,True,0.1190593431457858,0.0018469553906470537,0.2645082870103298,4.167077010102503,0.11937668423063152,0.001852392335422337,0.26519698626831717,4.178183948072103,0.9561839750834874,0.9998247623443604,0.999976921081543,0.8571428571428571,0.8,19,17,0.23362493419497643,0.23419366228184532,1.0,0.6874993842043685
digit_sum__nl__v3,digit_sum,digit_aggregate,nl,3,"Given a nonnegative integer, compute the sum of its decimal digits.","Initialize a total at zero. While the number is positive, add its last decimal digit to the total and remove that digit using integer division by ten. Produce the total.",18,34,33,0,0.0,True,0.3056178815719305,0.07601003348827362,0.33036125777678027,10.085390091873705,0.30767732867829956,0.07607510685920715,0.3323755829778855,10.153351846383885,0.8853798039031752,0.9857413172721863,0.999839885668321,0.5757575757575758,0.45454545454545453,7,5,0.2824335391924251,0.28488421336805914,0.9696969696969697,2.2371076461854638
group_by_length__python__v1,group_by_length,grouping,python,1,"Given a list of strings, build a dictionary grouping strings by their length while preserving input order inside each group.","def group_by_length(words):
    groups = {}
    for word in words:
        key = len(word)
        if key not in groups:
            groups[key] = []
        groups[key].append(word)
    return groups",26,45,44,0,0.0,True,0.06262868231435383,0.0013106251717545092,0.18369143474111002,2.7556620218315686,0.06290195367923378,0.00134774373145774,0.18395025747207236,2.7676859618862863,0.976456225595691,0.9998790323734283,0.9999799010428515,0.9318181818181818,0.8636363636363636,16,16,0.1183663524291668,0.1183811391490085,1.0,0.2996311942369342
bubble_sort_ascending__nl__v1,bubble_sort_ascending,bubble_sort,nl,1,"Given a list of numbers, sort it in ascending order using bubble sort and return the sorted copy.","Copy the input list. Repeatedly scan adjacent pairs and swap them when the left value is greater than the right value. After enough passes, return the copy.",24,33,32,0,0.0,True,0.5397852821452034,0.31689515709877014,0.5231331678003251,17.27312902864651,0.5645421888027613,0.3220781087875366,0.560048348818754,18.06535004168836,0.8201703261584044,0.9275587201118469,0.9971877261996269,0.5625,0.28125,4,3,0.5925232136618316,0.6260583059765557,0.90625,2.7868351811975316
gcd_list__nl__v2,gcd_list,gcd_family,nl,2,"Given a non-empty list of nonnegative integers, compute the greatest common divisor of all values.","Take the first value as the current gcd. For each remaining value, repeatedly apply the Euclidean algorithm to combine it with the current gcd. Output the final gcd.",23,33,32,0,0.0,True,0.5893325379875023,0.4182804822921753,0.5477479090541634,18.858641215600073,0.6001294287998462,0.42283959686756134,0.5657268968166482,19.20414172159508,0.7983901486732066,0.90546914935112,0.9987646155059338,0.53125,0.1875,5,2,0.522745464057211,0.5366965606508236,0.90625,2.154375150150372
lcm_list__nl__v2,lcm_list,lcm_family,nl,2,"Given a non-empty list of positive integers, compute the least common multiple of all values.",Take the first value as the current lcm. Combine each remaining value with the current lcm by computing their gcd and then the corresponding lcm. Output the final value.,22,32,31,0,0.0,True,0.490211682967774,0.4595230519771576,0.3961853706520798,15.196562172000995,0.49490286079479473,0.4598155617713928,0.40053464822698426,15.341988684638636,0.8381990223161636,0.8893283605575562,0.9995501060639659,0.4838709677419355,0.1935483870967742,4,2,0.42817983906134033,0.4338073950241475,0.9032258064516129,3.120159424908325
running_product__python__v2,running_product,cumulative_scan,python,2,"Given a list of numbers, produce the running product after each position.","def running_product(output):
    item = 1
    value = []
    for current in output:
        item *= current
        value.append(item)
    return value",18,34,33,0,0.0,True,0.1934805425615085,0.014882695861160755,0.33227824207854895,6.384857904529781,0.19898469483957865,0.017635149881243706,0.34327560003482155,6.566494929706096,0.9339139335083239,0.9980791211128235,0.9994530262369098,0.8181818181818182,0.6060606060606061,16,10,0.29269952512822783,0.300109262553633,0.8787878787878788,1.8375173647819985
count_primes_up_to__nl__v3,count_primes_up_to,primality,nl,3,"Given a nonnegative integer n, count how many prime numbers are at most n.","Initialize a prime counter at zero. For every candidate from two through n, test divisors up to its square root. Increase the counter when no divisor is found. Produce the counter.",21,37,36,0,0.0,True,0.6398858247687005,0.5019181221723557,0.5742670975339026,23.03588969167322,0.68933053923926,0.5132827311754227,0.6500284683450667,24.815899412613362,0.7937220227387216,0.8815535604953766,0.9940577232175403,0.4722222222222222,0.1388888888888889,4,1,0.5881175246089697,0.6558426339977554,0.8333333333333334,3.2835967287068746
clamp_values__nl__v3,clamp_values,bounded_numeric_transform,nl,3,"Given a list of numbers and lower and upper bounds, clamp each value into the inclusive interval.","Initialize an empty result list. Process each value. Replace values below the lower bound with the lower bound, values above the upper bound with the upper bound, and keep all others unchanged. Produce the result.",23,41,40,0,0.0,True,0.44517666113113136,0.14981093257665634,0.4579797233691139,17.807066445245255,0.45044584668912646,0.1512179970741272,0.4639315287792802,18.01783386756506,0.8430635772645474,0.9698795080184937,0.9995345458388328,0.55,0.3,9,3,0.4066738849741318,0.41119498771504137,0.95,1.97094155909231
lcm_list__python__v3,lcm_list,lcm_family,python,3,"Given a non-empty list of positive integers, compute the least common multiple of all values.","def lcm_list(n_count):
    x = n_count[0]
    for result in n_count[1:]:
        element = x
        entry = result
        while entry != 0:
            element, entry = entry, element % entry
        x = (x // element) * result
    return x",22,65,64,0,0.0,True,0.2537881124892465,0.01626153476536274,0.433749400785647,16.242439199311775,0.26071057691228816,0.019715516828000546,0.4471773266396535,16.685476922386442,0.9045048579573631,0.9977096021175385,0.9992697723209858,0.796875,0.609375,17,12,0.30183427223320386,0.3101252795188754,0.921875,1.8992343784258878
least_frequent__nl__v3,least_frequent,mode_selection,nl,3,"Given a non-empty list, return a value with the lowest occurrence count, choosing the first such value on ties.",Initialize occurrence counts. Then scan the original list while tracking the best value and lowest count seen. Replace the best only when a strictly lower count is found. Produce the best value.,27,36,35,0,0.0,True,0.904293139438544,0.8296338319778442,0.6956335787423554,31.65025988034904,0.9995975407372628,0.8333454132080078,0.8443766619975681,34.9859139258042,0.6929620510765484,0.71450275182724,0.9858562793050494,0.3142857142857143,0.14285714285714285,3,2,0.6920871431117549,0.80529186233659,0.8857142857142857,3.07444610921666
lcm_two__nl__v2,lcm_two,lcm_family,nl,2,"Given two positive integers, compute their least common multiple using their greatest common divisor.","Compute the greatest common divisor with the Euclidean algorithm, then divide one input by that gcd and multiply by the other input. Output the product.",20,29,28,0,0.0,True,0.48877437531661727,0.3423856198787689,0.5736286234565331,13.685682508865284,0.5042239468574345,0.34411728382110596,0.6192883373706259,14.118270512008166,0.8128948743854251,0.9233645498752594,0.9978052739586148,0.5714285714285714,0.32142857142857145,4,3,0.6441330375145534,0.672875952860556,0.9642857142857143,2.5089860564664264
square_values__nl__v2,square_values,element_transform,nl,2,"Given a list of numbers, create a list containing the square of each element.","Build an empty result list. Inspect each input number, multiply it by itself, and add the product to the result. Output the result.",20,29,28,0,0.0,True,0.5032030831789598,0.42856624722480774,0.4835588927938961,14.089686329010874,0.5147177007789391,0.43032272160053253,0.4992278088004893,14.412095621810295,0.8151315120714051,0.8867316246032715,0.9987941682338715,0.4642857142857143,0.32142857142857145,5,3,0.4223445159279638,0.44263532418861157,0.9642857142857143,2.283051295951996
running_sum__nl__v2,running_sum,cumulative_scan,nl,2,"Given a list of numbers, produce the running sum after each position.",Begin a total at zero and build an empty result list. Inspect the numbers in order. Include each value to the total and add the updated total to the result. Output the result.,18,38,37,0,0.0,True,0.8526323041752786,0.7069666385650635,0.6426614423634586,31.54739525448531,0.9266626056208199,0.7113841772079468,0.7405095508995745,34.28651640797034,0.7088886692717269,0.7245830297470093,0.9906869160162436,0.35135135135135137,0.10810810810810811,5,2,0.6524827828527324,0.7574762110857086,0.918918918918919,2.4329275316236276
moving_average_three__nl__v2,moving_average_three,sliding_window,nl,2,"Given a list of numbers, return the average of every consecutive window of three values.","Build an empty result list. For each starting index that leaves three values available, add those three values, divide by three, and add the average. Output the result.",21,34,33,0,0.0,True,0.7244583281377951,0.6697521209716797,0.5517013626321066,23.90712482854724,0.7804989050509352,0.6862716674804688,0.653755364698647,25.75646386668086,0.7650980755235209,0.827957034111023,0.9927637450622789,0.42424242424242425,0.030303030303030304,3,1,0.6981747329700738,0.794949464732781,0.9393939393939394,2.818367118072329
partition_by_threshold__python__v2,partition_by_threshold,partition,python,2,"Given a list of numbers and a threshold, return two lists: values below the threshold and values at least the threshold, preserving order.","def partition_by_threshold(counter, current):
    value = []
    item = []
    for output in counter:
        if output < current:
            value.append(output)
        else:
            item.append(output)
    return value, item",31,46,45,0,0.0,True,0.28518592333130954,0.015118788927793503,0.5250500747888908,12.83336654990893,0.3096776281643138,0.01703081838786602,0.6117120581954714,13.935493267394122,0.908063969678349,0.9982842206954956,0.9963691141870287,0.7777777777777778,0.6666666666666666,20,17,0.43099964903010923,0.47198145244965417,0.8888888888888888,2.183587647004343
merge_sorted_descending__python__v2,merge_sorted_descending,merge_sorted,python,2,"Given two lists sorted in descending order, merge them into one descending list.","def merge_sorted_descending(current, counter):
    output = []
    item = 0
    value = 0
    while item < len(current) and value < len(counter):
        if current[item] >= counter[value]:
            output.append(current[item])
            item += 1
        else:
            output.append(counter[value])
            value += 1
    output.extend(current[item:])
    output.extend(counter[value:])
    return output",19,89,88,0,0.0,True,0.11382613047151514,0.0032820438500493765,0.2429910895599944,10.016699481493333,0.11652980376417656,0.0033537703566253185,0.25014997024303015,10.254622731247537,0.9627525481310758,0.9996628761291504,0.999748862602494,0.8636363636363636,0.7727272727272727,31,18,0.13247554211666387,0.13581821505521863,0.9431818181818182,1.0198022035838585
anti_diagonal_sum__python__v2,anti_diagonal_sum,diagonal_aggregate,python,2,"Given a square matrix, calculate the sum of its anti-diagonal.","def anti_diagonal_sum(item):
    output = 0
    current = len(item)
    for value in range(current):
        output += item[value][current - 1 - value]
    return output",18,42,41,0,0.0,True,0.22713238141419956,0.020589880645275116,0.368162155477609,9.312427637982182,0.2352003047736816,0.021522236987948418,0.38647945858466726,9.643212495720945,0.9281985367216715,0.9974064230918884,0.9991385006323094,0.7560975609756098,0.5609756097560976,8,5,0.2990711145277601,0.31172628882923165,0.9024390243902439,1.511963379652271
matrix_column_sums__python__v1,matrix_column_sums,matrix_aggregate,python,1,"Given a non-empty rectangular matrix of numbers, return a list containing the sum of each column.","def matrix_column_sums(matrix):
    result = []
    for col in range(len(matrix[0])):
        total = 0
        for row in matrix:
            total += row[col]
        result.append(total)
    return result",23,47,46,0,0.0,True,0.12106633499265824,0.0016178758814930916,0.30397085191807033,5.569051409662279,0.12217057432094011,0.0016637413064017892,0.3069246091425978,5.619846418763245,0.9574238068383673,0.9998572468757629,0.9999043449111606,0.8695652173913043,0.8260869565217391,24,24,0.19092540981081482,0.19269674260764683,1.0,0.9014025815792404
fibonacci_first_n__nl__v3,fibonacci_first_n,fibonacci,nl,3,"Given a nonnegative integer n, return the first n Fibonacci values starting with zero and one.","Initialize with zero and one and an empty result list. Repeat n times, append the current first value, then replace the pair with the second value and their sum. Produce the result.",23,37,36,0,0.0,True,0.6778957704858234,0.5706130266189575,0.5669445952000839,24.40424773748964,0.7167126294872206,0.5749199986457825,0.6340177795546089,25.801654661539942,0.7617892225583395,0.8347216546535492,0.9949482132991155,0.3888888888888889,0.1388888888888889,4,2,0.5968560755785023,0.6598445190648947,0.9166666666666666,2.8971235690300494
count_equal_neighbors__python__v1,count_equal_neighbors,adjacent_analysis,python,1,"Given a list, count how many adjacent pairs contain equal values.","def count_equal_neighbors(values):
    count = 0
    for index in range(1, len(values)):
        if values[index] == values[index - 1]:
            count += 1
    return count",17,44,43,0,0.0,True,0.11827031388417898,0.0024700327776372433,0.26228070618675353,5.0856234970196965,0.11857280417741073,0.0024828659370541573,0.26304855432181307,5.0986305796286615,0.9547513758027276,0.9997348189353943,0.9999769773594168,0.8604651162790697,0.7674418604651163,13,10,0.20569352555702652,0.20621566160791968,1.0,0.7539726162392658
running_sum__python__v3,running_sum,cumulative_scan,python,3,"Given a list of numbers, produce the running sum after each position.","def running_sum(result):
    entry = 0
    element = []
    for x in result:
        entry += x
        element.append(entry)
    return element",18,34,33,0,0.0,True,0.25174096872797236,0.043959058821201324,0.4150799057521021,8.307451968023088,0.26259628811738256,0.04769185185432434,0.43653548540782405,8.665677507873625,0.9205501233086442,0.9940012097358704,0.9988503727045926,0.7878787878787878,0.5151515151515151,10,7,0.4132010685898422,0.4312415068561677,0.9090909090909091,1.7514222512375757
running_sum__python__v2,running_sum,cumulative_scan,python,2,"Given a list of numbers, produce the running sum after each position.","def running_sum(output):
    value = 0
    item = []
    for current in output:
        value += current
        item.append(value)
    return item",18,34,33,0,0.0,True,0.20728787274283328,0.02273794636130333,0.44536064703920697,6.8404998005134985,0.21665136710296132,0.026632746681571007,0.47233532775121156,7.149495114397723,0.9349421605919347,0.9969707727432251,0.9988556973861925,0.8787878787878788,0.696969696969697,16,10,0.30724708055640804,0.32305692521549645,0.8787878787878788,1.8720808575636703
fibonacci_nth__nl__v1,fibonacci_nth,fibonacci,nl,1,"Given a nonnegative integer n with F0 equal to zero and F1 equal to one, return Fn iteratively.","Start with the pair zero and one. Repeat n times, replacing the pair with the second value and the sum of the two values. Return the first value.",28,32,31,0,0.0,True,0.7589593426054043,0.5983885526657104,0.6114990867971407,23.527739620767534,0.8540894921508527,0.6505266427993774,0.7329642071894958,26.476774256676435,0.7664248260759539,0.8646660447120667,0.9880483265846006,0.3870967741935484,0.16129032258064516,5,2,0.5491922766591112,0.6768667714049419,0.967741935483871,1.9879755305197662
scan_min__python__v2,scan_min,scan_extremum,python,2,"Given a non-empty list of numbers, find the smallest value by scanning the list once.","def scan_min(current):
    item = current[0]
    for value in current[1:]:
        if value < item:
            item = value
    return item",22,34,33,0,0.0,True,0.2119135466445269,0.010048492811620235,0.4408057068082843,6.993147039269388,0.2298242641075128,0.010299618355929852,0.48555001365278133,7.584200715547922,0.9332699577013651,0.9987336993217468,0.9978590517333059,0.8181818181818182,0.7272727272727273,19,16,0.33185022498537364,0.3660034072661347,0.9090909090909091,1.895113717320438
product_one_to_n__nl__v1,product_one_to_n,factorial_product,nl,1,"Given a positive integer n, compute the product of all integers from one through n.","Start a product at one. Examine every integer from one through n, multiplying it into the product. Return the final product.",21,26,25,0,0.0,True,0.5845156065374613,0.443746417760849,0.5073590357487487,14.612890163436532,0.6340800910070539,0.47404617071151733,0.5774160606406266,15.852002275176346,0.797625116109848,0.8751648664474487,0.9943697953224182,0.4,0.24,4,3,0.4880902348086238,0.549998543302839,0.96,2.3983108892152085
count_even__nl__v2,count_even,parity_count,nl,2,"Given a list of integers, count how many values are even.","Begin a counter at zero. Inspect every integer. When the current value is even, increase the counter by one. Output the counter after all values are processed.",17,33,32,0,0.0,True,0.6260197069968854,0.5012870877981186,0.5251159947547003,20.03263062390033,0.6467656710119627,0.5097139775753021,0.5613200100891631,20.696501472382806,0.7808059407398105,0.8688577711582184,0.9976897928863764,0.375,0.15625,3,2,0.6037854879358483,0.6377239608611431,0.9375,2.576278467872953
flatten_pairs__python__v2,flatten_pairs,flatten_one_level,python,2,"Given a list of two-element pairs, flatten the pairs into one list in pair order.","def flatten_pairs(value):
    current = []
    for item in value:
        current.append(item[0])
        current.append(item[1])
    return current",22,32,31,0,0.0,True,0.2679172983884083,0.008575222454965115,0.48234769903345714,8.305436250040657,0.27488793026291647,0.00865903776139021,0.4927014087878388,8.52152583815041,0.9109281522612418,0.9990618228912354,0.9993192649656727,0.8064516129032258,0.6129032258064516,14,12,0.4133084858418442,0.421072316649952,0.9354838709677419,1.3006983028366037
remove_digits__nl__v3,remove_digits,string_filter,nl,3,"Given a string, return a new string with all decimal digits removed.","Initialize with an empty result string. Process each character. If it is not a decimal digit, append it to the result. Produce the result.",18,29,28,0,0.0,True,0.38820659045761985,0.2580620273947716,0.35789811757118817,10.869784532813355,0.3923089051427918,0.2600359544157982,0.36372058818577285,10.984649343998171,0.8556504803044456,0.9385814070701599,0.9996466274772372,0.5714285714285714,0.25,5,2,0.32675724057480693,0.3316947174413751,0.9642857142857143,2.197049286456604
is_strictly_increasing__python__v2,is_strictly_increasing,monotonicity,python,2,"Given a list of numbers, determine whether it is strictly increasing.","def is_strictly_increasing(value):
    for item in range(1, len(value)):
        if value[item - 1] >= value[item]:
            return False
    return True",17,39,38,0,0.0,True,0.10019821033491003,0.0023369453847408295,0.2226153429025874,3.807531992726581,0.10080868435086718,0.002340662991628051,0.22370590608514948,3.8307300053329527,0.9635801879983199,0.9997706413269043,0.9999512982995886,0.8947368421052632,0.7631578947368421,24,13,0.1610024427700901,0.16203970327842399,0.9473684210526315,1.1294083794916459
count_divisors__nl__v3,count_divisors,divisors,nl,3,"Given a positive integer n, count its positive divisors.","Initialize a counter at zero. Process every integer from one through n. If n is divisible by the current integer, increase the counter. Produce the counter.",16,31,30,0,0.0,True,0.4522347424644977,0.3035995662212372,0.39208961782355667,13.56704227393493,0.45649822512641547,0.30770377814769745,0.3953506774720579,13.694946753792465,0.8275735557079316,0.9380317032337189,0.9996539652347565,0.5666666666666667,0.13333333333333333,6,1,0.4004880874899441,0.4043272706069823,0.9333333333333333,2.478987548064227
keep_letters__python__v2,keep_letters,string_filter,python,2,"Given a string, return a new string containing only alphabetic characters.","def keep_letters(current):
    value = """"
    for item in current:
        if item.isalpha():
            value += item
    return value",18,29,28,0,0.0,True,0.2605880943191323,0.004623603541404009,0.4876673643721323,7.296466640935705,0.2635185835376563,0.005069934530183673,0.494017082190294,7.378520339054376,0.9069026027406965,0.9995223879814148,0.9997060937540871,0.8214285714285714,0.7142857142857143,17,14,0.37173929458822386,0.37552353974105146,0.9285714285714286,1.8634849409173861
flatten_pairs__python__v3,flatten_pairs,flatten_one_level,python,3,"Given a list of two-element pairs, flatten the pairs into one list in pair order.","def flatten_pairs(entry):
    x = []
    for element in entry:
        x.append(element[0])
        x.append(element[1])
    return x",22,32,31,0,0.0,True,0.234095401998568,0.0038365181535482407,0.476429356106374,7.256957461955608,0.23934878157407155,0.003911410924047232,0.4862672224270871,7.419812228796218,0.9145632501571409,0.9996076226234436,0.9994791419275345,0.8064516129032258,0.7096774193548387,14,14,0.38354011585082237,0.3911349259217483,0.9354838709677419,1.2783965374572825
rotate_right_one__nl__v2,rotate_right_one,rotation,nl,2,"Given a non-empty list, rotate it right by one position.","Build an empty result list. Add the original last element, then add every earlier element in original order. Output the result.",17,25,24,0,0.0,True,0.6416902539785951,0.5589908957481384,0.5016502789991498,15.400566095486283,0.6680419710464776,0.5640355944633484,0.5413330813974975,16.03300730511546,0.8068774876495203,0.8402944207191467,0.9970435450474421,0.4583333333333333,0.041666666666666664,4,1,0.551637595600408,0.5953194048741589,0.9166666666666666,3.4974720957688987
group_by_first_character__nl__v1,group_by_first_character,grouping,nl,1,"Given a list of non-empty strings, build a dictionary grouping strings by their first character while preserving input order inside each group.","Start with an empty dictionary. Examine each string, use its first character as the key, create an empty list for a new key, and append the string to that key's list. Return the dictionary.",29,42,41,0,0.0,True,0.6081941797619503,0.4495927095413208,0.6230793351849723,24.935961370239966,0.6520481682581282,0.45384693145751953,0.7385573285586877,26.733974898583256,0.7874666768603209,0.863447368144989,0.9925998580165025,0.4634146341463415,0.24390243902439024,3,2,0.6428074738534633,0.7214364294719416,0.926829268292683,1.9252265334502359
clamp_values__python__v2,clamp_values,bounded_numeric_transform,python,2,"Given a list of numbers and lower and upper bounds, clamp each value into the inclusive interval.","def clamp_values(counter, item, current):
    value = []
    for output in counter:
        if output < item:
            value.append(item)
        elif output > current:
            value.append(current)
        else:
            value.append(output)
    return value",23,52,51,0,0.0,True,0.34851532865357016,0.01769895851612091,0.5747697906468573,17.774281761332077,0.37224295032673776,0.017771100625395775,0.6173747811451792,18.984390466663626,0.887980954319823,0.9976922273635864,0.9972656532829883,0.7254901960784313,0.6078431372549019,27,17,0.5170466795156426,0.5375330382666834,0.9019607843137255,1.7689840731804214
fibonacci_nth__python__v2,fibonacci_nth,fibonacci,python,2,"Given a nonnegative integer n with F0 equal to zero and F1 equal to one, return Fn iteratively.","def fibonacci_nth(output):
    value = 0
    current = 1
    for item in range(output):
        value, current = current, value + current
    return value",28,38,37,0,0.0,True,0.22643214822646524,0.017463568598031998,0.37761028174848843,8.377989484379214,0.23771749281621776,0.017958322539925575,0.40447801439503156,8.795547234200058,0.9335525704396738,0.9979110956192017,0.9988515844216218,0.7837837837837838,0.5945945945945946,11,8,0.3068202873641389,0.3257156597335577,0.8918918918918919,2.176693733236162
running_product__nl__v1,running_product,cumulative_scan,nl,1,"Given a list of numbers, produce the running product after each position.",Start a product at one and create an empty result list. Examine the numbers in order. Multiply the product by each value and append the updated product to the result. Return the result.,18,38,37,0,0.0,True,0.5757164457385,0.4966678023338318,0.4988901780598679,21.3015084923245,0.5966211963142898,0.4978744089603424,0.5301008483250629,22.07498426362872,0.7874237782246357,0.8809723258018494,0.9975890452797348,0.4864864864864865,0.1891891891891892,4,4,0.5058475447973857,0.5292326470630037,0.9459459459459459,2.2277628465168604
digit_sum__nl__v2,digit_sum,digit_aggregate,nl,2,"Given a nonnegative integer, compute the sum of its decimal digits.","Begin a total at zero. While the number is positive, add its last decimal digit to the total and remove that digit using integer division by ten. Output the total.",18,34,33,0,0.0,True,0.3577237160573008,0.15361475944519043,0.4668549675406425,11.804882629890926,0.36606629755150416,0.15438173711299896,0.4813660565561248,12.080187819199637,0.8674881069949179,0.9701803922653198,0.999185253273357,0.6363636363636364,0.45454545454545453,8,5,0.4072706116930931,0.4193290217372123,0.9696969696969697,2.383790819237633
frequency_map_chars__nl__v2,frequency_map_chars,frequency_map,nl,2,"Given a string, build a dictionary mapping each character to its occurrence count.","Begin with an empty dictionary. Inspect each character. If it is already a key, increase its count; otherwise build the key with count one. Output the dictionary.",19,34,33,0,0.0,True,0.6018463243151817,0.5109421014785767,0.5434972529933966,19.860928702400997,0.638747510034591,0.5135645866394043,0.6573425096641715,21.0786678311415,0.7821818612741701,0.872797966003418,0.9938397841020064,0.48484848484848486,0.24242424242424243,4,2,0.5393010180414421,0.6093134439142887,0.9090909090909091,2.6673484352226793
contains_zero__python__v2,contains_zero,membership_test,python,2,"Given a list of numbers, determine whether zero occurs in the list.","def contains_zero(value):
    for item in value:
        if item == 0:
            return True
    return False",18,25,24,0,0.0,True,0.1559645092864533,0.003602114040404558,0.36081429406178817,3.743148222874879,0.15628759010470125,0.0036242930218577385,0.3615957335162391,3.75090216251283,0.9439401179552078,0.9996422231197357,0.9999757582942644,0.8333333333333334,0.8333333333333334,17,17,0.2170422851230124,0.2174194641625629,0.9583333333333334,1.5059962136768117
count_vowels__nl__v1,count_vowels,char_count,nl,1,"Given a lowercase string, count how many characters are vowels.","Start a counter at zero. Examine each character. Whenever it is one of a, e, i, o, or u, increase the counter by one. Return the counter.",16,37,36,0,0.0,True,0.36479912225331645,0.20583324879407883,0.4164765834937586,13.132768401119392,0.3714351834405534,0.21236663311719894,0.4246854499983966,13.371666603859921,0.8599132556054327,0.9619641005992889,0.9994006935093138,0.6388888888888888,0.3611111111111111,9,9,0.3402992650679412,0.3488708752103516,0.9722222222222222,1.795008079639135
filter_mapping_by_value__python__v3,filter_mapping_by_value,dictionary_transform,python,3,"Given a dictionary with numeric values and a threshold, return a new dictionary containing only entries whose value is greater than the threshold.","def filter_mapping_by_value(entry, result):
    x = {}
    for element, n_count in entry.items():
        if n_count > result:
            x[element] = n_count
    return x",29,41,40,0,0.0,True,0.2036482858931322,0.031309161335229874,0.3857395179637266,8.145931435725288,0.20866283920506704,0.03253651596605778,0.39533649571073104,8.346513568202681,0.9312590159475803,0.9960788488388062,0.9995413094758987,0.825,0.6,12,9,0.3247477343054645,0.33237625138164545,0.85,3.1186648247232354
string_palindrome__nl__v1,string_palindrome,palindrome_test,nl,1,"Given a string, determine whether it reads the same forward and backward.",Set one index at the beginning and another at the end. Compare the two characters and move both indices inward. Return false on a mismatch; return true if all mirrored pairs match.,18,36,35,0,0.0,True,0.7076385510070915,0.7135598063468933,0.4250044825595252,24.7673492852482,0.7287867256864307,0.7140534520149231,0.44475070143985446,25.507535399025073,0.7554229634148734,0.7501090168952942,0.997834427016122,0.2857142857142857,0.14285714285714285,4,3,0.48231493149240334,0.5002490205036284,0.9428571428571428,2.5404979233804625
numeric_palindrome__nl__v1,numeric_palindrome,numeric_reverse,nl,1,"Given a nonnegative integer, determine whether its decimal digits form a palindrome.",Save the original number and build its reversed decimal value digit by digit. Compare the reversed value with the original and return whether they are equal.,19,28,27,0,0.0,True,0.4562120716328974,0.4777826964855194,0.40870419340653186,12.31772593408823,0.4590916925592831,0.4779004454612732,0.41258033997544064,12.395475699100643,0.8454020023345947,0.8670029044151306,0.999731770268193,0.48148148148148145,0.25925925925925924,2,2,0.5128224638935465,0.5169654016812834,0.9259259259259259,3.5895906916037483
count_character__nl__v3,count_character,char_count,nl,3,"Given a string and a character, count how many times that character appears.","Initialize a counter at zero. Process each character in the string. For any case in which it equals the target character, increase the counter by one. Produce the counter.",19,34,33,0,0.0,True,0.4218307521307107,0.4265822768211365,0.3481651580263345,13.920414820313454,0.424872710253112,0.4267340898513794,0.35114369704393833,14.020799438352697,0.8420372713695873,0.8762949109077454,0.9997573350415085,0.42424242424242425,0.30303030303030304,4,4,0.4010196481249295,0.4056370387042989,0.9090909090909091,2.387937057103431
frequency_map_items__python__v3,frequency_map_items,frequency_map,python,3,"Given a list of hashable values, build a dictionary mapping each value to its occurrence count.","def frequency_map_items(x):
    element = {}
    for entry in x:
        if entry in element:
            element[entry] += 1
        else:
            element[entry] = 1
    return element",23,46,45,0,0.0,True,0.1703903200781345,0.003680297639220953,0.36287108888863084,7.667564403516053,0.17560487825140728,0.003711566561833024,0.3761404401993891,7.902219521313327,0.9480102989408705,0.9996583461761475,0.9994646509488424,0.8444444444444444,0.7333333333333333,17,17,0.24106994724966377,0.24820485294968753,0.9111111111111111,1.5516456259515121
chunks_fixed_size__python__v1,chunks_fixed_size,chunking,python,1,"Given a list and a positive chunk size, split the list into consecutive chunks of at most that size.","def chunks_fixed_size(values, size):
    result = []
    for start in range(0, len(values), size):
        result.append(values[start:start + size])
    return result",25,37,36,0,0.0,True,0.10162123471260681,0.0017943268758244812,0.18782639608287935,3.6583644496538454,0.10279039294245725,0.0018230827990919352,0.19063678849252572,3.700454145928461,0.9672043588426378,0.9998244643211365,0.9999043163326051,0.8888888888888888,0.7222222222222222,30,16,0.10896443530339509,0.11046343961953815,0.9166666666666666,1.8393627174314022
filter_nonnegative__nl__v1,filter_nonnegative,sign_filter,nl,1,"Given a list of numbers, create a new list containing only values greater than or equal to zero.","Start with an empty result list. Examine every number. Whenever a number is at least zero, append it to the result. Return the result after processing the input.",24,34,33,0,0.0,True,0.4614612843425041,0.18356049060821533,0.5267420582999471,15.228222383302636,0.48456312009798375,0.18488626182079315,0.5945675563905375,15.990582963233464,0.8353454326138352,0.966514527797699,0.9966167717268972,0.5454545454545454,0.3333333333333333,4,3,0.5977886419204879,0.6427825136479441,0.9393939393939394,2.4421617482978144
ordered_unique_intersection__python__v1,ordered_unique_intersection,ordered_intersection,python,1,"Given two lists, return distinct values from the first list that also occur in the second list, preserving first-list order.","def ordered_unique_intersection(first, second):
    result = []
    for value in first:
        if value in second and value not in result:
            result.append(value)
    return result",28,37,36,0,0.0,True,0.18205650567438803,0.0016426556394435465,0.41015733312321373,6.5540342042779685,0.18395328553971366,0.001670649100560695,0.4148917687625453,6.622318279429692,0.9352202142278353,0.9998389780521393,0.9998204029268689,0.8611111111111112,0.7222222222222222,22,13,0.24379584456592057,0.24458848924787163,0.9722222222222222,0.9122209669362713
transpose_matrix__python__v2,transpose_matrix,matrix_transform,python,2,"Given a non-empty rectangular matrix, return its transpose.","def transpose_matrix(value):
    output = []
    for item in range(len(value[0])):
        current = []
        for counter in value:
            current.append(counter[item])
        output.append(current)
    return output",15,43,42,0,0.0,True,0.1867524875418721,0.004881976870819926,0.40339774917033366,7.843604476758628,0.19604880105809266,0.004992750473320484,0.4341692204677201,8.234049644439892,0.947307628535089,0.9994743466377258,0.9988665864581153,0.7857142857142857,0.7142857142857143,17,17,0.316666894357562,0.3329646180634039,0.8809523809523809,1.8297929746890242
flatten_lists__python__v1,flatten_lists,flatten_one_level,python,1,"Given a list of lists, flatten exactly one level into a single list.","def flatten_lists(groups):
    result = []
    for group in groups:
        for value in group:
            result.append(value)
    return result",19,29,28,0,0.0,True,0.07744507290416484,0.0016613012412562966,0.19921726172886747,2.168462041316616,0.07784835119491618,0.0016649695462547243,0.19949199867918818,2.179753833457653,0.9796940365007946,0.9998486042022705,0.9999704978295735,0.8928571428571429,0.8571428571428571,12,12,0.15607155292279154,0.15683231042418844,0.9642857142857143,1.6785435671933837
square_values__python__v2,square_values,element_transform,python,2,"Given a list of numbers, create a list containing the square of each element.","def square_values(current):
    item = []
    for value in current:
        item.append(value * value)
    return item",20,25,24,0,0.0,True,0.19704326311269446,0.010193429421633482,0.3546851604729624,4.729038314704667,0.19792763968598592,0.010336467064917088,0.35570406152223666,4.750263352463662,0.939382599045833,0.9988408386707306,0.99993164340655,0.8333333333333334,0.7083333333333334,7,7,0.3123520364865924,0.31379512945030635,0.9166666666666666,2.6481136935235554
scan_max__python__v3,scan_max,scan_extremum,python,3,"Given a non-empty list of numbers, find the largest value by scanning the list once.","def scan_max(x):
    element = x[0]
    for entry in x[1:]:
        if entry > element:
            element = entry
    return element",22,34,33,0,0.0,True,0.1986659494496328,0.013169996440410614,0.4479597534533672,6.555976331837883,0.21164932780514142,0.015302144922316074,0.48808088146943723,6.984427817569667,0.9365907871361935,0.9984532594680786,0.9983909473274694,0.8787878787878788,0.7272727272727273,19,11,0.3109130980178634,0.33472646917675775,0.8787878787878788,1.504830351247089
matrix_contains__python__v2,matrix_contains,matrix_search,python,2,"Given a matrix and a target value, determine whether the target occurs anywhere in the matrix.","def matrix_contains(item, current):
    for value in item:
        for output in value:
            if output == current:
                return True
    return False",22,32,31,0,0.0,True,0.24660895842422295,0.006076788529753685,0.5265775169313851,7.644877711150912,0.25840808086650213,0.00617091404274106,0.563399104390662,8.010650506861566,0.9177638652824587,0.9993296265602112,0.998284516795989,0.8064516129032258,0.7096774193548387,16,14,0.2945081305796824,0.3123204335597014,0.8709677419354839,2.524543938558171
keep_letters__nl__v1,keep_letters,string_filter,nl,1,"Given a string, return a new string containing only alphabetic characters.","Start with an empty result string. Examine each character. If it is alphabetic, append it to the result. Return the result.",18,28,27,0,0.0,True,0.3753385453461238,0.18193985521793365,0.40948732130850896,10.134140724345343,0.3807450801961952,0.18264956772327423,0.42028825401348313,10.28011716529727,0.863373319307963,0.9597439169883728,0.9994725077240555,0.6666666666666666,0.3333333333333333,5,3,0.39730368181839226,0.406230407122236,0.9629629629629629,1.6596151138320339
invert_unique_map__nl__v1,invert_unique_map,dictionary_transform,nl,1,"Given a dictionary whose values are unique, return a new dictionary mapping each original value to its original key.",Start with an empty result dictionary. Examine each key and value in the input and assign the original key under the original value in the result. Return the result.,25,33,32,0,0.0,True,0.44482504872644313,0.2422514110803604,0.5093037957748069,14.23440155924618,0.4614198115465342,0.24327866733074188,0.562058284085318,14.765433969489095,0.8416289850138128,0.9474460780620575,0.9975605607032776,0.5625,0.3125,5,1,0.5249664847304361,0.5556701593250769,0.90625,2.878280746938728
running_sum__python__v1,running_sum,cumulative_scan,python,1,"Given a list of numbers, produce the running sum after each position.","def running_sum(values):
    total = 0
    result = []
    for value in values:
        total += value
        result.append(total)
    return result",18,34,33,0,0.0,True,0.1824689066649598,0.0038789319805800915,0.4460294913546796,6.0214739199436735,0.18508350902508633,0.003965818323194981,0.45188022729459704,6.107755797827849,0.9343519409497579,0.9996197819709778,0.9997474208022609,0.8787878787878788,0.7878787878787878,16,16,0.3466354399515694,0.35147265388332016,1.0,0.4293771677034232
numeric_palindrome__python__v1,numeric_palindrome,numeric_reverse,python,1,"Given a nonnegative integer, determine whether its decimal digits form a palindrome.","def numeric_palindrome(number):
    original = number
    reversed_number = 0
    while number > 0:
        digit = number % 10
        reversed_number = reversed_number * 10 + digit
        number //= 10
    return original == reversed_number",19,60,59,0,0.0,True,0.03225880451962184,3.4544507798273116e-05,0.08997012309840496,1.9032694666576888,0.03234989558346028,3.4439821320120245e-05,0.09023192524472866,1.9086438394241563,0.9920956724781101,0.9999977350234985,0.9999933273105298,0.9830508474576272,0.8813559322033898,55,29,0.049687351498870984,0.0498317481703672,0.9830508474576272,0.9648322334581467
running_product__nl__v2,running_product,cumulative_scan,nl,2,"Given a list of numbers, produce the running product after each position.",Begin a product at one and build an empty result list. Inspect the numbers in order. Multiply the product by each value and add the updated product to the result. Output the result.,18,38,37,0,0.0,True,0.7853269651028756,0.6993259191513062,0.5882930482604515,29.057097708806396,0.8602497105209811,0.7783219218254089,0.693071570426939,31.829239289276302,0.7376152832765837,0.8286347985267639,0.9903362232285577,0.32432432432432434,0.10810810810810811,4,2,0.6218662111916475,0.7235195958055556,0.9459459459459459,2.68184240281305
dedupe_last__nl__v3,dedupe_last,deduplication,nl,3,"Given a list, remove duplicate values while keeping the last occurrence of each value and preserving the order of those kept occurrences.","Initialize with an empty temporary list. Process the input from right to left. If the current value has not yet been kept, append it to the temporary list. Reverse that list and return it.",28,39,38,0,0.0,True,0.5081644536250295,0.4416588097810745,0.43920291185041727,19.310249237751123,0.514465685091349,0.44436392188072205,0.44597672659117055,19.549696033471264,0.8189540481881091,0.8866024613380432,0.9994342342803353,0.47368421052631576,0.2631578947368421,5,2,0.4553711778465407,0.46116146201746083,0.9473684210526315,2.3575626774251615
merge_sorted_ascending__nl__v3,merge_sorted_ascending,merge_sorted,nl,3,"Given two lists sorted in ascending order, merge them into one ascending list.",Initialize an empty result and place one index at the start of each list. Repeatedly append the smaller current value and advance its index. Place any remaining values and return the result.,19,37,36,0,0.0,True,0.5974420164162034,0.5064706057310104,0.47592822114802547,21.507912590983324,0.6285430872554166,0.5181317329406738,0.5177137694356666,22.627551141195,0.7952250813444456,0.8687700927257538,0.9966357664929496,0.4166666666666667,0.16666666666666666,4,2,0.5562444516657187,0.6119554971477815,0.9166666666666666,2.886407605533754
integer_to_binary__nl__v1,integer_to_binary,base_conversion,nl,1,"Given a positive integer, return its binary representation as a string without a prefix.","Start with an empty digit list. Repeatedly append the remainder after division by two and divide the number by two. Reverse the collected digits, join them, and return the string.",20,37,36,0,0.0,True,0.6150311706037933,0.5697126686573029,0.5073042353955061,22.14112214173656,0.6332015948848695,0.5807089805603027,0.5330521257392103,22.795257415855303,0.7931462476650873,0.8490589261054993,0.997989704211553,0.3611111111111111,0.16666666666666666,3,2,0.5102745537180453,0.5311606021306943,0.9444444444444444,2.2457205618845313
main_diagonal_sum__nl__v3,main_diagonal_sum,diagonal_aggregate,nl,3,"Given a square matrix, calculate the sum of its main diagonal.","Initialize a total at zero. For every index, add the matrix element whose row and column both equal that index. Produce the total.",17,27,26,0,0.0,True,0.7578272352514502,0.6931094527244568,0.5693130142997854,19.703508116537705,0.808930588268245,0.6988927125930786,0.6386005174026745,21.032195294974372,0.7365744033685098,0.802521824836731,0.9940215601370885,0.38461538461538464,0.15384615384615385,2,1,0.7591442316584289,0.8339999107457697,0.8846153846153846,3.0874973351651884
gcd_list__python__v3,gcd_list,gcd_family,python,3,"Given a non-empty list of nonnegative integers, compute the greatest common divisor of all values.","def gcd_list(n_count):
    x = n_count[0]
    for result in n_count[1:]:
        element = x
        entry = result
        while entry != 0:
            element, entry = entry, element % entry
        x = element
    return x",23,59,58,0,0.0,True,0.22708133232431307,0.008945968933403492,0.45683804153604185,13.170717274810158,0.236434512576846,0.009348460007458925,0.4832761294267363,13.713201729457069,0.9242396015545418,0.9990076422691345,0.9988227712696996,0.8275862068965517,0.7068965517241379,17,17,0.3092276999516782,0.3243209201428455,0.9137931034482759,1.8739164215316444
count_divisors__python__v3,count_divisors,divisors,python,3,"Given a positive integer n, count its positive divisors.","def count_divisors(x):
    element = 0
    for entry in range(1, x + 1):
        if x % entry == 0:
            element += 1
    return element",16,43,42,0,0.0,True,0.09364463633894393,0.009608162567019463,0.19286591174554002,3.9330747262356454,0.09552404380805715,0.01007970655336976,0.1947810991674979,4.0120098399384005,0.9653307752949851,0.9988920986652374,0.9998507925442287,0.9047619047619048,0.7619047619047619,21,15,0.1277115441011918,0.12601016878371166,0.9523809523809523,1.5652210292374071
count_above__python__v3,count_above,threshold_count,python,3,"Given a list of numbers and a threshold, count the values greater than the threshold.","def count_above(result, entry):
    element = 0
    for x in result:
        if x > entry:
            element += 1
    return element",21,34,33,0,0.0,True,0.2916407900841229,0.03949657082557678,0.46073373662440725,9.624146072776057,0.29777299887042097,0.04736248776316643,0.4737545781982034,9.826508962723892,0.8964168158444491,0.9937660098075867,0.9993875117012949,0.7272727272727273,0.5454545454545454,10,4,0.4637203039819724,0.4713055769861967,0.9090909090909091,2.209643625671919
fibonacci_first_n__nl__v1,fibonacci_first_n,fibonacci,nl,1,"Given a nonnegative integer n, return the first n Fibonacci values starting with zero and one.","Start with zero and one and an empty result list. Repeat n times, append the current first value, then replace the pair with the second value and their sum. Return the result.",23,37,36,0,0.0,True,0.7595582540767888,0.7079843878746033,0.5911967616892024,27.344097146764398,0.8031576764511151,0.7186519801616669,0.6618989276290552,28.913676352240145,0.7361548327737384,0.7762549817562103,0.9944650729497274,0.3333333333333333,0.1111111111111111,3,1,0.6914705339287008,0.7621581741209541,0.9444444444444444,2.494680812228277
gcd_two__python__v2,gcd_two,gcd_family,python,2,"Given two nonnegative integers, compute their greatest common divisor using the Euclidean algorithm.","def gcd_two(item, value):
    while value != 0:
        item, value = value, item % value
    return item",21,28,27,0,0.0,True,0.16673303534184084,0.006027887109667063,0.3271433513593945,4.501791954229702,0.17332810129823042,0.006121145561337471,0.3421234352889438,4.679858735052221,0.94239577099129,0.9993265271186829,0.9993454571123477,0.8518518518518519,0.6666666666666666,17,12,0.26369670004672885,0.27654714493243004,0.9259259259259259,2.0092887132823476
group_by_length__nl__v1,group_by_length,grouping,nl,1,"Given a list of strings, build a dictionary grouping strings by their length while preserving input order inside each group.","Start with an empty dictionary. Examine each string, use its length as the key, create an empty list for a new key, and append the string to that key's list. Return the dictionary.",26,41,40,0,0.0,True,0.5637522952478321,0.42114509642124176,0.5880530394381103,22.550091809913283,0.5969966052034579,0.4232042729854584,0.6777704364080666,23.879864208138315,0.810818737000227,0.8923849165439606,0.9946722105145455,0.475,0.275,4,2,0.6056311253103045,0.6657214061706327,0.925,2.038775469428674
moving_average_three__nl__v3,moving_average_three,sliding_window,nl,3,"Given a list of numbers, return the average of every consecutive window of three values.","Initialize an empty result list. For each starting index that leaves three values available, add those three values, divide by three, and append the average. Produce the result.",21,34,33,0,0.0,True,0.6276227831840515,0.5209394693374634,0.48969495025563775,20.7115518450737,0.6766914262464552,0.5352821350097656,0.5849673556052277,22.330817066133022,0.7907556277332883,0.8848146796226501,0.9939029451572534,0.48484848484848486,0.06060606060606061,5,1,0.563010023906827,0.645225821994245,0.9393939393939394,2.934876113057588
first_even_index__python__v1,first_even_index,first_match_index,python,1,"Given a list of integers, return the index of the first even value, or minus one if none exists.","def first_even_index(values):
    for index, value in enumerate(values):
        if value % 2 == 0:
            return index
    return -1",26,33,32,0,0.0,True,0.11990297265598215,0.0004611052863765508,0.336708470960982,3.836895124991429,0.12164631044750251,0.00046393291268032044,0.3426225543212103,3.8926819343200805,0.9657285343855619,0.9999635815620422,0.9998127110302448,0.90625,0.8125,25,24,0.18359079858313518,0.18681884835060344,1.0,0.42147033716306015
count_below__python__v2,count_below,threshold_count,python,2,"Given a list of numbers and a threshold, count the values less than the threshold.","def count_below(output, value):
    item = 0
    for current in output:
        if current < value:
            item += 1
    return item",21,34,33,0,0.0,True,0.16166578580790278,0.019696630537509918,0.3305228180442161,5.334970931660791,0.16468125019508245,0.01999538764357567,0.3362947447071873,5.434481256437721,0.9460776863676129,0.9977675080299377,0.9997366233305498,0.8484848484848485,0.6363636363636364,12,11,0.23834187370675863,0.2415622375683597,0.9090909090909091,2.0211481576674157
main_diagonal_sum__python__v1,main_diagonal_sum,diagonal_aggregate,python,1,"Given a square matrix, calculate the sum of its main diagonal.","def main_diagonal_sum(matrix):
    total = 0
    for index in range(len(matrix)):
        total += matrix[index][index]
    return total",17,32,31,0,0.0,True,0.07099682765283433,0.004878802224993706,0.18563871215291983,2.200901657237864,0.0713086146635408,0.005030486732721329,0.18583570678481232,2.210567054569765,0.9811364296943911,0.9995139837265015,0.9999801997215517,0.9354838709677419,0.8064516129032258,23,9,0.11986640594474617,0.12000094295569094,1.0,0.39186041729630167
rotate_right_one__python__v1,rotate_right_one,rotation,python,1,"Given a non-empty list, rotate it right by one position.","def rotate_right_one(values):
    result = [values[-1]]
    for value in values[:-1]:
        result.append(value)
    return result",17,30,29,0,0.0,True,0.262143114706054,0.007082147058099508,0.45604008907028826,7.6021503264755665,0.26800347529145035,0.007094940170645714,0.4699871637535443,7.772100783452061,0.9061960413538176,0.9992123246192932,0.9993719088620153,0.7931034482758621,0.5862068965517241,16,10,0.2902476012284621,0.29663831111322125,0.9310344827586207,1.1809550689006183
frequency_map_items__python__v1,frequency_map_items,frequency_map,python,1,"Given a list of hashable values, build a dictionary mapping each value to its occurrence count.","def frequency_map_items(values):
    counts = {}
    for value in values:
        if value in counts:
            counts[value] += 1
        else:
            counts[value] = 1
    return counts",23,44,43,0,0.0,True,0.11880385763627403,0.0010435809381306171,0.3130196862137654,5.108565878359784,0.12121826701797538,0.0010866208467632532,0.32176904001107676,5.212385481772941,0.9585578580235325,0.9999061822891235,0.999743313290352,0.9069767441860465,0.7906976744186046,31,16,0.21955046137951906,0.2239043819583953,0.9767441860465116,0.8199136359028084
count_above__nl__v2,count_above,threshold_count,nl,2,"Given a list of numbers and a threshold, count the values greater than the threshold.","Begin a counter at zero. Inspect every value. When the current value is greater than the threshold, increase the counter by one. Output the counter.",21,31,30,0,0.0,True,0.3874155271764418,0.24568705260753632,0.5108762329413621,11.622465815293253,0.4019762444178923,0.25088266283273697,0.5452770418192807,12.059287332536769,0.8663311630487442,0.9542552530765533,0.9982846816380818,0.6333333333333333,0.3333333333333333,4,4,0.5198417091812408,0.5468727278408739,0.9333333333333333,2.1731918929104723
bubble_sort_descending__python__v3,bubble_sort_descending,bubble_sort,python,3,"Given a list of numbers, sort it in descending order using bubble sort and return the sorted copy.","def bubble_sort_descending(result):
    x = result[:]
    for element in range(len(x) - 1, 0, -1):
        for entry in range(element):
            if x[entry] < x[entry + 1]:
                x[entry], x[entry + 1] = x[entry + 1], x[entry]
    return x",24,78,77,0,0.0,True,0.1142670748888909,0.004218260291963816,0.25878959688406544,8.7985647664446,0.11586380850736583,0.004378349520266056,0.2613353459548916,8.921513255067168,0.955556521555046,0.9995720386505127,0.9998719390336569,0.8831168831168831,0.7662337662337663,38,11,0.16659102468335918,0.16925671654648886,0.961038961038961,1.039324079833603
dedupe_last__nl__v2,dedupe_last,deduplication,nl,2,"Given a list, remove duplicate values while keeping the last occurrence of each value and preserving the order of those kept occurrences.","Begin with an empty temporary list. Inspect the input from right to left. When the current value has not yet been kept, add it to the temporary list. Reverse that list and output it.",28,40,39,0,0.0,True,0.5547229835393432,0.609491229057312,0.5019621618946516,21.634196358034387,0.5699542203100207,0.6207851767539978,0.519975347261461,22.228214592090808,0.8038226771049011,0.8677343726158142,0.9985269032991849,0.46153846153846156,0.2564102564102564,6,2,0.5765860809356367,0.5949838837228814,0.9487179487179487,2.6229521721472384
lcm_list__python__v1,lcm_list,lcm_family,python,1,"Given a non-empty list of positive integers, compute the least common multiple of all values.","def lcm_list(values):
    current = values[0]
    for value in values[1:]:
        a = current
        b = value
        while b != 0:
            a, b = b, a % b
        current = (current // a) * value
    return current",22,62,61,0,0.0,True,0.17465600062096798,0.0025251940824091434,0.3599412904937238,10.654016037879046,0.17547642949904135,0.002620021579787135,0.3618240978354041,10.704062199441523,0.925391429760417,0.9997525811195374,0.9999282320991891,0.819672131147541,0.7377049180327869,17,10,0.22317996045627903,0.22361759293988445,1.0,0.900055506920015
gcd_list__nl__v3,gcd_list,gcd_family,nl,3,"Given a non-empty list of nonnegative integers, compute the greatest common divisor of all values.","Set the first value as the current gcd. For each remaining value, repeatedly apply the Euclidean algorithm to combine it with the current gcd. Produce the final gcd.",23,33,32,0,0.0,True,0.5888558489023126,0.41270744800567627,0.5303630110110155,18.843387164874002,0.5972762321543996,0.4135219305753708,0.5426978751647603,19.112839428940788,0.7962691150605679,0.8950265049934387,0.9991223216056824,0.5,0.1875,7,2,0.5015401992376053,0.509370241779834,0.90625,2.2283664701762973
filter_negative__nl__v3,filter_negative,sign_filter,nl,3,"Given a list of numbers, create a new list containing only negative values.","Initialize with an empty result list. Process every number. For any case in which a number is less than zero, append it to the result. Produce the result after processing the input.",19,37,36,0,0.0,True,0.524468987287643,0.4001955986022949,0.43258854116036843,18.88088354235515,0.5453308126436442,0.4080681949853897,0.4591168561576294,19.631909255171195,0.8038719395796458,0.8981504440307617,0.9979873365826077,0.5,0.25,5,3,0.437721367805664,0.470177440119109,0.9444444444444444,3.0115575364102876
sum_positive__nl__v3,sum_positive,sign_sum,nl,3,"Given a list of numbers, sum only the positive values.","Initialize the total at zero. Process every number. For any case in which a number is greater than zero, add it to the total. Produce the total after the list has been processed.",16,38,37,0,0.0,True,0.4247583803922139,0.28906065225601196,0.4187539200230656,15.716060074511915,0.44511693330934726,0.30618658661842346,0.4512266592981764,16.469326532445848,0.8600027206781748,0.9413496851921082,0.9978711443978387,0.5945945945945946,0.21621621621621623,8,2,0.40480035375286305,0.4334782515652478,0.918918918918919,2.7310301621642745
is_strictly_increasing__nl__v3,is_strictly_increasing,monotonicity,nl,3,"Given a list of numbers, determine whether it is strictly increasing.","Process each adjacent pair from left to right. If an earlier value is greater than or equal to the following value, return false. Produce true if every pair increases.",17,33,32,0,0.0,True,0.4740669887360127,0.5277279019355774,0.38922934846927904,15.170143639552407,0.48253193168829966,0.5330331027507782,0.3989636549579448,15.44102181402559,0.832224597223103,0.8498982787132263,0.9992548786103725,0.4375,0.25,4,2,0.4030320751217885,0.410516820313792,0.9375,3.100973541404983
window_sum_three__nl__v3,window_sum_three,sliding_window,nl,3,"Given a list of numbers, return the sum of every consecutive window of three values.","Initialize an empty result list. For each starting index that leaves three values available, add those three values and append the sum. Produce the result.",21,29,28,0,0.0,True,0.68999187728124,0.6034379303455353,0.515759574643155,19.31977256387472,0.7415217838383147,0.6199952363967896,0.591297971215237,20.76260994747281,0.7860544121691159,0.8453278541564941,0.9939263420445579,0.35714285714285715,0.07142857142857142,3,1,0.6340511248067573,0.7207102651397387,0.9285714285714286,3.3620960035061995
rotate_left_one__python__v1,rotate_left_one,rotation,python,1,"Given a non-empty list, rotate it left by one position.","def rotate_left_one(values):
    result = []
    for value in values[1:]:
        result.append(value)
    result.append(values[0])
    return result",17,33,32,0,0.0,True,0.2163078700982588,0.005630237050354481,0.446206543519095,6.921851843144282,0.22616274389148927,0.005646010860800743,0.4746954578705754,7.237207804527657,0.9275163877755404,0.9993592500686646,0.9988761525601149,0.84375,0.6875,21,8,0.35068432526145443,0.3658125621517933,0.9375,1.0854922553378117
is_nondecreasing__nl__v1,is_nondecreasing,monotonicity,nl,1,"Given a list of numbers, determine whether it is in nondecreasing order.","Examine each adjacent pair from left to right. If an earlier value is greater than the following value, return false. Return true if no such pair exists.",20,32,31,0,0.0,True,0.38634260358747036,0.39543041586875916,0.3168050757030378,11.97662071121158,0.39124631067745447,0.4009247124195099,0.31977902419309134,12.128635631001089,0.8573163901605914,0.8861718773841858,0.9996197742800559,0.4838709677419355,0.25806451612903225,5,2,0.39222150990972293,0.3963139556037883,1.0,2.0617344155104926
count_words__nl__v3,count_words,word_count,nl,3,"Given a string containing words separated by whitespace, count the words.",Proceed as follows. Split the string on whitespace and return the number of resulting words.,17,17,16,0,0.0,True,0.6533929419820197,0.547294557094574,0.607398499969458,10.454287071712315,0.720864744100254,0.5564680993556976,0.7497497724080021,11.533835905604064,0.7966231778264046,0.891624242067337,0.9898320473730564,0.5,0.25,4,1,0.6598423593988021,0.7656880434602499,1.0,2.06850585815846
count_odd__python__v3,count_odd,parity_count,python,3,"Given a list of integers, count how many values are odd.","def count_odd(x):
    element = 0
    for entry in x:
        if entry % 2 != 0:
            element += 1
    return element",17,36,35,0,0.0,True,0.18318068970028045,0.019860833883285522,0.3455881003721788,6.411324139509816,0.1868833178562844,0.020041165873408318,0.35036670723548313,6.540916124969954,0.93093968970435,0.9973293542861938,0.999673228604453,0.8285714285714286,0.6571428571428571,9,9,0.2778614872950129,0.27890216554206904,0.9428571428571428,1.2825658374731443
minmax_normalize__python__v1,minmax_normalize,bounded_numeric_transform,python,1,"Given a non-empty list of numbers with distinct minimum and maximum values, scale each value into the interval from zero to one using min-max normalization.","def minmax_normalize(values):
    low = min(values)
    high = max(values)
    result = []
    for value in values:
        result.append((value - low) / (high - low))
    return result",33,45,44,0,0.0,True,0.26599367593991535,0.0025507209356874228,0.5270410547548133,11.703721741356276,0.276667303160738,0.002599441446363926,0.5629375300734628,12.173361339072471,0.9056065516038374,0.9997324645519257,0.9982450374148109,0.7954545454545454,0.7272727272727273,13,11,0.4448061008874373,0.4656125885455346,0.9772727272727273,0.8388087718999138
binary_to_integer__python__v1,binary_to_integer,base_conversion,python,1,"Given a string of binary digits, convert it to a nonnegative integer.","def binary_to_integer(text):
    result = 0
    for char in text:
        result = result * 2 + int(char)
    return result",19,32,31,0,0.0,True,0.22079738292667306,0.009689737111330032,0.3772532308836253,6.844718870726865,0.22181384824943962,0.009766815230250359,0.37899972687012345,6.876229295732628,0.9087613080778429,0.9988278746604919,0.9999167342339793,0.7419354838709677,0.6451612903225806,6,5,0.303403961282432,0.3040144695303752,0.967741935483871,0.989909589996064
matrix_find_position__python__v1,matrix_find_position,matrix_search,python,1,"Given a matrix and a target value, return the row and column of the first occurrence in row-major order, or minus one for both if absent.","def matrix_find_position(matrix, target):
    for row in range(len(matrix)):
        for col in range(len(matrix[row])):
            if matrix[row][col] == target:
                return row, col
    return -1, -1",34,48,47,0,0.0,True,0.1469091108062102,0.0010578533401712775,0.3098598649776189,6.904728207891878,0.15065616323911665,0.0011067825835198164,0.3183265154028405,7.080839672238483,0.9450166605888529,0.9999036192893982,0.9996579023117714,0.8723404255319149,0.7659574468085106,26,13,0.14130944559112232,0.14135038208254103,0.9787234042553191,0.5622256354434272
lcm_list__python__v2,lcm_list,lcm_family,python,2,"Given a non-empty list of positive integers, compute the least common multiple of all values.","def lcm_list(counter):
    current = counter[0]
    for output in counter[1:]:
        item = current
        value = output
        while value != 0:
            item, value = value, item % value
        current = (current // item) * output
    return current",22,62,61,0,0.0,True,0.21041127147809227,0.009711178950965405,0.39610654876134344,12.835087560163629,0.21415640392988877,0.009775486774742603,0.40687996359546325,13.063540639723215,0.9232416260437887,0.9988555312156677,0.9995768607639876,0.7868852459016393,0.6721311475409836,13,12,0.28200247011909596,0.28738843259695085,0.9344262295081968,1.733759793584469
partition_by_threshold__nl__v1,partition_by_threshold,partition,nl,1,"Given a list of numbers and a threshold, return two lists: values below the threshold and values at least the threshold, preserving order.",Create two empty result lists. Examine each number and append it to the below-threshold list or the other list according to the comparison. Return both lists.,31,32,31,0,0.0,True,0.5570577665986944,0.5233175754547119,0.48745504389100663,17.268790764559526,0.5819576250317867,0.5250411033630371,0.5325921434672881,18.040686375985388,0.8016298134480754,0.8350244164466858,0.9973050528956998,0.45161290322580644,0.1935483870967742,3,2,0.5124575941629398,0.541537317164087,0.9354838709677419,2.5501012871863784
most_frequent__python__v3,most_frequent,mode_selection,python,3,"Given a non-empty list, return a value with the highest occurrence count, choosing the first such value on ties.","def most_frequent(result):
    entry = {}
    for x in result:
        entry[x] = entry.get(x, 0) + 1
    element = result[0]
    for x in result:
        if entry[x] > entry[element]:
            element = x
    return element",27,62,61,0,0.0,True,0.2896530105912253,0.015892310068011284,0.5186274821191252,17.66883364606474,0.30186025954855245,0.015908133238554,0.5458323601038544,18.4134758324617,0.8908613783414246,0.9980483055114746,0.9985766918932806,0.7540983606557377,0.6229508196721312,15,14,0.4128602427241276,0.43384973012931977,0.9508196721311475,0.9696051948697899
count_below__nl__v2,count_below,threshold_count,nl,2,"Given a list of numbers and a threshold, count the values less than the threshold.","Begin a counter at zero. Inspect every value. When the current value is less than the threshold, increase the counter by one. Output the counter.",21,31,30,0,0.0,True,0.37066974966437555,0.20299120247364044,0.5329530555885726,11.120092489931267,0.3859114853335389,0.20909107476472855,0.5707843654641873,11.577344560006168,0.8719415172934533,0.9639314413070679,0.9981366256872813,0.7333333333333333,0.3333333333333333,14,4,0.511828610613332,0.5402253821596568,0.9333333333333333,2.210287819819617
most_frequent__python__v1,most_frequent,mode_selection,python,1,"Given a non-empty list, return a value with the highest occurrence count, choosing the first such value on ties.","def most_frequent(values):
    counts = {}
    for value in values:
        counts[value] = counts.get(value, 0) + 1
    best = values[0]
    for value in values:
        if counts[value] > counts[best]:
            best = value
    return best",27,63,62,0,0.0,True,0.17262853049216956,0.0021278419299051166,0.3810840026137147,10.702968890514512,0.17670499418362293,0.0021571669494733214,0.39398983475253474,10.955709639384622,0.9346683568531468,0.9998041391372681,0.9995471296771881,0.8225806451612904,0.7741935483870968,20,16,0.28570421115786243,0.2928052134154358,0.967741935483871,0.4527002997161073
merge_sorted_descending__nl__v1,merge_sorted_descending,merge_sorted,nl,1,"Given two lists sorted in descending order, merge them into one descending list.",Create an empty result and place one index at the start of each list. Repeatedly append the larger current value and advance its index. Append any remaining values and return the result.,19,37,36,0,0.0,True,0.629120248900209,0.5556658804416656,0.5109272772279214,22.648328960407525,0.6680470481223892,0.5656967163085938,0.5613862106385414,24.049693732406013,0.7983810057242712,0.8635410666465759,0.9956244313054614,0.4166666666666667,0.16666666666666666,4,2,0.6278499479538628,0.6791372346625264,0.9166666666666666,3.1541865561670823
reverse_integer__python__v1,reverse_integer,numeric_reverse,python,1,"Given a nonnegative integer, reverse the order of its decimal digits.","def reverse_integer(number):
    result = 0
    while number > 0:
        digit = number % 10
        result = result * 10 + digit
        number //= 10
    return result",18,48,47,0,0.0,True,0.05350516263670488,0.0007909656851552427,0.14009349791331194,2.5147426439251293,0.05421172044057283,0.0007912166183814406,0.14260787114150503,2.5479508607069232,0.9874437945954343,0.999924898147583,0.9999396103493711,0.9361702127659575,0.851063829787234,19,18,0.10055972105794728,0.10193351162548363,1.0,0.6143625094390603
rotate_matrix_clockwise__nl__v1,rotate_matrix_clockwise,matrix_transform,nl,1,"Given a non-empty square matrix, return a new matrix rotated ninety degrees clockwise.","Create an empty result. For each original column from left to right, build a row by reading that column from bottom to top. Append each row and return the result.",20,34,33,0,0.0,True,0.645198099710273,0.5553405284881592,0.5727352101011691,21.29153729043901,0.6823891009465142,0.5804735422134399,0.633072978025084,22.51884033123497,0.7930406390717535,0.8788008689880371,0.9955283945257013,0.42424242424242425,0.18181818181818182,3,3,0.5271396802272648,0.5805161394746392,0.9393939393939394,2.7509617888041027
running_sum__nl__v1,running_sum,cumulative_scan,nl,1,"Given a list of numbers, produce the running sum after each position.",Start a total at zero and create an empty result list. Examine the numbers in order. Add each value to the total and append the updated total to the result. Return the result.,18,38,37,0,0.0,True,0.6563135459263986,0.5156115889549255,0.5599888356041116,24.283601199276745,0.6798691225766733,0.5243483781814575,0.5981306591460334,25.15515753533691,0.7711620620779089,0.858326256275177,0.9972634218834542,0.3783783783783784,0.21621621621621623,4,4,0.5254022939027183,0.5606968708646795,0.9459459459459459,1.8658292049863
adjacent_sums__nl__v3,adjacent_sums,adjacent_transform,nl,3,"Given a list of numbers, create a list containing the sum of each adjacent pair.","Initialize an empty result list. Starting with the second input value, add it to the preceding value and append the sum. Produce the result.",21,28,27,0,0.0,True,0.5546834271571478,0.5721604824066162,0.44870417416031744,14.976452533242991,0.5710448839408518,0.5865312218666077,0.4637347891109579,15.418211866402999,0.7824578218989902,0.8535952568054199,0.9983639165207192,0.4444444444444444,0.2962962962962963,4,3,0.5174825439305726,0.5328393294655073,0.8888888888888888,3.3778212624116954
sum_positive__python__v2,sum_positive,sign_sum,python,2,"Given a list of numbers, sum only the positive values.","def sum_positive(current):
    item = 0
    for value in current:
        if value > 0:
            item += value
    return item",16,32,31,0,0.0,True,0.17542550529886344,0.010174905881285667,0.3550044646751267,5.438190664264766,0.17672994462355424,0.01030352246016264,0.35803632292530185,5.478628283330181,0.9369627631479694,0.9988027215003967,0.9998850514811854,0.8387096774193549,0.6774193548387096,18,7,0.29444546779571584,0.2965417118767315,0.9354838709677419,1.6902128023480072
count_equal_neighbors__nl__v3,count_equal_neighbors,adjacent_analysis,nl,3,"Given a list, count how many adjacent pairs contain equal values.",Initialize a counter at zero. Compare each value after the first with its predecessor. Increase the counter when the two values are equal. Produce the counter.,17,30,29,0,0.0,True,0.5775517954266277,0.5761793851852417,0.4637238437186418,16.749002067372203,0.5826428330920893,0.576982855796814,0.46677388818624993,16.89664215967059,0.7679127506141005,0.8316124081611633,0.9995616263356703,0.3793103448275862,0.1724137931034483,3,2,0.5764350743432131,0.5814920514822006,0.896551724137931,2.3760529267681956
count_vowels__nl__v2,count_vowels,char_count,nl,2,"Given a lowercase string, count how many characters are vowels.","Begin a counter at zero. Inspect each character. If it is one of a, e, i, o, or u, increase the counter by one. Output the counter.",16,37,36,0,0.0,True,0.40902668674738785,0.2153606116771698,0.489373229388438,14.724960722905962,0.4203284811499341,0.21883363276720047,0.5114868410500493,15.131825321397628,0.8464900867806541,0.9576110541820526,0.9988511602083842,0.6111111111111112,0.3611111111111111,9,9,0.4164038938800721,0.43520606909961707,0.9722222222222222,1.6474126238126574
digit_sum__python__v2,digit_sum,digit_aggregate,python,2,"Given a nonnegative integer, compute the sum of its decimal digits.","def digit_sum(item):
    value = 0
    while item > 0:
        value += item % 10
        item //= 10
    return value",18,37,36,0,0.0,True,0.09991503630139983,0.0054579058196395636,0.3676003035422617,3.596941306850394,0.10421309419171382,0.005565991625189781,0.3891333500769163,3.7516713909016977,0.970729218588935,0.9993876814842224,0.9994390341970656,0.9444444444444444,0.8055555555555556,24,16,0.18976194665848278,0.19820511846228456,0.9444444444444444,1.2838302680574185
moving_average_three__python__v2,moving_average_three,sliding_window,python,2,"Given a list of numbers, return the average of every consecutive window of three values.","def moving_average_three(output):
    current = []
    for value in range(len(output) - 2):
        item = (output[value] + output[value + 1] + output[value + 2]) / 3
        current.append(item)
    return current",21,55,54,0,0.0,True,0.23924341267094726,0.041944192722439766,0.3695948786064497,12.919144284231152,0.24473109871174797,0.04272547923028469,0.3790803951417442,13.215479330434391,0.922192762295405,0.99349045753479,0.9994684700612668,0.7592592592592593,0.5925925925925926,16,11,0.268102440468386,0.2743104223084646,0.9444444444444444,1.4547566316213436
count_odd__nl__v2,count_odd,parity_count,nl,2,"Given a list of integers, count how many values are odd.","Begin a counter at zero. Inspect every integer. When the current value is odd, increase the counter by one. Output the counter after all values are processed.",17,33,32,0,0.0,True,0.5963679819578829,0.5161908268928528,0.5125952177425607,19.083775422652252,0.6108751814244897,0.5210568904876709,0.5386588331891515,19.54800580558367,0.7804468898102641,0.8741598725318909,0.9984116032719612,0.46875,0.1875,3,2,0.5288491027294507,0.5527033812306341,0.9375,2.8971898092546553
count_divisors__nl__v2,count_divisors,divisors,nl,2,"Given a positive integer n, count its positive divisors.","Begin a counter at zero. Inspect every integer from one through n. If n is divisible by the current integer, increase the counter. Output the counter.",16,32,31,0,0.0,True,0.471619873112368,0.41097772121429443,0.4117714661317724,14.620216066483408,0.49136651232237777,0.4196029007434845,0.4468434957666707,15.232361881993711,0.8491429619250759,0.8953167796134949,0.9980249154952264,0.4838709677419355,0.1935483870967742,4,2,0.4558857354956369,0.4885582904641827,0.967741935483871,2.06580759104315
gcd_two__python__v3,gcd_two,gcd_family,python,3,"Given two nonnegative integers, compute their greatest common divisor using the Euclidean algorithm.","def gcd_two(element, entry):
    while entry != 0:
        element, entry = entry, element % entry
    return element",21,28,27,0,0.0,True,0.19100625587573936,0.006018347106873989,0.4149951475294011,5.157168908644962,0.20084425009907944,0.00610788818448782,0.44354675400946736,5.422794752675145,0.9401069338674899,0.9993278980255127,0.9989201581036603,0.8518518518518519,0.7037037037037037,19,17,0.24143875532172387,0.26078151248426507,0.8888888888888888,2.286627865480036
insertion_sort_ascending__python__v3,insertion_sort_ascending,insertion_sort,python,3,"Given a list of numbers, sort it in ascending order using insertion sort and return the sorted copy.","def insertion_sort_ascending(n_count):
    result = n_count[:]
    for entry in range(1, len(result)):
        element = result[entry]
        x = entry - 1
        while x >= 0 and result[x] > element:
            result[x + 1] = result[x]
            x -= 1
        result[x + 1] = element
    return result",24,83,82,0,0.0,True,0.13582609198834222,0.007079842500388622,0.34182846827403246,11.137739543044063,0.14214040970870617,0.007382645504549146,0.364827849846011,11.655513596113906,0.9582820329360846,0.9992024898529053,0.999270325753747,0.8780487804878049,0.7804878048780488,26,16,0.21999780320360807,0.23181049194799588,0.9390243902439024,1.1540338054853199
dedupe_last__python__v3,dedupe_last,deduplication,python,3,"Given a list, remove duplicate values while keeping the last occurrence of each value and preserving the order of those kept occurrences.","def dedupe_last(x):
    element = []
    for entry in reversed(x):
        if entry not in element:
            element.append(entry)
    element.reverse()
    return element",28,36,35,0,0.0,True,0.278668426375121,0.008253281004726887,0.4898875347258617,9.753394923129235,0.3066358503648319,0.008343292400240898,0.5631358560551899,10.732254762769116,0.9079224918569837,0.9990314841270447,0.9964520709855216,0.8,0.6285714285714286,20,15,0.27628789518819435,0.3124453022054534,0.9428571428571428,1.336829675324198
window_sum_three__nl__v1,window_sum_three,sliding_window,nl,1,"Given a list of numbers, return the sum of every consecutive window of three values.","Create an empty result list. For each starting index that leaves three values available, add those three values and append the sum. Return the result.",21,29,28,0,0.0,True,0.6660845469949501,0.5678231418132782,0.5670653712832822,18.650367315858603,0.717389856598207,0.5772422850131989,0.6529535163881367,20.086915984749794,0.7887547399316516,0.8496103286743164,0.9932980963162014,0.42857142857142855,0.10714285714285714,4,1,0.6733967642541285,0.7672306376474874,0.9642857142857143,2.924785433270569
count_even__python__v1,count_even,parity_count,python,1,"Given a list of integers, count how many values are even.","def count_even(values):
    count = 0
    for value in values:
        if value % 2 == 0:
            count += 1
    return count",17,36,35,0,0.0,True,0.14644925567881079,0.0013010012917220592,0.3476099537574617,5.1257239487583774,0.14690839763896812,0.001333687687292695,0.3488340704037949,5.141793917363884,0.9447717121669225,0.9998813271522522,0.9999601432255336,0.8285714285714286,0.8,16,16,0.22128256847529026,0.2220525608877859,1.0,0.29604619425290346
frequency_map_items__nl__v1,frequency_map_items,frequency_map,nl,1,"Given a list of hashable values, build a dictionary mapping each value to its occurrence count.","Start with an empty dictionary. Examine each value. If it is already a key, increase its count; otherwise create the key with count one. Return the dictionary.",23,34,33,0,0.0,True,0.5440092189519694,0.44376158714294434,0.4768524190385831,17.95230422541499,0.5696730214721438,0.44462957978248596,0.5545742726731423,18.799209708580747,0.7867899085536147,0.8599677085876465,0.9961410056460988,0.45454545454545453,0.21212121212121213,4,2,0.5407977764261886,0.5853409467817983,0.9696969696969697,2.381749376211012
binary_search_exact__python__v3,binary_search_exact,binary_search,python,3,"Given an ascending sorted list and a target value, return the target index or minus one if absent.","def binary_search_exact(n_count, result):
    entry = 0
    element = len(n_count) - 1
    while entry <= element:
        x = (entry + element) // 2
        if n_count[x] == result:
            return x
        if n_count[x] < result:
            entry = x + 1
        else:
            element = x - 1
    return -1",24,89,88,0,0.0,True,0.19420646559284582,0.020092139951884747,0.38883116072711477,17.09016897217043,0.20788945242357346,0.020188176073133945,0.42368757474024493,18.294271813274463,0.9391315772452138,0.9973671436309814,0.9985415197231553,0.8636363636363636,0.6363636363636364,55,13,0.23888143153324082,0.2556901158696464,0.9318181818181818,1.2341214817233175
adjacent_sums__nl__v1,adjacent_sums,adjacent_transform,nl,1,"Given a list of numbers, create a list containing the sum of each adjacent pair.","Create an empty result list. Starting with the second input value, add it to the preceding value and append the sum. Return the result.",21,28,27,0,0.0,True,0.5058282753517334,0.3867450952529907,0.45520537825170543,13.657363434496801,0.5173674593296945,0.3882236182689667,0.4681624266877803,13.968921401901753,0.8041284426494881,0.8866040110588074,0.9988042381074693,0.48148148148148145,0.2962962962962963,3,3,0.5691214481563432,0.5841232174279867,0.9259259259259259,3.480805182089474
chunks_fixed_size__nl__v1,chunks_fixed_size,chunking,nl,1,"Given a list and a positive chunk size, split the list into consecutive chunks of at most that size.","Create an empty result list. Move a starting index through the input in steps equal to the chunk size. At each step, append the corresponding slice. Return the result.",25,34,33,0,0.0,True,0.40831255933065247,0.14003270864486694,0.4884009440556418,13.474314457911532,0.41891957568286947,0.14177638292312622,0.5067588562769035,13.824345997534692,0.8566652635733286,0.9716110229492188,0.9987744923793909,0.6363636363636364,0.36363636363636365,5,2,0.455758260552102,0.4764757165394258,0.9393939393939394,3.2731798522401014
frequency_map_chars__python__v2,frequency_map_chars,frequency_map,python,2,"Given a string, build a dictionary mapping each character to its occurrence count.","def frequency_map_chars(current):
    value = {}
    for item in current:
        if item in value:
            value[item] += 1
        else:
            value[item] = 1
    return value",19,44,43,0,0.0,True,0.1999755310646008,0.007731514982879162,0.40935779774990944,8.598947835777835,0.2072412144807247,0.007765944581478834,0.4266618731171377,8.911372222671162,0.9314442415570103,0.999214231967926,0.9992287269858426,0.813953488372093,0.7209302325581395,16,16,0.30678316553543744,0.31732004466682284,0.9069767441860465,1.6042219502731003
count_increases__nl__v2,count_increases,adjacent_analysis,nl,2,"Given a list of numbers, count how many positions contain a value larger than the immediately preceding value.",Begin a counter at zero. Compare each value after the first with its predecessor. Increase the counter when the current value is larger. Output the counter.,24,30,29,0,0.0,True,0.5086931127323248,0.34177103638648987,0.5343866358789632,14.752100269237417,0.5232908148745051,0.3441680669784546,0.5586031913286218,15.175433631360647,0.8122889872254997,0.9045413136482239,0.998377132004705,0.5172413793103449,0.27586206896551724,3,2,0.5575102911648823,0.5756495885465743,1.0,1.8075002898294144
fibonacci_nth__nl__v3,fibonacci_nth,fibonacci,nl,3,"Given a nonnegative integer n with F0 equal to zero and F1 equal to one, return Fn iteratively.","Initialize with the pair zero and one. Repeat n times, replacing the pair with the second value and the sum of the two values. Produce the first value.",28,32,31,0,0.0,True,0.9108414069539116,0.9080532789230347,0.6340550623736548,28.23608361557126,1.0330088258150123,0.9667841196060181,0.7793754149549533,32.023273600265384,0.7136152655847611,0.7587705254554749,0.9840304370849363,0.25806451612903225,0.12903225806451613,4,2,0.5923924870789051,0.7332699503749609,0.9354838709677419,2.541690031607305
fibonacci_first_n__python__v2,fibonacci_first_n,fibonacci,python,2,"Given a nonnegative integer n, return the first n Fibonacci values starting with zero and one.","def fibonacci_first_n(output):
    value = 0
    current = 1
    counter = []
    for item in range(output):
        counter.append(value)
        value, current = current, value + current
    return counter",23,48,47,0,0.0,True,0.29106561735812997,0.021640971302986145,0.49995977343770226,13.680084015832108,0.30638369673103255,0.021697012707591057,0.5361448569217091,14.400033746358531,0.9044232286037283,0.9970797300338745,0.9981709845522617,0.7446808510638298,0.5957446808510638,12,11,0.4400250251723185,0.46658572185697267,0.9148936170212766,1.8756210076807815
binary_search_insertion__python__v1,binary_search_insertion,binary_search,python,1,"Given an ascending sorted list and a target value, return the index where the target could be inserted while preserving order.","def binary_search_insertion(values, target):
    low = 0
    high = len(values)
    while low < high:
        middle = (low + high) // 2
        if values[middle] < target:
            low = middle + 1
        else:
            high = middle
    return low",27,67,66,0,0.0,True,0.09124152059069095,0.002093998482450843,0.22918840253608852,6.021940358985603,0.09286475411729636,0.002103830687701702,0.23360926280000166,6.1290737717415595,0.9736443767041871,0.9997934997081757,0.9998558669379263,0.9090909090909091,0.7727272727272727,42,16,0.10192615321047224,0.10362000048603127,0.9848484848484849,0.667020915232285
group_by_first_character__python__v2,group_by_first_character,grouping,python,2,"Given a list of non-empty strings, build a dictionary grouping strings by their first character while preserving input order inside each group.","def group_by_first_character(output):
    item = {}
    for current in output:
        value = current[0]
        if value not in item:
            item[value] = []
        item[value].append(current)
    return item",29,47,46,0,0.0,True,0.20757932442939897,0.014683342538774014,0.3926567604426764,9.548648923752353,0.21514186648247016,0.014871655497699976,0.4095032965262622,9.896525858193627,0.9358791300783986,0.9982476830482483,0.9992052536943684,0.8260869565217391,0.6521739130434783,17,9,0.3417661120060681,0.35196631486640195,0.9130434782608695,1.3550989758264975
count_digits__nl__v1,count_digits,digit_count,nl,1,"Given a positive integer, count its decimal digits.","Start a counter at zero. While the number is positive, remove its last digit using integer division by ten and increase the counter by one. Return the counter.",14,32,31,0,0.0,True,0.23709508958610617,0.09245394170284271,0.289558601119541,7.349947777169291,0.2409422830885066,0.09353267401456833,0.2957692396561759,7.469210775743704,0.932220128274733,0.9817537069320679,0.9996657486884825,0.7096774193548387,0.41935483870967744,5,5,0.27002156030309077,0.2761920300661586,0.967741935483871,2.179668582020484
rotate_left_one__nl__v3,rotate_left_one,rotation,nl,3,"Given a non-empty list, rotate it left by one position.","Initialize an empty result list. Place every element except the first in original order, then append the original first element. Produce the result.",17,27,26,0,0.0,True,0.6343641007641474,0.22073891013860703,0.6778182990589271,16.49346661986783,0.655380497740295,0.2243356928229332,0.7065708301137228,17.039892941247672,0.7639683805979215,0.9514487385749817,0.99756553539863,0.5769230769230769,0.23076923076923078,5,2,0.6483547943457961,0.682540960945189,0.8461538461538461,3.686551887609172
linear_first_index__nl__v1,linear_first_index,linear_search,nl,1,"Given a list and a target, return the index of the first target occurrence or minus one if absent.",Examine the list from left to right while tracking the index. Return the index at the first value equal to the target. Return minus one if no match is found.,25,34,33,0,0.0,True,0.4539992483777579,0.21224263310432434,0.4949591313077823,14.98197519646601,0.4608629565102478,0.21291965246200562,0.5064168735933322,15.208477564838176,0.8486145915407123,0.9464979767799377,0.999347083496325,0.5757575757575758,0.30303030303030304,4,2,0.5468069772133504,0.5582858917560998,0.9393939393939394,2.0496949359249865
square_values__nl__v1,square_values,element_transform,nl,1,"Given a list of numbers, create a list containing the square of each element.","Create an empty result list. Examine each input number, multiply it by itself, and append the product to the result. Return the result.",20,29,28,0,0.0,True,0.474610241294483,0.3207208812236786,0.49212891393875424,13.289086756245524,0.48342159257403444,0.3226606100797653,0.507217843311133,13.535804592072964,0.8323808014392853,0.9183498322963715,0.9991039633750916,0.5357142857142857,0.35714285714285715,4,3,0.42769581503051557,0.44267224641387454,0.9642857142857143,2.1575403327470406
most_frequent__nl__v3,most_frequent,mode_selection,nl,3,"Given a non-empty list, return a value with the highest occurrence count, choosing the first such value on ties.",Initialize occurrence counts. Then scan the original list while tracking the best value and highest count seen. Replace the best only when a strictly higher count is found. Produce the best value.,27,36,35,0,0.0,True,0.9130578965480839,0.7496944069862366,0.7094359505403,31.957026379182935,1.0197343305817672,0.8243801593780518,0.876714891616438,35.69070157036185,0.7085436654942376,0.7616862058639526,0.9841021980558123,0.3142857142857143,0.11428571428571428,4,2,0.702921067857567,0.8536527956671575,0.8571428571428571,3.1027969641078794
flatten_lists__nl__v2,flatten_lists,flatten_one_level,nl,2,"Given a list of lists, flatten exactly one level into a single list.","Build an empty result list. Inspect each inner list in order, then add each of its values to the result. Output the result.",19,28,27,0,0.0,True,0.38130314766938145,0.24616000056266785,0.42014108134329026,10.295184987073299,0.3873731988370074,0.24708329141139984,0.4296231178578352,10.459076368599199,0.8745792717845352,0.9518643617630005,0.9993417903229043,0.7037037037037037,0.3333333333333333,4,3,0.47092231983193555,0.4829588465195579,0.9259259259259259,3.369125583510915
rotate_matrix_clockwise__python__v1,rotate_matrix_clockwise,matrix_transform,python,1,"Given a non-empty square matrix, return a new matrix rotated ninety degrees clockwise.","def rotate_matrix_clockwise(matrix):
    result = []
    size = len(matrix)
    for col in range(size):
        new_row = []
        for row in range(size - 1, -1, -1):
            new_row.append(matrix[row][col])
        result.append(new_row)
    return result",20,63,62,0,0.0,True,0.13691175127052882,0.00700463424436748,0.29986169494482307,8.488528578772787,0.1396759307854883,0.007095750188454986,0.30563860429884765,8.659907708700274,0.9541752732569172,0.9992357492446899,0.9997585079362316,0.8870967741935484,0.7419354838709677,27,26,0.21456396799030364,0.21741007642261037,1.0,0.5142668110462157
integer_to_binary__nl__v2,integer_to_binary,base_conversion,nl,2,"Given a positive integer, return its binary representation as a string without a prefix.","Begin with an empty digit list. Repeatedly add the remainder after division by two and divide the number by two. Reverse the collected digits, join them, and output the string.",20,37,36,0,0.0,True,0.642603992383455,0.48945707082748413,0.5616090657028662,23.13374372580438,0.6718513827925361,0.4933774620294571,0.6043757175240732,24.186649780531297,0.7854189789957471,0.8495912253856659,0.996635667151875,0.4166666666666667,0.19444444444444445,4,2,0.6156346796338247,0.6598729428369552,0.9722222222222222,2.418120180772045
count_above__nl__v3,count_above,threshold_count,nl,3,"Given a list of numbers and a threshold, count the values greater than the threshold.","Initialize a counter at zero. Process every value. For any case in which the current value is greater than the threshold, increase the counter by one. Produce the counter.",21,34,33,0,0.0,True,0.34287169840819953,0.22274848818778992,0.3652922619973921,11.314766047470584,0.3471603483897001,0.22407594323158264,0.37250700542845944,11.456291496860104,0.881769308538148,0.9491750001907349,0.9996209794824774,0.6363636363636364,0.30303030303030304,4,4,0.4225680327104442,0.4289718897859416,0.9090909090909091,2.516854209240673
bubble_sort_descending__nl__v2,bubble_sort_descending,bubble_sort,nl,2,"Given a list of numbers, sort it in descending order using bubble sort and return the sorted copy.","Copy the input list. Repeatedly scan adjacent pairs and swap them when the left value is less than the right value. After enough passes, output the copy.",24,33,32,0,0.0,True,0.590986426524978,0.3475772887468338,0.5633107965418321,18.911565648799296,0.6221640151852625,0.3539007008075714,0.6080041965356945,19.9092484859284,0.8013239055871964,0.9106982052326202,0.9963429383933544,0.5,0.28125,4,3,0.6749059533016877,0.7196972607634962,0.875,2.7894817617956846
gcd_list__python__v2,gcd_list,gcd_family,python,2,"Given a non-empty list of nonnegative integers, compute the greatest common divisor of all values.","def gcd_list(counter):
    current = counter[0]
    for output in counter[1:]:
        item = current
        value = output
        while value != 0:
            item, value = value, item % value
        current = item
    return current",23,56,55,0,0.0,True,0.16659077680140563,0.0054678102023899555,0.31777225879916926,9.16249272407731,0.169837210216197,0.006101183593273163,0.3269568493977426,9.341046561890835,0.9457702625881542,0.9994227886199951,0.9996650403196161,0.8545454545454545,0.6909090909090909,17,17,0.2360619247645243,0.24016159559835581,0.9272727272727272,1.820153411038204
count_even_digits__nl__v1,count_even_digits,digit_count,nl,1,"Given a positive integer, count how many of its decimal digits are even.","Start a counter at zero. While the number is positive, inspect the last digit, increase the counter if it is even, then remove the digit using integer division by ten. Return the counter.",19,39,38,0,0.0,True,0.29823177529138584,0.06605186313390732,0.40826816993089843,11.332807461072662,0.30026526221545763,0.06622343882918358,0.4117646237865653,11.41007996418739,0.8859451515109915,0.9883271157741547,0.9998262414806768,0.6842105263157895,0.47368421052631576,10,4,0.39649606927559944,0.40008152739510233,1.0,2.6618828591425356
binary_to_integer__python__v2,binary_to_integer,base_conversion,python,2,"Given a string of binary digits, convert it to a nonnegative integer.","def binary_to_integer(current):
    value = 0
    for item in current:
        value = value * 2 + int(item)
    return value",19,32,31,0,0.0,True,0.24137092804818577,0.010625181719660759,0.4110660745764817,7.482498769493759,0.24398842045220884,0.010649860836565495,0.4154184785195637,7.563641034018474,0.9079652707422933,0.9987995028495789,0.9997562208483296,0.7419354838709677,0.6774193548387096,10,9,0.2919185680149288,0.29412595313945833,0.9354838709677419,1.2282421358077997
clamp_values__python__v3,clamp_values,bounded_numeric_transform,python,3,"Given a list of numbers and lower and upper bounds, clamp each value into the inclusive interval.","def clamp_values(n_count, element, x):
    entry = []
    for result in n_count:
        if result < element:
            entry.append(element)
        elif result > x:
            entry.append(x)
        else:
            entry.append(result)
    return entry",23,54,53,0,0.0,True,0.3368995142215149,0.027141649276018143,0.5259424118724144,17.85567425374029,0.353304537508556,0.02763753943145275,0.5518543148965286,18.725140487953468,0.8839535319580222,0.9960619211196899,0.9982595848587325,0.7169811320754716,0.5849056603773585,27,17,0.43221117720783625,0.4558374979867669,0.9245283018867925,1.99299427280092
most_frequent__nl__v1,most_frequent,mode_selection,nl,1,"Given a non-empty list, return a value with the highest occurrence count, choosing the first such value on ties.",Build occurrence counts. Then scan the original list while tracking the best value and highest count seen. Replace the best only when a strictly higher count is found. Return the best value.,27,36,35,0,0.0,True,0.8554684120895607,0.7021639943122864,0.7383827594784976,29.941394423134625,0.9399175364524126,0.7032203078269958,0.865753826085589,32.89711377583444,0.7039980151823588,0.8070789575576782,0.9875003508159093,0.37142857142857144,0.08571428571428572,4,1,0.7796504034605973,0.8630842129316401,0.9142857142857143,2.896598703041673
gcd_two__nl__v1,gcd_two,gcd_family,nl,1,"Given two nonnegative integers, compute their greatest common divisor using the Euclidean algorithm.","While the second value is not zero, replace the pair with the second value and the remainder of the first divided by the second. Return the first value when the second becomes zero.",21,36,35,0,0.0,True,0.24717092685498626,0.05158350616693497,0.3571351347135739,8.650982439924519,0.2553475341315269,0.05169527977705002,0.3845990615918519,8.937163694603441,0.9184932146753584,0.9925515651702881,0.9989972114562988,0.7428571428571429,0.5428571428571428,7,7,0.3392002048854813,0.3534442478137541,1.0,1.6986995595929784
partition_by_sign__nl__v3,partition_by_sign,partition,nl,3,"Given a list of numbers, return two lists: negative values first and nonnegative values second, preserving input order within each group.",Initialize an empty negative list and an empty nonnegative list. Process each number and append it to the appropriate list according to its sign. Produce both lists.,30,31,30,0,0.0,True,0.3825949828858332,0.3284485191106796,0.4106517322980386,11.477849486574996,0.395822891156422,0.33310018479824066,0.43050466277111027,11.87468673469266,0.8754471441109976,0.9259178340435028,0.9987653911113739,0.5333333333333333,0.43333333333333335,4,4,0.48496302735494,0.5067831582333572,0.9666666666666667,2.1913859203445707
first_even_index__python__v2,first_even_index,first_match_index,python,2,"Given a list of integers, return the index of the first even value, or minus one if none exists.","def first_even_index(current):
    for item, value in enumerate(current):
        if value % 2 == 0:
            return item
    return -1",26,33,32,0,0.0,True,0.10613932266710435,0.005149506032466888,0.26224947288222905,3.3964583253473393,0.10821926280857497,0.005216665333136916,0.26992138160924656,3.463016409874399,0.9746665544807911,0.9994650781154633,0.9997893646359444,0.9375,0.78125,28,22,0.15153785995484684,0.15530421549837845,0.96875,1.5737859866082964
is_nondecreasing__python__v2,is_nondecreasing,monotonicity,python,2,"Given a list of numbers, determine whether it is in nondecreasing order.","def is_nondecreasing(value):
    for item in range(1, len(value)):
        if value[item - 1] > value[item]:
            return False
    return True",20,37,36,0,0.0,True,0.09451693512465277,0.0029760063625872135,0.1874073921814661,3.4026096644874997,0.095092708361613,0.003018483752384782,0.18797382183251232,3.423337501018068,0.9682140019204881,0.9997200965881348,0.999955352809694,0.9166666666666666,0.75,24,14,0.12897535651765274,0.12965024565663563,0.9444444444444444,1.024819795967061
running_product__nl__v3,running_product,cumulative_scan,nl,3,"Given a list of numbers, produce the running product after each position.",Initialize a product at one and create an empty result list. Process the numbers in order. Multiply the product by each value and append the updated product to the result. Produce the result.,18,37,36,0,0.0,True,0.5837042851683995,0.5570055544376373,0.45593715356387743,21.01335426606238,0.6027597515947289,0.5792323648929596,0.4907190061827249,21.69935105741024,0.7842457112338808,0.8620638251304626,0.9977403730154037,0.3611111111111111,0.16666666666666666,4,3,0.4704447208770684,0.4943082979747227,0.9166666666666666,2.460944536146902
count_digits__python__v1,count_digits,digit_count,python,1,"Given a positive integer, count its decimal digits.","def count_digits(number):
    count = 0
    while number > 0:
        number //= 10
        count += 1
    return count",14,34,33,0,0.0,True,0.10992641614867546,0.004231309052556753,0.2756250928955016,3.62757173290629,0.11024461386189917,0.004255970939993858,0.27642247266542236,3.6380722574426727,0.9672711888949076,0.9995322823524475,0.999975531390219,0.9090909090909091,0.7878787878787878,15,7,0.19855315354288905,0.19902255822879056,1.0,0.3719816320922524
matrix_contains__nl__v2,matrix_contains,matrix_search,nl,2,"Given a matrix and a target value, determine whether the target occurs anywhere in the matrix.",Inspect every row and every value within each row. Output true as soon as a value equals the target. Output false if the whole matrix is scanned without a match.,22,33,32,0,0.0,True,0.5577809475397544,0.4432287663221359,0.5308993675795539,17.84899032127214,0.5735596422491653,0.4471006542444229,0.5555836557913154,18.35390855197329,0.8048621062189341,0.885367214679718,0.9982666186988354,0.46875,0.25,4,2,0.6438980506239703,0.6669848439839459,0.96875,2.7952970213972606
insertion_sort_descending__python__v1,insertion_sort_descending,insertion_sort,python,1,"Given a list of numbers, sort it in descending order using insertion sort and return the sorted copy.","def insertion_sort_descending(values):
    result = values[:]
    for index in range(1, len(result)):
        current = result[index]
        position = index - 1
        while position >= 0 and result[position] < current:
            result[position + 1] = result[position]
            position -= 1
        result[position + 1] = current
    return result",24,80,79,0,0.0,True,0.08207500721193321,0.0011973080690950155,0.23542122522770742,6.483925569742723,0.08241143468149956,0.0012244414538145065,0.23699084619610872,6.510503339838465,0.969409866046302,0.9998925924301147,0.9999704293057888,0.9367088607594937,0.8354430379746836,41,35,0.12267900926460348,0.1232326934922791,0.9873417721518988,0.7630816630024787
is_strictly_increasing__nl__v1,is_strictly_increasing,monotonicity,nl,1,"Given a list of numbers, determine whether it is strictly increasing.","Examine each adjacent pair from left to right. If an earlier value is greater than or equal to the following value, return false. Return true if every pair increases.",17,34,33,0,0.0,True,0.3441246592897876,0.2331695407629013,0.31313192167427945,11.35611375656299,0.3487801159497008,0.24887163937091827,0.3164121558245659,11.509743826340127,0.8843056902740941,0.9542617201805115,0.9996380029302655,0.6060606060606061,0.2727272727272727,8,2,0.36722333765510484,0.3689870844577854,1.0,2.504541422766124
count_words__python__v3,count_words,word_count,python,3,"Given a string containing words separated by whitespace, count the words.","def count_words(element):
    entry = element.split()
    return len(entry)",17,16,15,0,0.0,True,0.23983400255286444,0.11541629582643509,0.2944487910210687,3.597510038292967,0.2510695238675301,0.12070168554782867,0.30867601239236897,3.766042858012952,0.9463124910990397,0.9776529669761658,0.9990070303281148,0.8,0.4,5,2,0.38362692850309293,0.3989774856683133,0.8666666666666667,2.8356089074741857
fibonacci_first_n__python__v1,fibonacci_first_n,fibonacci,python,1,"Given a nonnegative integer n, return the first n Fibonacci values starting with zero and one.","def fibonacci_first_n(n):
    a = 0
    b = 1
    result = []
    for _ in range(n):
        result.append(a)
        a, b = b, a + b
    return result",23,48,47,0,0.0,True,0.13772673634980975,0.004281220957636833,0.31443665244888236,6.473156608441059,0.14114604980247175,0.004385411739349365,0.3254542005636799,6.633864340716173,0.9526297741747917,0.9995909333229065,0.9996305615343946,0.8936170212765957,0.7659574468085106,24,17,0.20217250241963167,0.2083598965447258,0.9787234042553191,0.5619457090139992
dedupe_first__nl__v2,dedupe_first,deduplication,nl,2,"Given a list, remove duplicate values while keeping the first occurrence of each value.","Begin with an empty result list. Inspect the input values in order. When the current value is not already in the result, add it. Output the result after the scan.",20,36,35,0,0.0,True,0.5687626602776747,0.46469980478286743,0.48764650898828005,19.906693109718617,0.5839296255585006,0.46647006273269653,0.507398206546716,20.43753689454752,0.8105759918689728,0.8730234503746033,0.9984104599271502,0.4,0.22857142857142856,5,2,0.5501551350119852,0.5701410030716729,0.9428571428571428,2.6623504895920114
count_primes_up_to__python__v3,count_primes_up_to,primality,python,3,"Given a nonnegative integer n, count how many prime numbers are at most n.","def count_primes_up_to(result):
    entry = 0
    for element in range(2, result + 1):
        n_count = True
        x = 2
        while x * x <= element:
            if element % x == 0:
                n_count = False
                break
            x += 1
        if n_count:
            entry += 1
    return entry",21,85,84,0,0.0,True,0.18465557289399234,0.031117782928049564,0.3884066811993951,15.511068123095356,0.20653398441678356,0.03168477863073349,0.4456814555792321,17.34885469100982,0.9432887644285247,0.9955832958221436,0.9977496287652424,0.8928571428571429,0.5952380952380952,42,7,0.27809191226809066,0.3056099310040802,0.9285714285714286,1.290270225947216
linear_last_index__nl__v1,linear_last_index,linear_search,nl,1,"Given a list and a target, return the index of the last target occurrence or minus one if absent.","Start a saved index at minus one. Examine the list from left to right. Whenever a value equals the target, replace the saved index with the current index. Return the saved index after the scan.",25,41,40,0,0.0,True,0.5563875883002766,0.3488852381706238,0.558267397856688,22.255503532011062,0.5823594815898104,0.35171324014663696,0.5926524962526604,23.29437926359242,0.7899398013949395,0.929230123758316,0.9972335800528527,0.525,0.375,8,7,0.5352231272472403,0.5728628961160445,0.95,2.034329966012865
count_even_digits__python__v2,count_even_digits,digit_count,python,2,"Given a positive integer, count how many of its decimal digits are even.","def count_even_digits(current):
    item = 0
    while current > 0:
        value = current % 10
        if value % 2 == 0:
            item += 1
        current //= 10
    return item",19,54,53,0,0.0,True,0.11003778533286888,0.005920555908232927,0.2929531011058809,5.832002622642051,0.11163474339944433,0.006037810817360878,0.2962860319732267,5.916641400170549,0.9637769888032157,0.9993991851806641,0.999868428932046,0.8867924528301887,0.8490566037735849,20,12,0.20195287165030715,0.20380661144276604,0.9433962264150944,1.073826306317747
count_vowels__nl__v3,count_vowels,char_count,nl,3,"Given a lowercase string, count how many characters are vowels.","Initialize a counter at zero. Process each character. For any case in which it is one of a, e, i, o, or u, increase the counter by one. Produce the counter.",16,40,39,0,0.0,True,0.4036013001361705,0.27150678634643555,0.4070536783826601,15.74045070531065,0.4077999197192511,0.29110807180404663,0.41105009660418657,15.904196869050793,0.8475951659373748,0.938092052936554,0.9996531559870794,0.5384615384615384,0.3333333333333333,9,9,0.34647186945738595,0.35231318220068814,0.9230769230769231,2.3033285654512383
reverse_string__python__v3,reverse_string,reverse_sequence,python,3,"Given a string, create a new string containing the same characters in reverse order.","def reverse_string(x):
    entry = """"
    for element in range(len(x) - 1, -1, -1):
        entry += x[element]
    return entry",20,36,35,0,0.0,True,0.18162366609445338,0.014962518587708473,0.3602358522723778,6.3568283133058685,0.18800474540303835,0.015597200952470303,0.3727380942248092,6.580166089106342,0.9469432932989937,0.9980491399765015,0.9993990761893136,0.8285714285714286,0.6857142857142857,17,17,0.3286095464487677,0.33558782529798115,0.9428571428571428,1.3789565851654384
ordered_intersection__python__v2,ordered_intersection,ordered_intersection,python,2,"Given two lists, return values from the first list that also occur in the second list, preserving duplicates and order from the first list.","def ordered_intersection(item, current):
    value = []
    for output in item:
        if output in current:
            value.append(output)
    return value",31,31,30,0,0.0,True,0.27590797399752776,0.025863892398774624,0.4942667799788499,8.277239219925832,0.2930116339518766,0.02765505574643612,0.5281615534181008,8.790349018556299,0.9158052573601405,0.996564507484436,0.9981523394584656,0.7666666666666667,0.6,17,12,0.38591087923048,0.41614653425620357,0.8333333333333334,2.6844238654147676
count_primes_up_to__python__v1,count_primes_up_to,primality,python,1,"Given a nonnegative integer n, count how many prime numbers are at most n.","def count_primes_up_to(n):
    count = 0
    for candidate in range(2, n + 1):
        prime = True
        divisor = 2
        while divisor * divisor <= candidate:
            if candidate % divisor == 0:
                prime = False
                break
            divisor += 1
        if prime:
            count += 1
    return count",21,82,81,0,0.0,True,0.07201596036505482,0.006854831241071224,0.21300909294032933,5.833292789569441,0.0728089964018434,0.006884762551635504,0.21547337425907445,5.897528708549316,0.9799056251843771,0.9992413520812988,0.9999361913881184,0.9259259259259259,0.8518518518518519,53,18,0.11945471151881293,0.12066672797298565,0.9876543209876543,0.6722906810900158
contains_target__nl__v3,contains_target,membership_test,nl,3,"Given a list of values and a target, determine whether the target occurs in the list.","Process the values one by one. If the current value equals the target, return true immediately. If the scan finishes without a match, return false.",22,30,29,0,0.0,True,0.42352179604125106,0.16281530261039734,0.49133154824092307,12.282132085196281,0.42699515974414554,0.16301384568214417,0.4960408341472728,12.382859632580221,0.842217029168688,0.9669503569602966,0.9996819167301573,0.6206896551724138,0.3448275862068966,8,4,0.42372693222763963,0.4262021921559998,0.9655172413793104,2.4785563875315746
square_values__nl__v3,square_values,element_transform,nl,3,"Given a list of numbers, create a list containing the square of each element.","Initialize an empty result list. Process each input number, multiply it by itself, and append the product to the result. Produce the result.",20,28,27,0,0.0,True,0.4141852815131036,0.30261173844337463,0.40101786175598403,11.183002600853797,0.4186875592061336,0.30311712622642517,0.4070657964840278,11.304564098565606,0.8425826330979665,0.9297207593917847,0.9996112651295133,0.5925925925925926,0.3333333333333333,6,3,0.31025073343278986,0.3150755626579317,0.9259259259259259,2.415710948539291
group_by_length__python__v3,group_by_length,grouping,python,3,"Given a list of strings, build a dictionary grouping strings by their length while preserving input order inside each group.","def group_by_length(result):
    element = {}
    for x in result:
        entry = len(x)
        if entry not in element:
            element[entry] = []
        element[entry].append(x)
    return element",26,47,46,0,0.0,True,0.24238297598657996,0.02593471296131611,0.4723138039754812,11.149616895382678,0.2526985454618546,0.028217732906341553,0.49382810642648634,11.624133091245312,0.9167493542899257,0.9967151582241058,0.9989020046980485,0.8478260869565217,0.6086956521739131,11,9,0.41479714094340225,0.42775131814673334,0.9347826086956522,1.4931616771333327
matrix_contains__nl__v1,matrix_contains,matrix_search,nl,1,"Given a matrix and a target value, determine whether the target occurs anywhere in the matrix.",Examine every row and every value within each row. Return true as soon as a value equals the target. Return false if the whole matrix is scanned without a match.,22,34,33,0,0.0,True,0.42428401637053786,0.24227750301361084,0.46109865403076217,14.001372540227749,0.4311441942640379,0.24606576561927795,0.4670035271776237,14.22775841071325,0.8585944600177534,0.9534658789634705,0.999406635761261,0.6363636363636364,0.3333333333333333,5,3,0.504820676587542,0.5106115866597634,0.9696969696969697,2.549397557671355
count_even__nl__v3,count_even,parity_count,nl,3,"Given a list of integers, count how many values are even.","Initialize a counter at zero. Process every integer. For any case in which the current value is even, increase the counter by one. Produce the counter after all values are processed.",17,36,35,0,0.0,True,0.5628223802894354,0.546482264995575,0.4185071980295378,19.69878331013024,0.5736012282382165,0.5499510765075684,0.43086164007051825,20.076042988337576,0.7931488922664097,0.8214210867881775,0.9990056531769889,0.37142857142857144,0.14285714285714285,2,2,0.521296945236185,0.5330785374321482,0.9142857142857143,2.830775656448012
fibonacci_nth__nl__v2,fibonacci_nth,fibonacci,nl,2,"Given a nonnegative integer n with F0 equal to zero and F1 equal to one, return Fn iteratively.","Begin with the pair zero and one. Repeat n times, replacing the pair with the second value and the sum of the two values. Output the first value.",28,32,31,0,0.0,True,0.8171479687875798,0.629045844078064,0.693099076641613,25.331587032414973,0.9337183054115984,0.6802537441253662,0.8538962115790482,28.94526746775955,0.7446132677216684,0.8534755706787109,0.9842344599385415,0.3548387096774194,0.16129032258064516,6,2,0.6003894253944357,0.748267826003333,0.9032258064516129,2.082144158939275
count_digits__nl__v3,count_digits,digit_count,nl,3,"Given a positive integer, count its decimal digits.","Initialize a counter at zero. While the number is positive, remove its last digit using integer division by ten and increase the counter by one. Produce the counter.",14,32,31,0,0.0,True,0.26289869575796937,0.06527197360992432,0.3348645304767907,8.14985956849705,0.26582825049709136,0.0655611976981163,0.3403056907079284,8.240675765409833,0.9061072007302315,0.9885023832321167,0.9997304293417162,0.6774193548387096,0.4838709677419355,5,5,0.30401173020266775,0.30912219648986744,0.9354838709677419,2.5390101756611623
count_odd__python__v2,count_odd,parity_count,python,2,"Given a list of integers, count how many values are odd.","def count_odd(current):
    item = 0
    for value in current:
        if value % 2 != 0:
            item += 1
    return item",17,36,35,0,0.0,True,0.2061773084856603,0.013282758183777332,0.38476765798644214,7.216205796998111,0.20786160954344918,0.013287096284329891,0.387900714856761,7.275156334020721,0.9104874082974025,0.9982895851135254,0.9998512744903565,0.7714285714285715,0.7142857142857143,9,9,0.32711211917493904,0.32961494293575766,0.9428571428571428,1.296109001563504
count_equal_neighbors__python__v3,count_equal_neighbors,adjacent_analysis,python,3,"Given a list, count how many adjacent pairs contain equal values.","def count_equal_neighbors(x):
    element = 0
    for entry in range(1, len(x)):
        if x[entry] == x[entry - 1]:
            element += 1
    return element",17,46,45,0,0.0,True,0.23533680769097473,0.03237275034189224,0.3142791659226865,10.590156346093863,0.23956573143012874,0.03251434117555618,0.3189406837419941,10.780457914355793,0.9115060461892022,0.9953387379646301,0.9996359215842353,0.7111111111111111,0.5333333333333333,7,5,0.2991521867754107,0.30023860383120005,0.9555555555555556,1.370389393500995
product_one_to_n__python__v1,product_one_to_n,factorial_product,python,1,"Given a positive integer n, compute the product of all integers from one through n.","def product_one_to_n(n):
    product = 1
    for value in range(1, n + 1):
        product *= value
    return product",21,34,33,0,0.0,True,0.06399491022073728,0.004318006802350283,0.20406660468430637,2.11183203728433,0.06430592620260238,0.004530609119683504,0.20493325217764294,2.1220955646858783,0.9810173132202842,0.9995755553245544,0.9999768047621755,0.9696969696969697,0.8787878787878788,25,13,0.11486651258337588,0.11522748147854145,0.9696969696969697,1.2903954993763695
are_disjoint__python__v1,are_disjoint,set_relation,python,1,"Given two collections, determine whether they have no value in common.","def are_disjoint(first, second):
    for value in first:
        if value in second:
            return False
    return True",17,27,26,0,0.0,True,0.2104036846982266,0.004277678788639605,0.5133630487942725,5.470495802153891,0.21409488954080957,0.004315895959734917,0.5225196218092414,5.566467128061049,0.9256943235030541,0.9995342195034027,0.9996232069455661,0.8846153846153846,0.7307692307692307,16,11,0.2390352005447494,0.2428605127200717,1.0,0.6360274911780266
reverse_integer__python__v3,reverse_integer,numeric_reverse,python,3,"Given a nonnegative integer, reverse the order of its decimal digits.","def reverse_integer(entry):
    x = 0
    while entry > 0:
        element = entry % 10
        x = x * 10 + element
        entry //= 10
    return x",18,48,47,0,0.0,True,0.10884547839671747,0.006282197777181864,0.2947488432648822,5.115737484645721,0.11049420627568221,0.006814137101173401,0.29884406108277284,5.193227694957064,0.9664402153897793,0.9992886185646057,0.99985578465969,0.8936170212765957,0.8085106382978723,19,15,0.21092071901895604,0.21409125212356483,0.9361702127659575,1.2388765685718972
clamp_values__python__v1,clamp_values,bounded_numeric_transform,python,1,"Given a list of numbers and lower and upper bounds, clamp each value into the inclusive interval.","def clamp_values(values, lower, upper):
    result = []
    for value in values:
        if value < lower:
            result.append(lower)
        elif value > upper:
            result.append(upper)
        else:
            result.append(value)
    return result",23,53,52,0,0.0,True,0.13454533968382082,0.0003898827562807128,0.39711808517890385,6.996357663558683,0.13678357321574944,0.0004118850774830207,0.40781984134298205,7.112745807218971,0.9491868340052091,0.9999685287475586,0.999697208404541,0.9038461538461539,0.8461538461538461,37,32,0.2241895956988753,0.22865981661871224,1.0,0.26005394958972816
flatten_lists__python__v2,flatten_lists,flatten_one_level,python,2,"Given a list of lists, flatten exactly one level into a single list.","def flatten_lists(value):
    current = []
    for item in value:
        for output in item:
            current.append(output)
    return current",19,29,28,0,0.0,True,0.16597143561063735,0.005942302756011486,0.40907857751802285,4.647200197097845,0.1680704805109729,0.006034604739397764,0.4132317733548622,4.705973454307241,0.9467249353017125,0.9993226826190948,0.9998013057879039,0.8928571428571429,0.8214285714285714,11,11,0.3054724445111653,0.3095171170086057,0.8928571428571429,2.5764565236414927
reverse_list__python__v2,reverse_list,reverse_sequence,python,2,"Given a list, create a new list containing the same values in reverse order.","def reverse_list(current):
    value = []
    for item in range(len(current) - 1, -1, -1):
        value.append(current[item])
    return value",20,36,35,0,0.0,True,0.11594026487279215,0.002114366041496396,0.23690590041493062,4.057909270547725,0.11678295199536219,0.0021210431586951017,0.23852474304895632,4.0874033198376765,0.967841534955161,0.9997975826263428,0.9999333075114659,0.8571428571428571,0.7428571428571429,17,17,0.21272564413665992,0.21391331686349452,0.9428571428571428,1.3854922889975918
numeric_palindrome__python__v3,numeric_palindrome,numeric_reverse,python,3,"Given a nonnegative integer, determine whether its decimal digits form a palindrome.","def numeric_palindrome(entry):
    x = entry
    result = 0
    while entry > 0:
        element = entry % 10
        result = result * 10 + element
        entry //= 10
    return x == result",19,56,55,0,0.0,True,0.16076591708990898,0.00763735082000494,0.3918835740719399,8.842125439944994,0.1678080208564464,0.007733811624348164,0.41894188958560885,9.22944114710455,0.9495047661391172,0.9991710186004639,0.9990954236550764,0.8545454545454545,0.7818181818181819,17,15,0.2918668269124722,0.30567398998287054,0.9272727272727272,1.774461086908737
invert_unique_map__python__v2,invert_unique_map,dictionary_transform,python,2,"Given a dictionary whose values are unique, return a new dictionary mapping each original value to its original key.","def invert_unique_map(value):
    current = {}
    for item, output in value.items():
        current[output] = item
    return current",25,30,29,0,0.0,True,0.29149519905431903,0.015034740790724754,0.44797974302240906,8.453360772575252,0.29849294411140925,0.01568928360939026,0.4580200583611085,8.656295379230869,0.8840388501512593,0.998146653175354,0.9993748294896093,0.7586206896551724,0.5862068965517241,15,9,0.3037692012304823,0.31109253079921473,0.8620689655172413,2.942168772585319
digit_product__python__v1,digit_product,digit_aggregate,python,1,"Given a positive integer, compute the product of its decimal digits.","def digit_product(number):
    product = 1
    while number > 0:
        product *= number % 10
        number //= 10
    return product",17,37,36,0,0.0,True,0.05769722171549331,0.0007291793881449848,0.20704407833320146,2.077099981757759,0.05772954778190357,0.0007577900832984596,0.20711851631852024,2.0782637201485286,0.9784909023178948,0.9999361634254456,0.999997980064816,0.9444444444444444,0.8888888888888888,22,9,0.11567166231932145,0.11571444732815694,1.0,0.8363550800759865
gcd_list__nl__v1,gcd_list,gcd_family,nl,1,"Given a non-empty list of nonnegative integers, compute the greatest common divisor of all values.","Use the first value as the current gcd. For each remaining value, repeatedly apply the Euclidean algorithm to combine it with the current gcd. Return the final gcd.",23,33,32,0,0.0,True,0.5241880856819989,0.49378378689289093,0.47926623467629426,16.774018741823966,0.5340023416465556,0.4944598376750946,0.49772775557933713,17.08807493268978,0.8150332840159535,0.8535857498645782,0.9989157412201166,0.46875,0.3125,5,4,0.4006804890175831,0.4065652371369182,0.875,2.4575151373200015
is_subset__python__v1,is_subset,set_relation,python,1,"Given two collections, determine whether every value in the first collection occurs in the second.","def is_subset(first, second):
    for value in first:
        if value not in second:
            return False
    return True",21,27,26,0,0.0,True,0.23394776946588536,0.0023814747110009193,0.5051298758143675,6.082642006113019,0.24870782720629975,0.0024015053641051054,0.5406763136799001,6.466403507363793,0.9214601436486611,0.9997608065605164,0.9982692966094384,0.8461538461538461,0.7692307692307693,17,17,0.27219199436716734,0.29391294765169734,1.0,0.38330406085727564
count_even__nl__v1,count_even,parity_count,nl,1,"Given a list of integers, count how many values are even.","Start a counter at zero. Examine every integer. Whenever the current value is even, increase the counter by one. Return the counter after all values are processed.",17,33,32,0,0.0,True,0.559769361250801,0.45682433247566223,0.5106464391642324,17.912619560025632,0.5710625622014049,0.46207401156425476,0.5322696836368395,18.274001990444958,0.7954357927665114,0.8795843124389648,0.9987959302961826,0.46875,0.125,3,2,0.5796034245361243,0.5984108169833499,0.96875,2.6220326951734023
insertion_sort_ascending__python__v2,insertion_sort_ascending,insertion_sort,python,2,"Given a list of numbers, sort it in ascending order using insertion sort and return the sorted copy.","def insertion_sort_ascending(counter):
    output = counter[:]
    for value in range(1, len(output)):
        item = output[value]
        current = value - 1
        while current >= 0 and output[current] > item:
            output[current + 1] = output[current]
            current -= 1
        output[current + 1] = item
    return output",24,80,79,0,0.0,True,0.12904648240271255,0.005146088544279337,0.3086829551885042,10.194672109814292,0.1334137254178295,0.005222919397056103,0.3257279197673241,10.539684308008532,0.9567126560060284,0.9994634985923767,0.9995045345040816,0.8734177215189873,0.7721518987341772,35,35,0.18852969028428282,0.19680308369311497,0.9493670886075949,0.9621424527087127
is_subset__nl__v2,is_subset,set_relation,nl,2,"Given two collections, determine whether every value in the first collection occurs in the second.","Inspect each value in the first collection. If any value is absent from the second collection, output false. Output true if every value is present.",21,29,28,0,0.0,True,0.4920146786607802,0.4220627248287201,0.47654830643187895,13.776411002501845,0.4971958656429446,0.42300108075141907,0.48324184230230577,13.92148423800245,0.8176439521568162,0.8828616440296173,0.9995536846773965,0.5,0.35714285714285715,4,3,0.45453518925717584,0.45764205559950183,1.0,1.603962719928729
merge_sorted_ascending__nl__v1,merge_sorted_ascending,merge_sorted,nl,1,"Given two lists sorted in ascending order, merge them into one ascending list.",Create an empty result and place one index at the start of each list. Repeatedly append the smaller current value and advance its index. Append any remaining values and return the result.,19,37,36,0,0.0,True,0.5923079110248687,0.5262227654457092,0.48582156470749965,21.323084796895273,0.6162586221034871,0.5304960906505585,0.5131171049977928,22.185310395725537,0.8008324081699053,0.8420641124248505,0.9974494990375307,0.3888888888888889,0.16666666666666666,3,2,0.5817572598412101,0.6095231780882127,0.9444444444444444,2.9308788842949474
list_palindrome__python__v3,list_palindrome,palindrome_test,python,3,"Given a list, determine whether its values read the same forward and backward.","def list_palindrome(x):
    element = 0
    entry = len(x) - 1
    while element < entry:
        if x[element] != x[entry]:
            return False
        element += 1
        entry -= 1
    return True",19,57,56,0,0.0,True,0.19044686565975358,0.007816382218152285,0.4267906882608724,10.6650244769462,0.2071453150720767,0.007977786473929882,0.4880617916070156,11.600137644036295,0.9404157565108368,0.9990993440151215,0.9976551021848407,0.8571428571428571,0.75,39,20,0.2990625742961129,0.3263094776237267,0.9285714285714286,0.9704580666541668
lcm_two__nl__v1,lcm_two,lcm_family,nl,1,"Given two positive integers, compute their least common multiple using their greatest common divisor.","Compute the greatest common divisor with the Euclidean algorithm, then divide one input by that gcd and multiply by the other input. Return the product.",20,29,28,0,0.0,True,0.5056944835939378,0.41234689950942993,0.5708523311234177,14.159445540630259,0.5211467187570763,0.41428089141845703,0.6177274193503429,14.592108125198138,0.8066615095095975,0.8992748558521271,0.9977744690009526,0.5,0.32142857142857145,4,3,0.6188458204377201,0.6489066571766334,1.0,2.341592448447435
transpose_matrix__nl__v2,transpose_matrix,matrix_transform,nl,2,"Given a non-empty rectangular matrix, return its transpose.","Build an empty result. For every column index, build a new row by taking that column value from each original row. Add each new row and output the result.",15,33,32,0,0.0,True,0.8409165394696174,0.7904152274131775,0.5889940883822484,26.909329263027757,0.9084053805709118,0.8130318820476532,0.6921257003290506,29.068972178269178,0.725011452101171,0.7808953821659088,0.9909909553825855,0.28125,0.0625,2,1,0.6805908296918196,0.7860939603358987,0.9375,2.836300216370546
string_palindrome__python__v1,string_palindrome,palindrome_test,python,1,"Given a string, determine whether it reads the same forward and backward.","def string_palindrome(text):
    left = 0
    right = len(text) - 1
    while left < right:
        if text[left] != text[right]:
            return False
        left += 1
        right -= 1
    return True",18,56,55,0,0.0,True,0.07070367233283253,0.0009613519650883973,0.23536924413465427,3.8887019783057895,0.07547037720340251,0.0009801433188840747,0.26650335720936097,4.150870746187138,0.9786811514334245,0.9999173879623413,0.9993993347341364,0.9454545454545454,0.8181818181818182,34,18,0.12300918184644581,0.13266097785324543,0.9818181818181818,0.6397379561515575
absolute_values__nl__v3,absolute_values,element_transform,nl,3,"Given a list of numbers, create a list containing the absolute value of each element.","Initialize an empty result list. Process each input number, compute its absolute value, and append that value to the result. Produce the result.",21,28,27,0,0.0,True,0.4265562993686116,0.4180813431739807,0.4150957057699677,11.517020082952513,0.42907817044572394,0.41854456067085266,0.4185699211152232,11.585110602034547,0.8413754657462791,0.8822706937789917,0.9997905161645677,0.48148148148148145,0.3333333333333333,5,3,0.3554561140319073,0.3579435781167166,0.9259259259259259,2.4437365519209178
first_negative_index__python__v2,first_negative_index,first_match_index,python,2,"Given a list of numbers, return the index of the first negative value, or minus one if none exists.","def first_negative_index(current):
    for item, value in enumerate(current):
        if value < 0:
            return item
    return -1",26,30,29,0,0.0,True,0.15641650171478275,0.011496905237436295,0.29686599356405874,4.5360785497287,0.15801943485718672,0.01159488782286644,0.30018398607901053,4.582563610858415,0.9465613303513363,0.998599112033844,0.9998668288362438,0.8620689655172413,0.7241379310344828,19,19,0.1891348524354076,0.19156078344498642,0.9655172413793104,1.636578487284541
ordered_intersection__python__v3,ordered_intersection,ordered_intersection,python,3,"Given two lists, return values from the first list that also occur in the second list, preserving duplicates and order from the first list.","def ordered_intersection(element, x):
    entry = []
    for result in element:
        if result in x:
            entry.append(result)
    return entry",31,31,30,0,0.0,True,0.2501821220697214,0.017296147532761097,0.4109966671511557,7.505463662091643,0.2640373133782608,0.017674041911959648,0.43184045326243514,7.921119401347823,0.9239920198917388,0.9977725148200989,0.9986359417438507,0.7666666666666667,0.6333333333333333,17,17,0.3164553681733729,0.3346650775377478,0.8333333333333334,2.8164178118602043
filter_nonnegative__python__v1,filter_nonnegative,sign_filter,python,1,"Given a list of numbers, create a new list containing only values greater than or equal to zero.","def filter_nonnegative(values):
    result = []
    for value in values:
        if value >= 0:
            result.append(value)
    return result",24,31,30,0,0.0,True,0.2280753351677049,0.0033875706139951944,0.4465290696495731,6.842260055031147,0.2398559067945674,0.003465451765805483,0.4748390600071834,7.195677203837022,0.9218043963114421,0.9996438324451447,0.9985660413901011,0.8,0.7,18,10,0.32315050216920066,0.3366271050493918,0.9666666666666667,1.1618388454129056
scan_max__nl__v3,scan_max,scan_extremum,nl,3,"Given a non-empty list of numbers, find the largest value by scanning the list once.","Set the first value as the current maximum. Process each remaining value. If a value is larger than the current maximum, replace the current maximum with it. Produce the current maximum after the scan.",22,39,38,0,0.0,True,0.4278680192135078,0.3327647000551224,0.3856367052671886,16.258984730113298,0.42956499943178833,0.3342711925506592,0.3865769410021198,16.323469978407957,0.8361995377038655,0.9290710985660553,0.9998651617451718,0.5789473684210527,0.21052631578947367,5,1,0.42996642111825784,0.43120609039465924,0.9473684210526315,1.9286809126974014
contains_target__python__v3,contains_target,membership_test,python,3,"Given a list of values and a target, determine whether the target occurs in the list.","def contains_target(x, element):
    for entry in x:
        if entry == element:
            return True
    return False",22,26,25,0,0.0,True,0.20672074918897124,0.005153255071491003,0.3921093045007869,5.168018729724281,0.21161219757173966,0.005196758080273867,0.40254472101687677,5.290304939293492,0.9356202626228333,0.9994099140167236,0.9995193576812744,0.8,0.68,16,16,0.18636789087698466,0.19240788646599563,0.88,2.0788536049761706
insertion_sort_ascending__python__v1,insertion_sort_ascending,insertion_sort,python,1,"Given a list of numbers, sort it in ascending order using insertion sort and return the sorted copy.","def insertion_sort_ascending(values):
    result = values[:]
    for index in range(1, len(result)):
        current = result[index]
        position = index - 1
        while position >= 0 and result[position] > current:
            result[position + 1] = result[position]
            position -= 1
        result[position + 1] = current
    return result",24,80,79,0,0.0,True,0.06857457010366698,0.0014378555351868272,0.16828278937286695,5.417391038189692,0.06891051120484264,0.0014862463576719165,0.16905860737659845,5.443930385182568,0.9794001451021508,0.9998769164085388,0.9999743903739543,0.9367088607594937,0.8354430379746836,35,35,0.1071847645009522,0.1075680722360499,0.9746835443037974,0.8229490339158445
chunks_pairs__python__v2,chunks_pairs,chunking,python,2,"Given a list, split it into consecutive chunks containing at most two elements.","def chunks_pairs(current):
    item = []
    for value in range(0, len(current), 2):
        item.append(current[value:value + 2])
    return item",19,36,35,0,0.0,True,0.2674339246684602,0.0603669174015522,0.4508770810123141,9.360187363396108,0.2780054635416101,0.06106846034526825,0.4790067236544196,9.730191223956353,0.9173083126544952,0.9911892414093018,0.998661310332162,0.7714285714285715,0.5142857142857142,8,4,0.4026414782381514,0.4214268078216906,0.9142857142857143,2.235643879365346
matrix_row_sums__nl__v3,matrix_row_sums,matrix_aggregate,nl,3,"Given a matrix of numbers, return a list containing the sum of each row.","Initialize an empty result list. For each row, start a row total at zero, add every value in the row, and append the row total. Produce the result.",20,34,33,0,0.0,True,0.48869380455069017,0.37733060121536255,0.46986050106574495,16.126895550172776,0.4941636067603461,0.3904873728752136,0.47654864837184163,16.30739902309142,0.8229246527859659,0.9074004888534546,0.9995023535959648,0.5454545454545454,0.2727272727272727,4,3,0.4597061063395813,0.4655923832760891,0.9393939393939394,2.8504884979576506
insertion_sort_ascending__nl__v3,insertion_sort_ascending,insertion_sort,nl,3,"Given a list of numbers, sort it in ascending order using insertion sort and return the sorted copy.","Copy the list. Starting with the second element, shift larger earlier values one position right until the current value can be inserted in order. Produce the copy.",24,31,30,0,0.0,True,0.5796761061685781,0.4239157438278198,0.5126122746276236,17.390283185057342,0.6015048305038363,0.4272320419549942,0.5404872324375606,18.04514491511509,0.8233571946620941,0.8915115594863892,0.9975567042827607,0.4666666666666667,0.16666666666666666,5,2,0.5312170710350419,0.5664987671991875,0.8666666666666667,4.00633271188708
keep_letters__nl__v2,keep_letters,string_filter,nl,2,"Given a string, return a new string containing only alphabetic characters.","Begin with an empty result string. Inspect each character. If it is alphabetic, add it to the result. Output the result.",18,28,27,0,0.0,True,0.38408742746644375,0.18759188055992126,0.39268924061680816,10.370360541593982,0.3894862138749212,0.18857234716415405,0.40079459535763545,10.516127774622873,0.8621763741528546,0.9593666791915894,0.9995133302829884,0.5925925925925926,0.3333333333333333,5,3,0.40403767592999007,0.41259394943279826,0.9259259259259259,1.8531667059530634
dedupe_last__python__v2,dedupe_last,deduplication,python,2,"Given a list, remove duplicate values while keeping the last occurrence of each value and preserving the order of those kept occurrences.","def dedupe_last(current):
    item = []
    for value in reversed(current):
        if value not in item:
            item.append(value)
    item.reverse()
    return item",28,36,35,0,0.0,True,0.27146805950207764,0.00697693508118391,0.5044910806332878,9.501382082572718,0.296130562505875,0.0070504299364984035,0.5742290638584238,10.364569687705625,0.9158311511789049,0.9992379546165466,0.9967762606484549,0.8,0.6285714285714286,20,15,0.27292317992336235,0.30762888805566035,0.9428571428571428,1.6110320503786493
bubble_sort_ascending__nl__v2,bubble_sort_ascending,bubble_sort,nl,2,"Given a list of numbers, sort it in ascending order using bubble sort and return the sorted copy.","Copy the input list. Repeatedly scan adjacent pairs and swap them when the left value is greater than the right value. After enough passes, output the copy.",24,33,32,0,0.0,True,0.5407288722503836,0.30517324805259705,0.5257477124724206,17.303323912012274,0.5653351237915558,0.3101879954338074,0.5619807565199189,18.090723961329786,0.8250025361776352,0.9309600293636322,0.9972188267856836,0.5625,0.28125,4,3,0.594087600104338,0.6273098231251952,0.875,2.9252224525081942
selection_sort_ascending__python__v3,selection_sort_ascending,selection_sort,python,3,"Given a list of numbers, sort it in ascending order using selection sort and return the sorted copy.","def selection_sort_ascending(n_count):
    result = n_count[:]
    for x in range(len(result)):
        element = x
        for entry in range(x + 1, len(result)):
            if result[entry] < result[element]:
                element = entry
        result[x], result[element] = result[element], result[x]
    return result",24,72,71,0,0.0,True,0.13178179859934017,0.013660628348588943,0.2958967247700778,9.356507700553152,0.13628745756051572,0.01538928784430027,0.30938392011950294,9.676409486796615,0.963588943783666,0.998448371887207,0.9995389589121644,0.8873239436619719,0.7183098591549296,28,15,0.20544206261636191,0.21308482842289972,0.9295774647887324,1.3726855932399316
frequency_map_chars__nl__v1,frequency_map_chars,frequency_map,nl,1,"Given a string, build a dictionary mapping each character to its occurrence count.","Start with an empty dictionary. Examine each character. If it is already a key, increase its count; otherwise create the key with count one. Return the dictionary.",19,34,33,0,0.0,True,0.5465812324546278,0.5691268444061279,0.5219588398767144,18.037180671002716,0.5767411788586866,0.5942453145980835,0.6240132381679754,19.032458902336657,0.7971431102716562,0.8633203506469727,0.994857188427087,0.42424242424242425,0.24242424242424243,4,2,0.5041129865858238,0.5612578279396985,0.9696969696969697,2.3325795978069603
binary_to_integer__nl__v3,binary_to_integer,base_conversion,nl,3,"Given a string of binary digits, convert it to a nonnegative integer.","Initialize the result at zero. Process the digits from left to right, doubling the result and adding the numeric value of the current digit. Produce the result.",19,31,30,0,0.0,True,0.5797599672921934,0.6238009929656982,0.48768706705534437,17.3927990187658,0.5999091802203718,0.6438914835453033,0.5201034332716525,17.997275406611152,0.7985602498054505,0.8206149339675903,0.997758396466573,0.4666666666666667,0.16666666666666666,4,2,0.5834766633182379,0.6174343794760905,0.9666666666666667,2.355337488637694
filter_negative__nl__v2,filter_negative,sign_filter,nl,2,"Given a list of numbers, create a new list containing only negative values.","Begin with an empty result list. Inspect every number. If a number is less than zero, add it to the result. Output the result after processing the input.",19,34,33,0,0.0,True,0.39689661720132624,0.17769545316696167,0.475819203599808,13.097588367643766,0.41094364598746214,0.18399488925933838,0.5077806697522682,13.56114031758625,0.8518635919599822,0.9688075184822083,0.9983898636066553,0.6363636363636364,0.42424242424242425,5,4,0.5434406732747448,0.5700501919418457,0.9393939393939394,2.2452782520521204
first_even_index__nl__v1,first_even_index,first_match_index,nl,1,"Given a list of integers, return the index of the first even value, or minus one if none exists.","Examine the list from the beginning while tracking the current index. When an even value is encountered, return its index. If the end is reached with no match, return minus one.",26,37,36,0,0.0,True,0.4826676003221009,0.27540622651576996,0.5249622057966885,17.37603361159563,0.4923161111396944,0.28074462711811066,0.5413855957815304,17.723380001029,0.8266925236417187,0.9402059614658356,0.9990006850825416,0.5555555555555556,0.25,7,2,0.45550064934151513,0.4693775148397045,0.9722222222222222,1.9409761351352144
least_frequent__nl__v1,least_frequent,mode_selection,nl,1,"Given a non-empty list, return a value with the lowest occurrence count, choosing the first such value on ties.",Build occurrence counts. Then scan the original list while tracking the best value and lowest count seen. Replace the best only when a strictly lower count is found. Return the best value.,27,36,35,0,0.0,True,0.8826521656076823,0.8571876883506775,0.6889385847159171,30.89282579626888,0.9665024853444525,0.8586231470108032,0.8193989413510968,33.82758698705584,0.6935081652232579,0.6801707148551941,0.9876889995166234,0.3142857142857143,0.08571428571428572,3,1,0.7602832440615577,0.8523143121753546,0.9142857142857143,2.8188242498585687
digit_sum__nl__v1,digit_sum,digit_aggregate,nl,1,"Given a nonnegative integer, compute the sum of its decimal digits.","Start a total at zero. While the number is positive, add its last decimal digit to the total and remove that digit using integer division by ten. Return the total.",18,34,33,0,0.0,True,0.2604930341758793,0.05400628596544266,0.374998967406874,8.596270127804019,0.26672205895319523,0.054142747074365616,0.3852463041708999,8.801827945455443,0.9106400301962188,0.9919123649597168,0.9994276454954436,0.7272727272727273,0.5151515151515151,8,5,0.3415398597062449,0.350873798259272,1.0,2.5123497710846454
minmax_normalize__nl__v2,minmax_normalize,bounded_numeric_transform,nl,2,"Given a non-empty list of numbers with distinct minimum and maximum values, scale each value into the interval from zero to one using min-max normalization.","Find the minimum and maximum values. Build an empty result list. For each value, subtract the minimum and divide by the difference between maximum and minimum, then add the result. Output the list.",33,39,38,0,0.0,True,0.530097996105293,0.4790271669626236,0.529006977504331,20.14372385200113,0.5619654988465634,0.48004114627838135,0.6195477632002659,21.35468895616941,0.8108016566226357,0.8810174763202667,0.9954572006275779,0.4473684210526316,0.21052631578947367,3,2,0.6756751025347291,0.7357613054305516,0.9736842105263158,2.173607205521349
count_words__nl__v1,count_words,word_count,nl,1,"Given a string containing words separated by whitespace, count the words.",Split the string on whitespace and return the number of resulting words.,17,13,12,0,0.0,True,0.3906252453743946,0.27818115800619125,0.42670573459330796,4.687502944492735,0.399901813090158,0.2811942882835865,0.44179603229445763,4.798821757081896,0.8971380988756815,0.9506269693374634,0.999067023396492,0.5833333333333334,0.4166666666666667,3,3,0.43908184180459514,0.45386466731063346,1.0,1.8590335692751978
fibonacci_first_n__nl__v2,fibonacci_first_n,fibonacci,nl,2,"Given a nonnegative integer n, return the first n Fibonacci values starting with zero and one.","Begin with zero and one and an empty result list. Repeat n times, add the current first value, then replace the pair with the second value and their sum. Output the result.",23,37,36,0,0.0,True,0.8287571559776552,0.6825310587882996,0.6200999937509307,29.835257615195587,0.8996312792619897,0.6980267763137817,0.7282266359649366,32.38672605343163,0.7115114107728004,0.8164525330066681,0.9903596457507875,0.3055555555555556,0.05555555555555555,4,1,0.7127650284740542,0.8257997469178268,0.9166666666666666,2.866446055852672
rotate_left_one__nl__v1,rotate_left_one,rotation,nl,1,"Given a non-empty list, rotate it left by one position.","Create an empty result list. Append every element except the first in original order, then append the original first element. Return the result.",17,27,26,0,0.0,True,0.5674077452590259,0.2640972286462784,0.6338036806687478,14.752601376734674,0.5869808476060056,0.26509295403957367,0.6759142623365315,15.261502037756145,0.8012654105058084,0.9338171482086182,0.9974248019548563,0.5384615384615384,0.23076923076923078,4,2,0.6674904774874448,0.7032480796426535,0.9615384615384616,2.6592894000753473
count_equal_neighbors__python__v2,count_equal_neighbors,adjacent_analysis,python,2,"Given a list, count how many adjacent pairs contain equal values.","def count_equal_neighbors(current):
    item = 0
    for value in range(1, len(current)):
        if current[value] == current[value - 1]:
            item += 1
    return item",17,44,43,0,0.0,True,0.20739716609843822,0.045440346002578735,0.29333535543034545,8.918078142232844,0.2102090519359525,0.04547949507832527,0.2961727389108895,9.038989233245957,0.929320681926816,0.9926053881645203,0.9997638879820357,0.7441860465116279,0.5813953488372093,8,5,0.2392224660413506,0.2426336166882677,0.9534883720930233,1.3503037495548744
moving_average_three__python__v3,moving_average_three,sliding_window,python,3,"Given a list of numbers, return the average of every consecutive window of three values.","def moving_average_three(result):
    x = []
    for entry in range(len(result) - 2):
        element = (result[entry] + result[entry + 1] + result[entry + 2]) / 3
        x.append(element)
    return x",21,58,57,0,0.0,True,0.1845659575342404,0.009964648634195328,0.32764227653137196,10.520259579451704,0.18875235247739047,0.011124476790428162,0.3345292909603809,10.758884091211257,0.9292031557936418,0.9989101886749268,0.99960829605136,0.8245614035087719,0.6842105263157895,12,12,0.22488216130461428,0.23001960626772547,0.9473684210526315,1.331673173021623
matrix_contains__python__v1,matrix_contains,matrix_search,python,1,"Given a matrix and a target value, determine whether the target occurs anywhere in the matrix.","def matrix_contains(matrix, target):
    for row in matrix:
        for value in row:
            if value == target:
                return True
    return False",22,32,31,0,0.0,True,0.21093422252773697,0.0012761291582137346,0.46085900367727295,6.538960898359846,0.21455564681476122,0.0012858724221587181,0.46776866878963963,6.651225051257597,0.9230968562826034,0.9998910427093506,0.9996567233916251,0.8064516129032258,0.7419354838709677,16,16,0.24094115375711833,0.2422739769542659,1.0,0.33176892883476455
first_negative_index__nl__v3,first_negative_index,first_match_index,nl,3,"Given a list of numbers, return the index of the first negative value, or minus one if none exists.","Process the list from the beginning while tracking the current index. Whenever a negative value is encountered, return its index. If the end is reached with no match, return minus one.",26,36,35,0,0.0,True,0.5448978065246982,0.5028940439224243,0.5060967859254797,19.071423228364438,0.5625141831913165,0.5040795207023621,0.5335178234813948,19.687996411696076,0.8199358114174434,0.8653110265731812,0.9981761387416295,0.45714285714285713,0.22857142857142856,5,1,0.5787055722766501,0.6044527571648359,0.9714285714285714,1.811151988817645
main_diagonal_sum__python__v2,main_diagonal_sum,diagonal_aggregate,python,2,"Given a square matrix, calculate the sum of its main diagonal.","def main_diagonal_sum(value):
    current = 0
    for item in range(len(value)):
        current += value[item][item]
    return current",17,32,31,0,0.0,True,0.11760041303281352,0.010525770485401154,0.31168102870148595,3.645612804017219,0.11929409426534955,0.010670432820916176,0.31716244224762646,3.698116922225836,0.9583442163082861,0.9986959099769592,0.9998343606148997,0.9032258064516129,0.7096774193548387,22,9,0.14921892126573463,0.1519324261589342,0.9032258064516129,1.5110635798378043
frequency_map_items__python__v2,frequency_map_items,frequency_map,python,2,"Given a list of hashable values, build a dictionary mapping each value to its occurrence count.","def frequency_map_items(current):
    item = {}
    for value in current:
        if value in item:
            item[value] += 1
        else:
            item[value] = 1
    return item",23,44,43,0,0.0,True,0.2217023143819376,0.005660847760736942,0.46951784393316576,9.533199518423316,0.2289802550320886,0.006006685551255941,0.4858557354056986,9.84615096637981,0.9246923542299936,0.9993923306465149,0.999210282813671,0.8372093023255814,0.7209302325581395,16,16,0.30185845398353284,0.3130451394735073,0.9302325581395349,1.434797399778776
list_palindrome__python__v1,list_palindrome,palindrome_test,python,1,"Given a list, determine whether its values read the same forward and backward.","def list_palindrome(values):
    left = 0
    right = len(values) - 1
    while left < right:
        if values[left] != values[right]:
            return False
        left += 1
        right -= 1
    return True",19,56,55,0,0.0,True,0.0974876451138698,0.0017334579024463892,0.283725023599601,5.361820481262839,0.10073379835440309,0.0017680212622508407,0.2989704239726515,5.54035890949217,0.9695444193753329,0.9998274445533752,0.999624980579723,0.9272727272727272,0.8,34,18,0.14434527339647132,0.1502071738919026,0.9818181818181818,0.5126878114871601
matrix_row_sums__nl__v2,matrix_row_sums,matrix_aggregate,nl,2,"Given a matrix of numbers, return a list containing the sum of each row.","Build an empty result list. For each row, start a row total at zero, add every value in the row, and add the row total. Output the result.",20,34,33,0,0.0,True,0.5640554054866008,0.5746036767959595,0.48015063204173486,18.61382838105783,0.5774191499998172,0.574985682964325,0.49237603698124305,19.054831949993968,0.7861545573581349,0.8735752105712891,0.9986312985420227,0.42424242424242425,0.24242424242424243,4,3,0.48321359607507475,0.49828106502536684,0.9393939393939394,3.0976123036569776
ordered_unique_intersection__nl__v1,ordered_unique_intersection,ordered_intersection,nl,1,"Given two lists, return distinct values from the first list that also occur in the second list, preserving first-list order.","Create an empty result. Examine each value in the first list. If it occurs in the second list and is not already in the result, append it. Return the result.",28,36,35,0,0.0,True,0.4069627235643566,0.208242267370224,0.5494526393958133,14.24369532475248,0.429768680781126,0.21077345311641693,0.6174637033685424,15.04190382733941,0.8691927977970668,0.9614454507827759,0.9968216061592102,0.6571428571428571,0.4,7,4,0.5749952612883028,0.6168723191298983,0.9714285714285714,1.5944203946897428
least_frequent__python__v2,least_frequent,mode_selection,python,2,"Given a non-empty list, return a value with the lowest occurrence count, choosing the first such value on ties.","def least_frequent(output):
    value = {}
    for current in output:
        value[current] = value.get(current, 0) + 1
    item = output[0]
    for current in output:
        if value[current] < value[item]:
            item = current
    return item",27,62,61,0,0.0,True,0.2519735453737607,0.011611983180046082,0.45109413684728,15.370386267799404,0.26098221662204063,0.011836602352559566,0.4734480473516377,15.919915213944478,0.9178162153627052,0.9987295866012573,0.9990082519953368,0.8032786885245902,0.6065573770491803,20,10,0.3439712434374087,0.3568951504321376,0.9344262295081968,1.2562277615862236
reverse_string__nl__v3,reverse_string,reverse_sequence,nl,3,"Given a string, create a new string containing the same characters in reverse order.",Initialize with an empty result string. Process the input from the last position to the first and append each character to the result. Produce the result.,20,29,28,0,0.0,True,0.3992631996529131,0.16983286291360855,0.4070368786949611,11.179369590281567,0.40754342051046216,0.17377998679876328,0.41741044137794503,11.411215774292941,0.8602819293737411,0.9718599021434784,0.999206223658153,0.5357142857142857,0.35714285714285715,5,4,0.3713085169497558,0.3783718905275843,0.9642857142857143,2.8694950311348424
minmax_normalize__python__v2,minmax_normalize,bounded_numeric_transform,python,2,"Given a non-empty list of numbers with distinct minimum and maximum values, scale each value into the interval from zero to one using min-max normalization.","def minmax_normalize(counter):
    value = min(counter)
    item = max(counter)
    current = []
    for output in counter:
        current.append((output - value) / (item - value))
    return current",33,45,44,0,0.0,True,0.3706533145539817,0.020712152123451233,0.5683056582622394,16.308745840375195,0.3991191305608068,0.02085796371102333,0.6235078058546907,17.5612417446755,0.8841052170504223,0.9973104298114777,0.9963157881389965,0.7045454545454546,0.5681818181818182,9,9,0.5627111631349476,0.6125668191271807,0.8863636363636364,2.0297843587169484
frequency_map_chars__nl__v3,frequency_map_chars,frequency_map,nl,3,"Given a string, build a dictionary mapping each character to its occurrence count.","Initialize with an empty dictionary. Process each character. If it is already a key, increase its count; otherwise create the key with count one. Produce the dictionary.",19,33,32,0,0.0,True,0.6643431101547321,0.6792311072349548,0.49455376429300985,21.258979524951428,0.6961177372977545,0.680256187915802,0.5865353325156617,22.275767593528144,0.7410365198738873,0.751515656709671,0.9952188283205032,0.28125,0.125,2,1,0.5452527243103231,0.6013337768569228,0.90625,2.708496047780045
minmax_normalize__nl__v1,minmax_normalize,bounded_numeric_transform,nl,1,"Given a non-empty list of numbers with distinct minimum and maximum values, scale each value into the interval from zero to one using min-max normalization.","Find the minimum and maximum values. Create an empty result list. For each value, subtract the minimum and divide by the difference between maximum and minimum, then append the result. Return the list.",33,39,38,0,0.0,True,0.43720894026888635,0.30210933089256287,0.40438673820156606,16.61393973021768,0.4456498621668863,0.30288948118686676,0.4143850755311693,16.934694762341678,0.8411140888929367,0.9259975850582123,0.999223508332905,0.5263157894736842,0.23684210526315788,4,2,0.5420839917040556,0.5558900841687983,1.0,1.6480037925361295
merge_sorted_ascending__python__v1,merge_sorted_ascending,merge_sorted,python,1,"Given two lists sorted in ascending order, merge them into one ascending list.","def merge_sorted_ascending(left_values, right_values):
    result = []
    i = 0
    j = 0
    while i < len(left_values) and j < len(right_values):
        if left_values[i] <= right_values[j]:
            result.append(left_values[i])
            i += 1
        else:
            result.append(right_values[j])
            j += 1
    result.extend(left_values[i:])
    result.extend(right_values[j:])
    return result",19,99,98,0,0.0,True,0.09311357192419396,0.0004987407883163542,0.2615118078906457,9.125130048571009,0.09465081299699286,0.0005160955479368567,0.2689463443991074,9.275779673705301,0.9688810584496479,0.9999566078186035,0.999845948146314,0.9081632653061225,0.826530612244898,64,34,0.12706022006557421,0.12972959802467832,0.9795918367346939,0.5688887424011584
count_divisors__python__v1,count_divisors,divisors,python,1,"Given a positive integer n, count its positive divisors.","def count_divisors(n):
    count = 0
    for divisor in range(1, n + 1):
        if n % divisor == 0:
            count += 1
    return count",16,43,42,0,0.0,True,0.04840028445195934,0.0007979268848430365,0.15916391179916398,2.0328119469822923,0.048433655830801094,0.0007988239522092044,0.15921739020167477,2.034213544893646,0.9831373989582062,0.9999257922172546,0.9999980018252418,0.9523809523809523,0.9047619047619048,21,15,0.09581078477292133,0.09586351161769704,1.0,0.30803357443511237
reverse_list__python__v3,reverse_list,reverse_sequence,python,3,"Given a list, create a new list containing the same values in reverse order.","def reverse_list(x):
    entry = []
    for element in range(len(x) - 1, -1, -1):
        entry.append(x[element])
    return entry",20,36,35,0,0.0,True,0.1541155834446272,0.006422683596611023,0.3615771411660513,5.394045420561952,0.15766566400517865,0.006529220379889011,0.370076550724972,5.518298240181252,0.9509562356131417,0.9993118047714233,0.9996694462639945,0.8571428571428571,0.7714285714285715,17,17,0.2929830361123122,0.2983581186268392,0.9428571428571428,1.2213266703031225
dedupe_first__python__v1,dedupe_first,deduplication,python,1,"Given a list, remove duplicate values while keeping the first occurrence of each value.","def dedupe_first(values):
    result = []
    for value in values:
        if value not in result:
            result.append(value)
    return result",20,31,30,0,0.0,True,0.13789986260073117,0.0021936340490356088,0.2846114320270035,4.136995878021935,0.14450968163637298,0.0022347347112372518,0.3031816690517328,4.33529044909119,0.9591859539349874,0.9997917115688324,0.9993254125118256,0.8333333333333334,0.7666666666666667,18,18,0.1419474637653146,0.1513769758777675,0.9666666666666667,1.1350160497452388
matrix_find_position__python__v2,matrix_find_position,matrix_search,python,2,"Given a matrix and a target value, return the row and column of the first occurrence in row-major order, or minus one for both if absent.","def matrix_find_position(value, output):
    for current in range(len(value)):
        for item in range(len(value[current])):
            if value[current][item] == output:
                return current, item
    return -1, -1",34,48,47,0,0.0,True,0.28350279669463446,0.025678299367427826,0.4582770984917694,13.324631444647821,0.3021087265758282,0.026273589581251144,0.5074166946337307,14.199110149063927,0.9015284282095889,0.9966692328453064,0.9977823889001887,0.7659574468085106,0.5531914893617021,11,10,0.3530216716628828,0.3801338244998276,0.9148936170212766,1.9211048009543263
scan_min__nl__v1,scan_min,scan_extremum,nl,1,"Given a non-empty list of numbers, find the smallest value by scanning the list once.","Use the first value as the current minimum. Examine each remaining value. If a value is smaller than the current minimum, replace the current minimum with it. Return the current minimum after the scan.",22,40,39,0,0.0,True,0.5307613239348985,0.4524075388908386,0.49454970087445715,20.699691633461043,0.5415213767630167,0.46276718378067017,0.5047405237853149,21.119333693757653,0.8193006889942365,0.88467937707901,0.9989686440198849,0.48717948717948717,0.23076923076923078,8,2,0.5211649737688467,0.5316935182598076,0.9743589743589743,1.620669126965834
count_odd__nl__v3,count_odd,parity_count,nl,3,"Given a list of integers, count how many values are odd.","Initialize a counter at zero. Process every integer. For any case in which the current value is odd, increase the counter by one. Produce the counter after all values are processed.",17,36,35,0,0.0,True,0.5270802804534989,0.4706491231918335,0.38526490856771795,18.44780981587246,0.5347554010871266,0.4756234288215637,0.39259125399026623,18.71643903804943,0.8078513971396855,0.8489071130752563,0.9993217621530806,0.37142857142857144,0.14285714285714285,2,2,0.49509821544565696,0.5030659465940998,0.9142857142857143,2.91090923069943
matrix_column_sums__nl__v2,matrix_column_sums,matrix_aggregate,nl,2,"Given a non-empty rectangular matrix of numbers, return a list containing the sum of each column.","Build an empty result list. For each column index, start a total at zero, add that column's value from every row, and add the total. Output the result.",23,35,34,0,0.0,True,0.6600679537719664,0.6648800075054169,0.5044387315496347,22.442310428246856,0.6802083224414245,0.6691188812255859,0.5565266877594881,23.127082963008434,0.7569402285358485,0.7910999059677124,0.9970928903888253,0.38235294117647056,0.08823529411764706,2,1,0.565441380057371,0.6001168495947213,0.9705882352941176,3.288335352017277
is_prime__nl__v2,is_prime,primality,nl,2,"Given an integer n, determine whether it is prime.",Output false for values below two. Test divisors starting at two while the divisor squared is no greater than n. Output false if any divisor divides n exactly; otherwise output true.,15,36,35,0,0.0,True,0.6184583877046992,0.6667442321777344,0.5159572227050567,21.64604356966447,0.6475348333054821,0.671245276927948,0.5593752766234784,22.663719165691873,0.7734797894954681,0.815141499042511,0.9968054073197501,0.4,0.17142857142857143,2,2,0.570197614190607,0.6091731552476309,0.8857142857142857,3.5261199603717874
adjacent_differences__python__v1,adjacent_differences,adjacent_transform,python,1,"Given a list of numbers, create a list of differences between each value and its predecessor.","def adjacent_differences(values):
    result = []
    for index in range(1, len(values)):
        result.append(values[index] - values[index - 1])
    return result",22,37,36,0,0.0,True,0.1519965823970324,0.0014179506106302142,0.2919622547752135,5.471876966293166,0.15250150254417527,0.0014326514792628586,0.29287460552166317,5.490054091590309,0.9463221695688036,0.9998681545257568,0.9999604903989368,0.8333333333333334,0.7222222222222222,14,7,0.24739149190162216,0.24778381734448496,0.9722222222222222,1.115177264198449
partition_by_threshold__nl__v2,partition_by_threshold,partition,nl,2,"Given a list of numbers and a threshold, return two lists: values below the threshold and values at least the threshold, preserving order.",Build two empty result lists. Inspect each number and add it to the below-threshold list or the other list according to the comparison. Output both lists.,31,32,31,0,0.0,True,0.5036819118315414,0.3421759307384491,0.4646434415586754,15.614139266777784,0.5244474754435942,0.3518518805503845,0.4929695466899019,16.25787173875142,0.8262776319057711,0.9251611232757568,0.9979449779756607,0.5161290322580645,0.22580645161290322,4,2,0.490165073890239,0.5175137779287373,0.9354838709677419,2.7955926771258333
flatten_lists__python__v3,flatten_lists,flatten_one_level,python,3,"Given a list of lists, flatten exactly one level into a single list.","def flatten_lists(entry):
    x = []
    for element in entry:
        for result in element:
            x.append(result)
    return x",19,29,28,0,0.0,True,0.1542940589222001,0.007818805053830147,0.35875660915011537,4.320233649821603,0.1624443424495569,0.007949080551043153,0.38182638171968447,4.548441588587593,0.9567584352833884,0.9990824460983276,0.9990858605929783,0.8928571428571429,0.7857142857142857,11,11,0.2890828785559818,0.3054788265726529,0.8928571428571429,2.395457196081842
adjacent_differences__nl__v2,adjacent_differences,adjacent_transform,nl,2,"Given a list of numbers, create a list of differences between each value and its predecessor.","Build an empty result list. Starting with the second input value, subtract the preceding value from the current value and add the difference. Output the result.",22,30,29,0,0.0,True,0.5666335403341157,0.5085300803184509,0.4495017497083027,16.432372669689357,0.5889193814906195,0.5145429372787476,0.5037481791124414,17.078662063227966,0.81605889879424,0.8706027865409851,0.9971885105659222,0.41379310344827586,0.13793103448275862,3,1,0.561303459440491,0.600873104479563,0.9655172413793104,2.4206066227684615
selection_sort_descending__python__v2,selection_sort_descending,selection_sort,python,2,"Given a list of numbers, sort it in descending order using selection sort and return the sorted copy.","def selection_sort_descending(counter):
    output = counter[:]
    for current in range(len(output)):
        item = current
        for value in range(current + 1, len(output)):
            if output[value] > output[item]:
                item = value
        output[current], output[item] = output[item], output[current]
    return output",24,69,68,0,0.0,True,0.14756761940981444,0.007917473558336496,0.31197775872341116,10.034598119867383,0.1510700097338646,0.008342779707163572,0.3221630407448648,10.272760661902794,0.9523107453304178,0.9991270899772644,0.9996589387164396,0.8823529411764706,0.7058823529411765,37,20,0.19206371653492046,0.1977983813725478,0.9264705882352942,1.1617505246712592
list_palindrome__python__v2,list_palindrome,palindrome_test,python,2,"Given a list, determine whether its values read the same forward and backward.","def list_palindrome(current):
    item = 0
    value = len(current) - 1
    while item < value:
        if current[item] != current[value]:
            return False
        item += 1
        value -= 1
    return True",19,56,55,0,0.0,True,0.20155085412499665,0.015151815488934517,0.43738824068524756,11.085296976874815,0.2146304778317492,0.015525605529546738,0.48241416728721065,11.804676280746207,0.9306856231255964,0.9982391595840454,0.9981640934944153,0.8545454545454545,0.7090909090909091,38,16,0.3184514150607693,0.34280044081175154,0.9272727272727272,1.1550990124140794
sum_negative__python__v3,sum_negative,sign_sum,python,3,"Given a list of numbers, sum only the negative values.","def sum_negative(x):
    element = 0
    for entry in x:
        if entry < 0:
            element += entry
    return element",16,32,31,0,0.0,True,0.1609327842812608,0.016127809882164,0.36916863895483587,4.988916312719084,0.16472476411746034,0.016606513410806656,0.37540048279621513,5.1064676876412705,0.9477298567371983,0.9979646801948547,0.9996519492518517,0.9032258064516129,0.7096774193548387,18,12,0.27888086379801585,0.2814660237946858,0.9354838709677419,1.4802428029147083
lcm_list__nl__v3,lcm_list,lcm_family,nl,3,"Given a non-empty list of positive integers, compute the least common multiple of all values.",Set the first value as the current lcm. Combine each remaining value with the current lcm by computing their gcd and then the corresponding lcm. Produce the final value.,22,32,31,0,0.0,True,0.6836035365103593,0.7153067588806152,0.48603568610719516,21.19170963182114,0.6960470483848645,0.7477007508277893,0.4961981520049646,21.5774584999308,0.7704427982530286,0.8086095452308655,0.9987724404181203,0.41935483870967744,0.12903225806451613,4,2,0.45879708368641636,0.46706089035918313,0.9032258064516129,2.9408311433005787
contains_zero__python__v1,contains_zero,membership_test,python,1,"Given a list of numbers, determine whether zero occurs in the list.","def contains_zero(values):
    for value in values:
        if value == 0:
            return True
    return False",18,25,24,0,0.0,True,0.18372508029423784,0.000998179049929604,0.4113746820724341,4.409401927061708,0.18400542673500317,0.0009994667489081621,0.41205602604253033,4.416130241640076,0.9296731514235338,0.9999104738235474,0.9999784429868063,0.8333333333333334,0.7916666666666666,17,17,0.22204160570877124,0.22246509335257977,0.9583333333333334,0.8729884673223293
gcd_two__nl__v3,gcd_two,gcd_family,nl,3,"Given two nonnegative integers, compute their greatest common divisor using the Euclidean algorithm.","While the second value is not zero, replace the pair with the second value and the remainder of the first divided by the second. Produce the first value when the second becomes zero.",21,36,35,0,0.0,True,0.2697654058189593,0.058771174401044846,0.3706871455650748,9.441789203663575,0.278491825189641,0.06040649116039276,0.39855911003177824,9.747213881637435,0.902228433745248,0.9900993704795837,0.9989181688853672,0.7428571428571429,0.5142857142857142,7,7,0.3859367910777912,0.4011230723117478,0.9714285714285714,1.9117504151944298
window_sum_three__python__v1,window_sum_three,sliding_window,python,1,"Given a list of numbers, return the sum of every consecutive window of three values.","def window_sum_three(values):
    result = []
    for index in range(len(values) - 2):
        total = values[index] + values[index + 1] + values[index + 2]
        result.append(total)
    return result",21,50,49,0,0.0,True,0.13589629729506214,0.0017122533172369003,0.3109288267003433,6.658918567458045,0.1373894839705859,0.0017334969015792012,0.31364620471176063,6.7320847145587095,0.9512920847960881,0.9998350143432617,0.9998691410434489,0.8979591836734694,0.7346938775510204,24,18,0.23583651619387544,0.23759697808151733,0.9795918367346939,0.7571282537245243
chunks_pairs__nl__v1,chunks_pairs,chunking,nl,1,"Given a list, split it into consecutive chunks containing at most two elements.",Create an empty result list. Move a starting index through the input two positions at a time. Append the slice containing that position and the next one if present. Return the result.,19,36,35,0,0.0,True,0.7542605583223381,0.6190287470817566,0.6624759346271082,26.399119541281834,0.8060278376356499,0.6310590505599976,0.7463349623825307,28.210974317247747,0.7574475152151925,0.8422179818153381,0.9930769852229527,0.45714285714285713,0.11428571428571428,4,2,0.6133254140697639,0.6826959439049995,0.9428571428571428,3.0308325538159155
integer_to_binary__python__v2,integer_to_binary,base_conversion,python,2,"Given a positive integer, return its binary representation as a string without a prefix.","def integer_to_binary(value):
    item = []
    while value > 0:
        item.append(str(value % 2))
        value //= 2
    item.reverse()
    return """".join(item)",20,42,41,0,0.0,True,0.17991846504766018,0.013976087793707848,0.3297976037276521,7.376657066954067,0.18256270083100212,0.01397732924669981,0.3350253500247384,7.485070734071087,0.940494418871112,0.9980729818344116,0.999772063115748,0.8536585365853658,0.6341463414634146,29,7,0.301297526426788,0.3048131866283711,0.9512195121951219,1.4788647352236017
remove_digits__python__v3,remove_digits,string_filter,python,3,"Given a string, return a new string with all decimal digits removed.","def remove_digits(x):
    entry = """"
    for element in x:
        if not element.isdigit():
            entry += element
    return entry",18,29,28,0,0.0,True,0.2139123136652675,0.017659681849181652,0.46824045548771703,5.98954478262749,0.22178016223811678,0.01784744393080473,0.48312064528366566,6.20984454266727,0.9319971076079777,0.9977148473262787,0.9992160264934812,0.8571428571428571,0.7142857142857143,17,10,0.3833111287213224,0.39398834409399164,0.9642857142857143,1.3839596116825663
count_above__python__v1,count_above,threshold_count,python,1,"Given a list of numbers and a threshold, count the values greater than the threshold.","def count_above(values, threshold):
    count = 0
    for value in values:
        if value > threshold:
            count += 1
    return count",21,34,33,0,0.0,True,0.1518704000799806,0.0013889354886487126,0.4143517552550555,5.011723202639359,0.15255540305908558,0.0014091606717556715,0.4162077310625481,5.034328300949824,0.9372839250347831,0.9998719692230225,0.9999358455340067,0.8787878787878788,0.8787878787878788,12,12,0.3047981508413642,0.3060948260258485,1.0,0.5324762313718814
are_disjoint__python__v2,are_disjoint,set_relation,python,2,"Given two collections, determine whether they have no value in common.","def are_disjoint(item, value):
    for current in item:
        if current in value:
            return False
    return True",17,27,26,0,0.0,True,0.2844403364106256,0.04847305081784725,0.488992995612974,7.395448746676266,0.3092848941546086,0.04960347153246403,0.5529160276095638,8.041407248019823,0.9149837539746211,0.9930437505245209,0.9971901911955613,0.8076923076923077,0.5769230769230769,15,9,0.30980699793261013,0.35150145218474793,0.9230769230769231,1.675397296634191
window_sum_three__python__v3,window_sum_three,sliding_window,python,3,"Given a list of numbers, return the sum of every consecutive window of three values.","def window_sum_three(result):
    entry = []
    for element in range(len(result) - 2):
        x = result[element] + result[element + 1] + result[element + 2]
        entry.append(x)
    return entry",21,50,49,0,0.0,True,0.1786609033217469,0.01933768391609192,0.28906862535351546,8.754384262765598,0.1863979844901576,0.01934591308236122,0.3005384356290556,9.133501240017722,0.9483017787641409,0.9973734617233276,0.9992630530376824,0.8571428571428571,0.5714285714285714,22,16,0.26291542930562173,0.27125472206497153,0.9183673469387755,1.4789475980748314
transpose_matrix__python__v3,transpose_matrix,matrix_transform,python,3,"Given a non-empty rectangular matrix, return its transpose.","def transpose_matrix(entry):
    result = []
    for element in range(len(entry[0])):
        x = []
        for n_count in entry:
            x.append(n_count[element])
        result.append(x)
    return result",15,45,44,0,0.0,True,0.17688165177919887,0.009810113348066807,0.35564333512682184,7.78279267828475,0.1862853638033564,0.010102665517479181,0.3842566177826798,8.19655600734768,0.9479754282669588,0.9989047348499298,0.9988795234398409,0.7954545454545454,0.75,19,19,0.32302492705064145,0.33935397195878175,0.8863636363636364,2.086836608412847
count_above__python__v2,count_above,threshold_count,python,2,"Given a list of numbers and a threshold, count the values greater than the threshold.","def count_above(output, value):
    item = 0
    for current in output:
        if current > value:
            item += 1
    return item",21,34,33,0,0.0,True,0.17234266021874978,0.01337282545864582,0.38002877471813545,5.687307787218742,0.1746442723537753,0.013491254299879074,0.3841018792171196,5.763260987674585,0.9384254749977228,0.9985494613647461,0.9997981913162001,0.8484848484848485,0.7878787878787878,12,12,0.29301604638180834,0.29585556382698996,0.9090909090909091,2.0766388243227167
count_increases__python__v3,count_increases,adjacent_analysis,python,3,"Given a list of numbers, count how many positions contain a value larger than the immediately preceding value.","def count_increases(x):
    element = 0
    for entry in range(1, len(x)):
        if x[entry] > x[entry - 1]:
            element += 1
    return element",24,47,46,0,0.0,True,0.2588821864416747,0.03461997024714947,0.45310396821073834,11.908580576317036,0.27224868765093246,0.03515277057886124,0.4882740627433305,12.523439631942892,0.9128790808760602,0.9952403008937836,0.9984310722869375,0.782608695652174,0.5869565217391305,14,5,0.36304001112196904,0.38318143582049136,0.9347826086956522,1.2722748601238931
sum_negative__python__v1,sum_negative,sign_sum,python,1,"Given a list of numbers, sum only the negative values.","def sum_negative(values):
    total = 0
    for value in values:
        if value < 0:
            total += value
    return total",16,32,31,0,0.0,True,0.13479129590813677,0.002179079921916127,0.3761314901883252,4.1785301731522395,0.13510489891305336,0.0021826315205544233,0.3767599316705003,4.188251866304654,0.9588184856599377,0.9998034834861755,0.9999758293551784,0.9032258064516129,0.8387096774193549,18,18,0.2540493167402171,0.2543998864619728,1.0,0.504203151713227
reverse_integer__nl__v1,reverse_integer,numeric_reverse,nl,1,"Given a nonnegative integer, reverse the order of its decimal digits.","Start the reversed value at zero. While the number is positive, take its last digit, append that digit to the reversed value by multiplying by ten and adding, then remove the last input digit. Return the reversed value.",18,44,43,0,0.0,True,0.42164187418123666,0.1874360889196396,0.48772442497919644,18.130600589793175,0.4412555143177553,0.18920448422431946,0.534384379419071,18.973987115663476,0.8503122925758362,0.9615071415901184,0.9974546889926112,0.6511627906976745,0.23255813953488372,6,2,0.4991118349356666,0.5319714355005306,0.9767441860465116,2.6301740147180173
digit_product__nl__v1,digit_product,digit_aggregate,nl,1,"Given a positive integer, compute the product of its decimal digits.","Start a product at one. While the number is positive, multiply the product by its last decimal digit and remove that digit using integer division by ten. Return the product.",17,34,33,0,0.0,True,0.35072364205861406,0.07473674416542053,0.4855403635441568,11.573880187934265,0.3685100057098845,0.07941567152738571,0.5239204597601702,12.16083018842619,0.878217642957514,0.9878370761871338,0.9980350588307236,0.7272727272727273,0.45454545454545453,7,3,0.509422953662579,0.5436629734249436,1.0,2.5712729716350706
moving_average_three__python__v1,moving_average_three,sliding_window,python,1,"Given a list of numbers, return the average of every consecutive window of three values.","def moving_average_three(values):
    result = []
    for index in range(len(values) - 2):
        average = (values[index] + values[index + 1] + values[index + 2]) / 3
        result.append(average)
    return result",21,56,55,0,0.0,True,0.1587148706072929,0.0011058434611186385,0.346335726688505,8.729317883401109,0.16076002178493085,0.0011060178512707353,0.3511062811711217,8.841801198171197,0.9407818209041249,0.9998934268951416,0.9997967470775951,0.8363636363636363,0.7636363636363637,30,13,0.21152957084778892,0.2139213275481611,1.0,0.6078428335220208
count_equal_neighbors__nl__v2,count_equal_neighbors,adjacent_analysis,nl,2,"Given a list, count how many adjacent pairs contain equal values.",Begin a counter at zero. Compare each value after the first with its predecessor. Increase the counter when the two values are equal. Output the counter.,17,30,29,0,0.0,True,0.6544003869117848,0.6339301466941833,0.5130285971971389,18.97761122044176,0.6717768249519426,0.6344643831253052,0.5309159325159902,19.481527923606336,0.7362853607227062,0.7836843132972717,0.9982718660913664,0.3793103448275862,0.13793103448275862,2,2,0.6111160807444581,0.6310585956089199,0.896551724137931,2.176246291728979
reverse_integer__python__v2,reverse_integer,numeric_reverse,python,2,"Given a nonnegative integer, reverse the order of its decimal digits.","def reverse_integer(value):
    current = 0
    while value > 0:
        item = value % 10
        current = current * 10 + item
        value //= 10
    return current",18,48,47,0,0.0,True,0.07570675524454032,0.004452019929885864,0.1787651117003329,3.558217496493395,0.07652309142821372,0.004478278569877148,0.1806077692992281,3.596585297126045,0.9752030791120326,0.9995052218437195,0.9999324983738839,0.8936170212765957,0.8085106382978723,19,16,0.13668229055630599,0.1381883573154961,0.9361702127659575,1.3335526674920433
chunks_fixed_size__python__v3,chunks_fixed_size,chunking,python,3,"Given a list and a positive chunk size, split the list into consecutive chunks of at most that size.","def chunks_fixed_size(result, entry):
    element = []
    for x in range(0, len(result), entry):
        element.append(result[x:x + entry])
    return element",25,37,36,0,0.0,True,0.3091319665683032,0.15345122665166855,0.37075809537934834,11.128750796458917,0.3169364788506452,0.1650729551911354,0.382506022823815,11.409713238623226,0.8908061625228988,0.9721920192241669,0.9992040329509311,0.6666666666666666,0.4166666666666667,7,3,0.41294137136179154,0.4240476831710631,0.8888888888888888,2.848870996105663
matrix_column_sums__python__v3,matrix_column_sums,matrix_aggregate,python,3,"Given a non-empty rectangular matrix of numbers, return a list containing the sum of each column.","def matrix_column_sums(entry):
    x = []
    for element in range(len(entry[0])):
        n_count = 0
        for result in entry:
            n_count += result[element]
        x.append(n_count)
    return x",23,50,49,0,0.0,True,0.2097503530474903,0.011646967381238937,0.447132735907752,10.277767299327024,0.22504360595299586,0.011964775621891022,0.49396985286547634,11.027136691696796,0.9298625545842307,0.9987205862998962,0.9979550510036702,0.8367346938775511,0.673469387755102,19,11,0.3684844665306173,0.3968322919937843,0.8979591836734694,2.084281847544468
scan_min__python__v3,scan_min,scan_extremum,python,3,"Given a non-empty list of numbers, find the smallest value by scanning the list once.","def scan_min(x):
    element = x[0]
    for entry in x[1:]:
        if entry < element:
            element = entry
    return element",22,34,33,0,0.0,True,0.19195626950386213,0.007538843899965286,0.46776894084717896,6.33455689362745,0.20747510699231608,0.00766651751473546,0.518914883351724,6.846678530746431,0.9354678862022631,0.9991341233253479,0.9979581724513661,0.8787878787878788,0.7272727272727273,19,11,0.3120562167900971,0.3416512910803249,0.9090909090909091,1.5686006837705517
matrix_column_sums__nl__v1,matrix_column_sums,matrix_aggregate,nl,1,"Given a non-empty rectangular matrix of numbers, return a list containing the sum of each column.","Create an empty result list. For each column index, start a total at zero, add that column's value from every row, and append the total. Return the result.",23,35,34,0,0.0,True,0.5233350440188694,0.4906874895095825,0.4579932004726876,17.79339149664156,0.5260327552198706,0.4911050349473953,0.46156777136961563,17.8851136774756,0.798898234963417,0.8658448159694672,0.9997547093559714,0.47058823529411764,0.17647058823529413,5,2,0.44918486911972816,0.45268040610420884,0.9705882352941176,2.815364488017889
dedupe_last__python__v1,dedupe_last,deduplication,python,1,"Given a list, remove duplicate values while keeping the last occurrence of each value and preserving the order of those kept occurrences.","def dedupe_last(values):
    result = []
    for value in reversed(values):
        if value not in result:
            result.append(value)
    result.reverse()
    return result",28,36,35,0,0.0,True,0.21146648246496105,0.003114623948931694,0.4374155110265291,7.401326886273637,0.23186020886306713,0.0031330690253525972,0.5089987487897454,8.11510731020735,0.9232718518802098,0.9997087121009827,0.9972946507590158,0.8285714285714286,0.7142857142857143,15,15,0.29100789820152867,0.3209808887381501,1.0,0.7331316721616028
selection_sort_descending__nl__v3,selection_sort_descending,selection_sort,nl,3,"Given a list of numbers, sort it in descending order using selection sort and return the sorted copy.","Copy the list. For each position, find the largest value in the remaining suffix and swap it into the current position. Produce the copy.",24,28,27,0,0.0,True,0.6407681502298348,0.5452737212181091,0.46346793075348475,17.30074005620554,0.66013349942794,0.5525341033935547,0.4818136292321112,17.82360448455438,0.7901715073320601,0.8454524278640747,0.9979999705597207,0.3333333333333333,0.1111111111111111,3,1,0.4750104150734842,0.487988641521392,0.9259259259259259,2.03861133976736
absolute_values__python__v3,absolute_values,element_transform,python,3,"Given a list of numbers, create a list containing the absolute value of each element.","def absolute_values(x):
    element = []
    for entry in x:
        element.append(abs(entry))
    return element",21,24,23,0,0.0,True,0.17699086407383616,0.00628042733296752,0.29168131140792253,4.0707898736982315,0.17910086538145348,0.006297723390161991,0.2938898871273335,4.11931990377343,0.9393509574558424,0.9992563128471375,0.9998286288717518,0.782608695652174,0.6521739130434783,12,7,0.26839439470528637,0.2703161767415374,0.9130434782608695,2.066824070051543
merge_sorted_descending__nl__v2,merge_sorted_descending,merge_sorted,nl,2,"Given two lists sorted in descending order, merge them into one descending list.",Build an empty result and place one index at the start of each list. Repeatedly add the larger current value and advance its index. Add any remaining values and output the result.,19,37,36,0,0.0,True,0.8026962375006406,0.7993758916854858,0.613186057208038,28.89706455002306,0.8814152207600677,0.8160022795200348,0.7415120529735626,31.730947947362438,0.7335058338940144,0.7874307632446289,0.9893150544828839,0.3333333333333333,0.1111111111111111,2,2,0.7953353644381943,0.9223794686874108,0.9166666666666666,2.9409534458480064
dedupe_first__python__v3,dedupe_first,deduplication,python,3,"Given a list, remove duplicate values while keeping the first occurrence of each value.","def dedupe_first(x):
    element = []
    for entry in x:
        if entry not in element:
            element.append(entry)
    return element",20,31,30,0,0.0,True,0.1831672660120603,0.0061788109596818686,0.32226308847656365,5.495017980361808,0.19374107659014045,0.00633741170167923,0.3408498848229397,5.812232297704213,0.9428421000639597,0.9993318915367126,0.9989715635776519,0.7666666666666667,0.7333333333333333,18,18,0.18286310394501798,0.19340728963332618,0.9,2.105477054332876
count_character__python__v1,count_character,char_count,python,1,"Given a string and a character, count how many times that character appears.","def count_character(text, target):
    count = 0
    for char in text:
        if char == target:
            count += 1
    return count",19,34,33,0,0.0,True,0.08594995837532252,0.0008139602723531425,0.20765766067634917,2.836348626385643,0.08622926005040371,0.0008141507278196514,0.20786081625399982,2.8455655816633225,0.9698623888420336,0.9999233484268188,0.9999807061571063,0.9393939393939394,0.7272727272727273,19,12,0.134229800266354,0.13441452537415444,1.0,0.6124851201477013
linear_last_index__python__v3,linear_last_index,linear_search,python,3,"Given a list and a target, return the index of the last target occurrence or minus one if absent.","def linear_last_index(n_count, x):
    element = -1
    for entry, result in enumerate(n_count):
        if result == x:
            element = entry
    return element",25,39,38,0,0.0,True,0.3390573949536223,0.0333725493401289,0.5529886749654087,12.884181008237647,0.3641256012066917,0.036972278729081154,0.6067348379941369,13.836772845854284,0.8955159399070238,0.995389848947525,0.9971237119875456,0.7631578947368421,0.5526315789473685,14,8,0.3969764269092372,0.43029117243005766,0.8421052631578947,2.9460082757287687
are_disjoint__nl__v1,are_disjoint,set_relation,nl,1,"Given two collections, determine whether they have no value in common.","Examine each value in the first collection. If any value occurs in the second collection, return false. Return true if no common value is found.",17,30,29,0,0.0,True,0.53071501755541,0.45642003417015076,0.46672615110770965,15.39073550910689,0.5381378876205919,0.46085622906684875,0.4752167053048989,15.605998740997165,0.7969593087147022,0.8477743268013,0.9993494214682743,0.4482758620689655,0.2413793103448276,5,2,0.4253462274791673,0.43280387526777175,1.0,1.2428822607968146
scan_max__nl__v1,scan_max,scan_extremum,nl,1,"Given a non-empty list of numbers, find the largest value by scanning the list once.","Use the first value as the current maximum. Examine each remaining value. If a value is larger than the current maximum, replace the current maximum with it. Return the current maximum after the scan.",22,40,39,0,0.0,True,0.526533989325309,0.4879058003425598,0.47749696231936806,20.534825583687052,0.5356304147638954,0.48892664909362793,0.48751014550090765,20.88958617579192,0.8164113270930755,0.8774322867393494,0.9990812723453228,0.46153846153846156,0.20512820512820512,5,1,0.5698546709517311,0.5823941382236386,0.9743589743589743,1.6166136831803344
remove_digits__python__v2,remove_digits,string_filter,python,2,"Given a string, return a new string with all decimal digits removed.","def remove_digits(current):
    value = """"
    for item in current:
        if not item.isdigit():
            value += item
    return value",18,29,28,0,0.0,True,0.24092645804759222,0.009756814688444138,0.48323496500629265,6.745940825332582,0.2432277879505104,0.009840135928243399,0.488374113030031,6.810378062614291,0.9048724334154811,0.9988271296024323,0.9997734576463699,0.7857142857142857,0.75,11,11,0.4412337332842408,0.44502875260897984,0.9285714285714286,1.3974284277913358
flatten_pairs__nl__v1,flatten_pairs,flatten_one_level,nl,1,"Given a list of two-element pairs, flatten the pairs into one list in pair order.",Create an empty result list. Examine each pair in order and append its first value followed by its second value. Return the result.,22,27,26,0,0.0,True,0.5120928122912749,0.4282296448945999,0.44456739806200624,13.314413119573146,0.5238318406851389,0.4320870190858841,0.4548671344736255,13.619627857813612,0.8119960392896945,0.860733687877655,0.9989139185501978,0.5,0.2692307692307692,4,3,0.4567766543850303,0.46369686169549823,0.9615384615384616,2.152109722771386
insertion_sort_ascending__nl__v1,insertion_sort_ascending,insertion_sort,nl,1,"Given a list of numbers, sort it in ascending order using insertion sort and return the sorted copy.","Copy the list. Starting with the second element, shift larger earlier values one position right until the current value can be inserted in order. Return the copy.",24,31,30,0,0.0,True,0.5314331378166874,0.4155094772577286,0.47324894288365593,15.942994134500623,0.5513964527752251,0.4190171957015991,0.5005878838252458,16.54189358325675,0.8371339857578277,0.9050328731536865,0.9977903127670288,0.5,0.16666666666666666,5,2,0.5222513152864473,0.5564516210157809,0.9,3.6514375089434905
product_one_to_n__python__v3,product_one_to_n,factorial_product,python,3,"Given a positive integer n, compute the product of all integers from one through n.","def product_one_to_n(element):
    entry = 1
    for x in range(1, element + 1):
        entry *= x
    return entry",21,34,33,0,0.0,True,0.16579513522149433,0.03659827262163162,0.3295232246177509,5.471239462309313,0.1693707187582869,0.03858749568462372,0.3375033552995751,5.589233719023468,0.9463797040057905,0.9949724674224854,0.9996639869429849,0.8787878787878788,0.6666666666666666,11,5,0.27132337045327404,0.27696533230619025,0.9090909090909091,2.22453372903546
window_sum_three__nl__v2,window_sum_three,sliding_window,nl,2,"Given a list of numbers, return the sum of every consecutive window of three values.","Build an empty result list. For each starting index that leaves three values available, add those three values and add the sum. Output the result.",21,29,28,0,0.0,True,0.8132904918332186,0.7215907573699951,0.5847809488644733,22.772133771330118,0.8839557354471513,0.7324852049350739,0.6946085842806186,24.750760592520237,0.740046285625015,0.8016255795955658,0.9905238385711398,0.32142857142857145,0.03571428571428571,2,1,0.7883267609609498,0.9133876037818415,0.8928571428571429,3.192166065963517
bubble_sort_descending__python__v1,bubble_sort_descending,bubble_sort,python,1,"Given a list of numbers, sort it in descending order using bubble sort and return the sorted copy.","def bubble_sort_descending(values):
    result = values[:]
    for end in range(len(result) - 1, 0, -1):
        for index in range(end):
            if result[index] < result[index + 1]:
                result[index], result[index + 1] = result[index + 1], result[index]
    return result",24,72,71,0,0.0,True,0.10945594767520087,0.0016306228935718536,0.27584213947310493,7.771372284939261,0.11011866912499117,0.0016306269681081176,0.27765238118576174,7.818425507874373,0.9461477184799355,0.9998355507850647,0.9999454793795733,0.8873239436619719,0.8169014084507042,48,26,0.16511515204789354,0.16602790747889357,0.9577464788732394,0.9040565074234329
ordered_unique_intersection__nl__v3,ordered_unique_intersection,ordered_intersection,nl,3,"Given two lists, return distinct values from the first list that also occur in the second list, preserving first-list order.","Initialize an empty result. Process each value in the first list. If it occurs in the second list and is not already in the result, append it. Produce the result.",28,35,34,0,0.0,True,0.48904697730562047,0.2805783152580261,0.537221313345852,16.627597228391096,0.5110915886881926,0.2818177491426468,0.5885029620492198,17.377114015398547,0.8296579061185613,0.9350929260253906,0.997255909092286,0.5588235294117647,0.3235294117647059,5,3,0.5784865342447478,0.6179444197932202,0.9411764705882353,1.7751785925125552
main_diagonal_sum__python__v3,main_diagonal_sum,diagonal_aggregate,python,3,"Given a square matrix, calculate the sum of its main diagonal.","def main_diagonal_sum(entry):
    x = 0
    for element in range(len(entry)):
        x += entry[element][element]
    return x",17,32,31,0,0.0,True,0.149170429997309,0.02017860673367977,0.30378496084651246,4.6242833299165795,0.15227251955753496,0.020303983241319656,0.3087947735221773,4.720448106283584,0.9533947821586363,0.9971201419830322,0.9997434673770782,0.8709677419354839,0.7096774193548387,14,9,0.24436042119547588,0.2493174169297466,0.9032258064516129,1.478264547922542
flatten_pairs__python__v1,flatten_pairs,flatten_one_level,python,1,"Given a list of two-element pairs, flatten the pairs into one list in pair order.","def flatten_pairs(pairs):
    result = []
    for pair in pairs:
        result.append(pair[0])
        result.append(pair[1])
    return result",22,33,32,0,0.0,True,0.1945836123643403,0.0012655486643780023,0.42904760954491195,6.2266755956588895,0.19724908941972785,0.0013455641455948353,0.4342952861890248,6.311970861431291,0.9291298128664494,0.9998820424079895,0.9997437987476587,0.84375,0.75,14,14,0.3128864344473714,0.31616720420284,1.0,0.18413316244436828
flatten_pairs__nl__v2,flatten_pairs,flatten_one_level,nl,2,"Given a list of two-element pairs, flatten the pairs into one list in pair order.",Build an empty result list. Inspect each pair in order and add its first value followed by its second value. Output the result.,22,27,26,0,0.0,True,0.5669496421021625,0.5748963057994843,0.4352797219891315,14.740690694656223,0.5924546669523877,0.5824698209762573,0.49425654553856085,15.403821340762079,0.815563005896715,0.843732625246048,0.9967038356340848,0.34615384615384615,0.19230769230769232,2,1,0.45632902134209874,0.49528108425438405,0.9615384615384616,2.326042312999981
list_divisors__python__v2,list_divisors,divisors,python,2,"Given a positive integer n, return all positive divisors of n in increasing order.","def list_divisors(value):
    current = []
    for item in range(1, value + 1):
        if value % item == 0:
            current.append(item)
    return current",21,40,39,0,0.0,True,0.080690689999814,0.0029822420328855515,0.18686888222391876,3.1469369099927462,0.08137410973194957,0.0029948654118925333,0.18776901855022363,3.1735902795460333,0.9786481184837146,0.9996956586837769,0.9999472223795377,0.9230769230769231,0.7692307692307693,20,19,0.10715622093063135,0.10746295944132774,0.9487179487179487,1.7811351451766533
factorial_iterative__nl__v1,factorial_iterative,factorial_product,nl,1,"Given a nonnegative integer n, compute n factorial iteratively.",Start a product at one. Multiply it by every integer from two through n. Return the final product.,17,21,20,0,0.0,True,0.6236922914162278,0.386245995759964,0.571759351054156,12.473845828324556,0.67466083727777,0.38910943269729614,0.6558775205044495,13.4932167455554,0.7806374609470368,0.9069943428039551,0.9937977105379104,0.55,0.15,4,1,0.6903918154145542,0.7759906359409031,1.0,2.49087047893554
scan_max__python__v2,scan_max,scan_extremum,python,2,"Given a non-empty list of numbers, find the largest value by scanning the list once.","def scan_max(current):
    item = current[0]
    for value in current[1:]:
        if value > item:
            item = value
    return item",22,34,33,0,0.0,True,0.2433963580860467,0.013419104740023613,0.4814262976770715,8.032079816839541,0.2624371274375307,0.014247577637434006,0.5287307336358071,8.660425205438514,0.9286393315503092,0.9983492493629456,0.9977500781868444,0.8181818181818182,0.6363636363636364,19,11,0.3828471936076312,0.4179981430488624,0.9090909090909091,1.8553770833449645
count_unique_words__python__v2,count_unique_words,word_count,python,2,"Given a string containing words separated by whitespace, count the distinct words.","def count_unique_words(item):
    current = item.split()
    value = set(current)
    return len(value)",18,23,22,0,0.0,True,0.3717038692663085,0.10355149582028389,0.5461600096624643,8.177485123858787,0.38938552207731514,0.10589128732681274,0.5861511755317129,8.566481485700933,0.8793963505463167,0.9831418991088867,0.9978328889066522,0.7727272727272727,0.45454545454545453,7,3,0.6330999632122084,0.6663469700835689,0.8636363636363636,2.8074568506066995
first_even_index__nl__v2,first_even_index,first_match_index,nl,2,"Given a list of integers, return the index of the first even value, or minus one if none exists.","Inspect the list from the beginning while tracking the current index. If an even value is encountered, output its index. When the end is reached with no match, output minus one.",26,36,35,0,0.0,True,0.5494723432298217,0.3184521794319153,0.5324061733239711,19.23153201304376,0.562743382129286,0.31863975524902344,0.5478199403253883,19.69601837452501,0.795562366928373,0.904306948184967,0.9986744863646371,0.5142857142857142,0.2,6,1,0.5206857819986694,0.5355031258590958,0.9428571428571428,2.1818894518256586
bubble_sort_ascending__python__v1,bubble_sort_ascending,bubble_sort,python,1,"Given a list of numbers, sort it in ascending order using bubble sort and return the sorted copy.","def bubble_sort_ascending(values):
    result = values[:]
    for end in range(len(result) - 1, 0, -1):
        for index in range(end):
            if result[index] > result[index + 1]:
                result[index], result[index + 1] = result[index + 1], result[index]
    return result",24,72,71,0,0.0,True,0.09825037681021843,0.0019517139298841357,0.2345971784046765,6.975776753525508,0.09898154761389287,0.002014824887737632,0.23588295715618346,7.027689880586394,0.9635995395586524,0.9998253583908081,0.9999436736106873,0.9014084507042254,0.8028169014084507,48,21,0.1663163237554126,0.1671827205574646,0.9577464788732394,0.9120809139223408
count_increases__python__v2,count_increases,adjacent_analysis,python,2,"Given a list of numbers, count how many positions contain a value larger than the immediately preceding value.","def count_increases(current):
    item = 0
    for value in range(1, len(current)):
        if current[value] > current[value - 1]:
            item += 1
    return item",24,45,44,0,0.0,True,0.2534958458612767,0.017958583775907755,0.47856194651108264,11.153817217896176,0.2639800026684766,0.018210226204246283,0.5093672353301207,11.615120117412971,0.9123551886190068,0.9977801144123077,0.99870626763864,0.8181818181818182,0.6363636363636364,15,7,0.36591968938063113,0.38505166162151505,0.9545454545454546,1.3004217401091522
transpose_matrix__nl__v3,transpose_matrix,matrix_transform,nl,3,"Given a non-empty rectangular matrix, return its transpose.","Initialize an empty result. For every column index, build a new row by taking that column value from each original row. Place each new row and return the result.",15,33,32,0,0.0,True,0.7960397678471054,0.7913229465484619,0.5577969404492804,25.473272571107373,0.8544230253464775,0.7964117527008057,0.6618955977466775,27.34153681108728,0.7136306944303215,0.7505051493644714,0.992225794121623,0.3125,0.0625,2,1,0.6578643306518995,0.7614778699353337,0.96875,2.7330936324951836
count_words__python__v1,count_words,word_count,python,1,"Given a string containing words separated by whitespace, count the words.","def count_words(text):
    words = text.split()
    return len(words)",17,16,15,0,0.0,True,0.1357949226357353,0.07289817929267883,0.25506053732509704,2.03692383953603,0.13742929639217133,0.07376061379909515,0.25698999190525057,2.06143944588257,0.9679006457328796,0.9869382381439209,0.9998798410097758,0.9333333333333333,0.4666666666666667,9,2,0.2403976077995529,0.242632775808618,1.0,1.0027129443609737
linear_first_index__python__v1,linear_first_index,linear_search,python,1,"Given a list and a target, return the index of the first target occurrence or minus one if absent.","def linear_first_index(values, target):
    for index, value in enumerate(values):
        if value == target:
            return index
    return -1",25,31,30,0,0.0,True,0.1577561359571405,0.0005522116844076663,0.4025927662005569,4.732684078714215,0.1605588139974922,0.0005566636100411415,0.4127465524869313,4.816764419924766,0.9365324179331461,0.9999520182609558,0.9996912956237793,0.8666666666666667,0.8,21,19,0.21628907836239267,0.22120334921184057,0.9666666666666667,1.5933361754040871
contains_target__python__v2,contains_target,membership_test,python,2,"Given a list of values and a target, determine whether the target occurs in the list.","def contains_target(current, item):
    for value in current:
        if value == item:
            return True
    return False",22,26,25,0,0.0,True,0.2224344383218704,0.0038776369765400887,0.44423525574248696,5.56086095804676,0.22577950333121408,0.00394876953214407,0.4504871363232249,5.644487583280352,0.9300778341293335,0.9996121525764465,0.9996782422065735,0.84,0.76,16,16,0.21387570473158726,0.21727586521971412,0.92,1.986157913013858
bubble_sort_ascending__python__v2,bubble_sort_ascending,bubble_sort,python,2,"Given a list of numbers, sort it in ascending order using bubble sort and return the sorted copy.","def bubble_sort_ascending(output):
    current = output[:]
    for item in range(len(current) - 1, 0, -1):
        for value in range(item):
            if current[value] > current[value + 1]:
                current[value], current[value + 1] = current[value + 1], current[value]
    return current",24,72,71,0,0.0,True,0.10425102901546113,0.004435526207089424,0.22841132076646567,7.40182306009774,0.10584306970954586,0.00446162698790431,0.23211678378047362,7.514857949377756,0.9649066379372503,0.9995607733726501,0.9998616618169865,0.9014084507042254,0.7887323943661971,52,21,0.14595133167136476,0.14838321262687454,0.9295774647887324,1.1103836505013358
is_nondecreasing__python__v3,is_nondecreasing,monotonicity,python,3,"Given a list of numbers, determine whether it is in nondecreasing order.","def is_nondecreasing(entry):
    for element in range(1, len(entry)):
        if entry[element - 1] > entry[element]:
            return False
    return True",20,37,36,0,0.0,True,0.06512810676751239,0.003985616262070835,0.13913294229133488,2.344611843630446,0.06568974491700727,0.00402062339708209,0.14013199296288725,2.364830817012262,0.9825120071570078,0.9996022582054138,0.9999568230575986,0.9444444444444444,0.7777777777777778,24,14,0.09064811972613306,0.0916338870337183,0.9444444444444444,1.0961050115692597
count_even__python__v2,count_even,parity_count,python,2,"Given a list of integers, count how many values are even.","def count_even(current):
    item = 0
    for value in current:
        if value % 2 == 0:
            item += 1
    return item",17,36,35,0,0.0,True,0.18032662989270257,0.014911990612745285,0.3389358863362051,6.31143204624459,0.18187235216984327,0.015305852517485619,0.34184417680813106,6.365532325944514,0.9269758718354362,0.9982925653457642,0.9998693602425711,0.7714285714285715,0.7428571428571429,16,16,0.25498782850819923,0.2571003976995331,0.9428571428571428,1.2634744150562516
anti_diagonal_sum__nl__v1,anti_diagonal_sum,diagonal_aggregate,nl,1,"Given a square matrix, calculate the sum of its anti-diagonal.","Start a total at zero. For every row index, add the element whose column index is the mirrored position from the right. Return the total.",18,29,28,0,0.0,True,0.7032525639182755,0.6548821926116943,0.5390594788564972,19.691071789711714,0.7776296696891742,0.671524316072464,0.6099952086275087,21.773630751296878,0.7745079802615302,0.8108704388141632,0.9920602994305747,0.35714285714285715,0.14285714285714285,3,2,0.5476878971137382,0.6136108540274479,0.9285714285714286,3.0757652355989973
binary_search_insertion__python__v3,binary_search_insertion,binary_search,python,3,"Given an ascending sorted list and a target value, return the index where the target could be inserted while preserving order.","def binary_search_insertion(n_count, result):
    entry = 0
    element = len(n_count)
    while entry < element:
        x = (entry + element) // 2
        if n_count[x] < result:
            entry = x + 1
        else:
            element = x
    return entry",27,69,68,0,0.0,True,0.27882117851820165,0.04188762232661247,0.44647194322134937,18.959840139237713,0.29879650229291016,0.04274321347475052,0.4844835080418137,20.31816215591789,0.9077695209313842,0.9940731227397919,0.997913031893618,0.75,0.5735294117647058,15,10,0.3555710240022984,0.3877699722644179,0.9264705882352942,1.5209842092265462
window_sum_three__python__v2,window_sum_three,sliding_window,python,2,"Given a list of numbers, return the sum of every consecutive window of three values.","def window_sum_three(output):
    value = []
    for item in range(len(output) - 2):
        current = output[item] + output[item + 1] + output[item + 2]
        value.append(current)
    return value",21,50,49,0,0.0,True,0.18962461571213773,0.025800583884119987,0.3635078617271466,9.291606169894749,0.1976890112919786,0.025854727253317833,0.3831328575343183,9.686761553306951,0.9386295603246105,0.9965718984603882,0.9991421018327985,0.8367346938775511,0.6122448979591837,18,18,0.24825976540483907,0.259523131279271,0.9387755102040817,1.412387909451929
first_negative_index__nl__v1,first_negative_index,first_match_index,nl,1,"Given a list of numbers, return the index of the first negative value, or minus one if none exists.","Examine the list from the beginning while tracking the current index. When a negative value is encountered, return its index. If the end is reached with no match, return minus one.",26,37,36,0,0.0,True,0.5407201332499325,0.3655631095170975,0.5826584839381522,19.46592479699757,0.5594932770537626,0.36703920364379883,0.6209751646943282,20.141757973935455,0.8198175364070468,0.8906870484352112,0.99784088631471,0.5,0.2222222222222222,5,1,0.5976182519657803,0.6271521952801518,0.9722222222222222,1.8503274995952477
count_even_digits__nl__v3,count_even_digits,digit_count,nl,3,"Given a positive integer, count how many of its decimal digits are even.","Initialize a counter at zero. While the number is positive, inspect the last digit, increase the counter if it is even, then remove the digit using integer division by ten. Produce the counter.",19,39,38,0,0.0,True,0.27138974710987895,0.06467219442129135,0.37398387286559853,10.3128103901754,0.2724667147875296,0.06508452445268631,0.37539732174986457,10.353735161926124,0.9034961618875202,0.9895808100700378,0.9999151386712727,0.7105263157894737,0.5,10,6,0.3749619995136576,0.3768329051509755,0.9736842105263158,2.751365654566
filter_nonnegative__python__v3,filter_nonnegative,sign_filter,python,3,"Given a list of numbers, create a new list containing only values greater than or equal to zero.","def filter_nonnegative(x):
    element = []
    for entry in x:
        if entry >= 0:
            element.append(entry)
    return element",24,31,30,0,0.0,True,0.21979726291513846,0.010547345969825983,0.38284063514286537,6.593917887454154,0.23240883728528086,0.010699698701500893,0.41002970555617224,6.9722651185584255,0.9294725408156713,0.998736709356308,0.9986003696918487,0.7666666666666667,0.6333333333333333,10,7,0.30114853243817225,0.3061823586186651,0.9,2.033079243013526
count_below__nl__v3,count_below,threshold_count,nl,3,"Given a list of numbers and a threshold, count the values less than the threshold.","Initialize a counter at zero. Process every value. For any case in which the current value is less than the threshold, increase the counter by one. Produce the counter.",21,34,33,0,0.0,True,0.3500284416853295,0.26656651496887207,0.3846172071641179,11.550938575615874,0.35522644861493696,0.26847654581069946,0.39337602716217024,11.72247280429292,0.8795989345420491,0.9350813031196594,0.9995310360735113,0.6060606060606061,0.30303030303030304,8,4,0.4271716595339967,0.4351164745939968,0.9090909090909091,2.507632644859365
factorial_iterative__python__v1,factorial_iterative,factorial_product,python,1,"Given a nonnegative integer n, compute n factorial iteratively.","def factorial_iterative(n):
    product = 1
    for value in range(2, n + 1):
        product *= value
    return product",17,33,32,0,0.0,True,0.09682562259331462,0.010307062417268753,0.21322888606302157,3.098419922986068,0.09737109137495281,0.010512519627809525,0.21445328787844747,3.11587492399849,0.9666308425366879,0.9988119900226593,0.9999594930559397,0.90625,0.78125,13,13,0.1635770933259459,0.164258586203364,1.0,0.8748169763536566
chunks_fixed_size__nl__v2,chunks_fixed_size,chunking,nl,2,"Given a list and a positive chunk size, split the list into consecutive chunks of at most that size.","Build an empty result list. Move a starting index through the input in steps equal to the chunk size. At each step, add the corresponding slice. Output the result.",25,34,33,0,0.0,True,0.3798960558929001,0.16829361021518707,0.40623546455481363,12.536569844465703,0.3854788415536115,0.16878782212734222,0.4110069730352334,12.72080177126918,0.8751217442931551,0.9691165685653687,0.9994480248653528,0.5757575757575758,0.36363636363636365,5,4,0.3577439239306841,0.35910964520735433,0.9393939393939394,3.5692726606556047
is_prime__nl__v3,is_prime,primality,nl,3,"Given an integer n, determine whether it is prime.",Produce false for values below two. Test divisors starting at two while the divisor squared is no greater than n. Produce false if any divisor divides n exactly; otherwise return true.,15,37,36,0,0.0,True,0.6084289008835589,0.6503389477729797,0.46635099740810165,21.90344043180812,0.6461895778257813,0.6746006906032562,0.5300418170094694,23.26282480172813,0.7908918427096473,0.7852723896503448,0.9957122968302833,0.3888888888888889,0.1111111111111111,3,1,0.5068959116337023,0.5599732408566135,0.8888888888888888,4.036496521020632
selection_sort_ascending__nl__v1,selection_sort_ascending,selection_sort,nl,1,"Given a list of numbers, sort it in ascending order using selection sort and return the sorted copy.","Copy the list. For each position, find the smallest value in the remaining suffix and swap it into the current position. Return the copy.",24,28,27,0,0.0,True,0.5572886601504352,0.43413156270980835,0.43064920578168336,15.046793824061751,0.570075990597683,0.4347831606864929,0.4422923183569626,15.39205174613744,0.8110294761481108,0.8702760934829712,0.9987327412322715,0.4444444444444444,0.18518518518518517,2,1,0.4511966400135022,0.4629448287618848,0.9629629629629629,1.7837460679950676
matrix_row_sums__python__v3,matrix_row_sums,matrix_aggregate,python,3,"Given a matrix of numbers, return a list containing the sum of each row.","def matrix_row_sums(element):
    entry = []
    for x in element:
        result = 0
        for n_count in x:
            result += n_count
        entry.append(result)
    return entry",20,44,43,0,0.0,True,0.1655992369855677,0.010427761822938919,0.3450737325664906,7.120767190379411,0.169306957391644,0.011069447733461857,0.3542405631815963,7.280199167840692,0.943646451068479,0.9987735748291016,0.9996475840723792,0.8372093023255814,0.7441860465116279,23,15,0.3011590309340266,0.3075593801776059,0.9302325581395349,2.3862603755037552
count_below__nl__v1,count_below,threshold_count,nl,1,"Given a list of numbers and a threshold, count the values less than the threshold.","Start a counter at zero. Examine every value. Whenever the current value is less than the threshold, increase the counter by one. Return the counter.",21,31,30,0,0.0,True,0.3311755780314949,0.09916399419307709,0.45408054341473963,9.935267340944847,0.33648175684696374,0.10053493827581406,0.46784153034788156,10.094452705408912,0.8782907197872798,0.9831361174583435,0.999456642071406,0.6333333333333333,0.4,8,6,0.41274829079790426,0.42160668593815304,0.9666666666666667,2.241639579716684
scan_min__nl__v2,scan_min,scan_extremum,nl,2,"Given a non-empty list of numbers, find the smallest value by scanning the list once.","Take the first value as the current minimum. Inspect each remaining value. If a value is smaller than the current minimum, replace the current minimum with it. Output the current minimum after the scan.",22,40,39,0,0.0,True,0.4044081892979403,0.2838645577430725,0.42255600486460987,15.771919382619672,0.408800316714825,0.28515228629112244,0.42755940158724653,15.943212351878174,0.8748560219238966,0.9423571825027466,0.999613011494661,0.5641025641025641,0.3076923076923077,8,2,0.4241747264076318,0.4293214078245096,0.9487179487179487,1.799927251633609
binary_search_exact__nl__v3,binary_search_exact,binary_search,nl,3,"Given an ascending sorted list and a target value, return the target index or minus one if absent.","Set low and high indices around the search range. Repeatedly inspect the middle value, returning its index on a match. Discard the half that cannot contain the target. Produce minus one if the range becomes empty.",24,44,43,0,0.0,True,0.7393173111188442,0.577271580696106,0.6522809832680468,31.7906443781103,0.7853096583614473,0.599336564540863,0.7094436467752198,33.76831530954223,0.7580988698227461,0.8611853718757629,0.9945045751194621,0.4186046511627907,0.16279069767441862,5,2,0.6178631797305397,0.6811658677567417,0.8372093023255814,2.932943681447034
bubble_sort_ascending__nl__v3,bubble_sort_ascending,bubble_sort,nl,3,"Given a list of numbers, sort it in ascending order using bubble sort and return the sorted copy.","Proceed as follows. Copy the input list. Repeatedly scan adjacent pairs and swap them when the left value is greater than the right value. After enough passes, return the copy.",24,37,36,0,0.0,True,0.6465885134619183,0.35628925263881683,0.6451991211233207,23.277186484629055,0.6930562535227283,0.3651112914085388,0.7390598706840437,24.95002512681822,0.7819080741869079,0.9193987250328064,0.9930321607324812,0.5277777777777778,0.25,4,3,0.7262818646567342,0.8009148803797351,0.8888888888888888,2.791768515816228
is_subset__python__v2,is_subset,set_relation,python,2,"Given two collections, determine whether every value in the first collection occurs in the second.","def is_subset(item, value):
    for current in item:
        if current not in value:
            return False
    return True",21,27,26,0,0.0,True,0.3217006978401024,0.019622409716248512,0.4715604955120729,8.364218143842663,0.344183830970136,0.020346587523818016,0.5154045917653424,8.948779605223535,0.9118676735804632,0.9976256787776947,0.9975071641115042,0.6923076923076923,0.5384615384615384,15,10,0.3135106213488325,0.3481130189858959,0.8846153846153846,1.5608809070654213
count_character__nl__v2,count_character,char_count,nl,2,"Given a string and a character, count how many times that character appears.","Begin a counter at zero. Inspect each character in the string. If it equals the target character, increase the counter by one. Output the counter.",19,31,30,0,0.0,True,0.4392988422730317,0.2856125980615616,0.4826554005052471,13.17896526819095,0.44624288846971466,0.28639037907123566,0.49573868076843763,13.38728665409144,0.8494024068117142,0.936412125825882,0.9993062396844228,0.6,0.23333333333333334,6,2,0.4822955608432149,0.49335140385665,0.9666666666666667,1.623252937225334
count_character__python__v2,count_character,char_count,python,2,"Given a string and a character, count how many times that character appears.","def count_character(output, current):
    value = 0
    for item in output:
        if item == current:
            value += 1
    return value",19,34,33,0,0.0,True,0.18966420923640148,0.020566368475556374,0.3514068063082213,6.258918904801249,0.1931236280004007,0.020868346095085144,0.35739809389279753,6.373079724013223,0.9411676408666553,0.9974564909934998,0.9996861598708413,0.8181818181818182,0.6666666666666666,12,12,0.2625169517350514,0.26782712827207433,0.9090909090909091,1.8081996313606974
integer_to_binary__python__v3,integer_to_binary,base_conversion,python,3,"Given a positive integer, return its binary representation as a string without a prefix.","def integer_to_binary(entry):
    element = []
    while entry > 0:
        element.append(str(entry % 2))
        entry //= 2
    element.reverse()
    return """".join(element)",20,42,41,0,0.0,True,0.20304609777326177,0.012274167500436306,0.4025528814057896,8.324890008703733,0.2075332426459171,0.012276146560907364,0.413341661777185,8.508862948482601,0.938635387798635,0.9984011054039001,0.9995528052492839,0.8780487804878049,0.6585365853658537,21,7,0.3481270534896794,0.3551082818230043,0.9512195121951219,1.780872372166565
merge_sorted_descending__python__v1,merge_sorted_descending,merge_sorted,python,1,"Given two lists sorted in descending order, merge them into one descending list.","def merge_sorted_descending(left_values, right_values):
    result = []
    i = 0
    j = 0
    while i < len(left_values) and j < len(right_values):
        if left_values[i] >= right_values[j]:
            result.append(left_values[i])
            i += 1
        else:
            result.append(right_values[j])
            j += 1
    result.extend(left_values[i:])
    result.extend(right_values[j:])
    return result",19,99,98,0,0.0,True,0.08138099833476183,0.0003890503285219893,0.22323325642776268,7.975337836806659,0.08236464845903442,0.00039650985854677856,0.2268904607536037,8.071735548985373,0.9652106463909149,0.9999688863754272,0.9999020762589513,0.9183673469387755,0.8367346938775511,34,34,0.10065880927156177,0.10244816246574828,0.9897959183673469,0.5292109491650243
group_by_length__nl__v2,group_by_length,grouping,nl,2,"Given a list of strings, build a dictionary grouping strings by their length while preserving input order inside each group.","Begin with an empty dictionary. Inspect each string, use its length as the key, build an empty list for a new key, and add the string to that key's list. Output the dictionary.",26,41,40,0,0.0,True,0.6134660281633841,0.4837520718574524,0.5574045293551789,24.538641126535367,0.6471333795430837,0.5027473866939545,0.6039624304862331,25.88533518172335,0.7889752633869648,0.8681856095790863,0.9959942996501923,0.475,0.25,3,2,0.6017178659213898,0.6494419104359949,0.9,2.362880582978687
count_increases__nl__v1,count_increases,adjacent_analysis,nl,1,"Given a list of numbers, count how many positions contain a value larger than the immediately preceding value.",Start a counter at zero. Compare each value after the first with its predecessor. Increase the counter when the current value is larger. Return the counter.,24,30,29,0,0.0,True,0.4647326048687883,0.21489602327346802,0.4843619954325362,13.477245541194861,0.4722670038144911,0.21546359360218048,0.4933521122511431,13.695743110620242,0.8292384928670423,0.9459086656570435,0.9992610853293846,0.5862068965517241,0.3103448275862069,4,3,0.4754520602857935,0.48258301654745345,1.0,1.7314349843412118
linear_first_index__nl__v2,linear_first_index,linear_search,nl,2,"Given a list and a target, return the index of the first target occurrence or minus one if absent.",Inspect the list from left to right while tracking the index. Output the index at the first value equal to the target. Output minus one if no match is found.,25,33,32,0,0.0,True,0.5487750187573965,0.4038460850715637,0.5283841542493739,17.56080060023669,0.5563952310940294,0.40636126697063446,0.5389949374863953,17.804647395008942,0.8030472667887807,0.8998010456562042,0.9992755819112062,0.5,0.21875,4,2,0.6032520912558539,0.6151823496780238,0.90625,2.1802107629864906
binary_search_exact__nl__v1,binary_search_exact,binary_search,nl,1,"Given an ascending sorted list and a target value, return the target index or minus one if absent.","Set low and high indices around the search range. Repeatedly inspect the middle value, returning its index on a match. Discard the half that cannot contain the target. Return minus one if the range becomes empty.",24,44,43,0,0.0,True,0.7187971485708299,0.5846455097198486,0.6483947163633952,30.908277388545685,0.7593946210975044,0.5858542323112488,0.701874533293433,32.65396870719269,0.7681154213672461,0.86159747838974,0.9951037806133891,0.4186046511627907,0.16279069767441862,3,2,0.6353277156983191,0.6924258659682458,0.8837209302325582,2.726323510734547
factorial_iterative__python__v2,factorial_iterative,factorial_product,python,2,"Given a nonnegative integer n, compute n factorial iteratively.","def factorial_iterative(item):
    value = 1
    for current in range(2, item + 1):
        value *= current
    return value",17,33,32,0,0.0,True,0.12846770163923793,0.03546496666967869,0.22863825156244352,4.110966452455614,0.13179323840449797,0.03595026955008507,0.2383203011289082,4.217383628943935,0.9612158071249723,0.9945806264877319,0.9996804036200047,0.90625,0.59375,13,5,0.2006428886633066,0.20603625480866722,0.90625,1.4818209942077374
sum_positive__nl__v1,sum_positive,sign_sum,nl,1,"Given a list of numbers, sum only the positive values.","Start the total at zero. Examine every number. Whenever a number is greater than zero, add it to the total. Return the total after the list has been processed.",16,35,34,0,0.0,True,0.425443081994993,0.23837511241436005,0.5034868990002622,14.46506478782976,0.4411418663324131,0.23871909081935883,0.5396245788800926,14.998823455302045,0.8530618241604637,0.9461586773395538,0.9981151977006126,0.6176470588235294,0.29411764705882354,9,3,0.5196626712673936,0.5493311360055073,0.9705882352941176,2.3425355580542173
running_sum__nl__v3,running_sum,cumulative_scan,nl,3,"Given a list of numbers, produce the running sum after each position.",Initialize a total at zero and create an empty result list. Process the numbers in order. Accumulate each value to the total and append the updated total to the result. Produce the result.,18,38,37,0,0.0,True,0.6181955550470062,0.5645371675491333,0.4480282565143678,22.87323553673923,0.6363653336223718,0.5705450773239136,0.4661671282605733,23.545517344027758,0.7988236240438513,0.8497394323348999,0.9981553812284727,0.3783783783783784,0.13513513513513514,4,3,0.43139155954122543,0.45143055481215316,0.918918918918919,2.2608673645347053
contains_zero__nl__v3,contains_zero,membership_test,nl,3,"Given a list of numbers, determine whether zero occurs in the list.","Process the numbers one by one. If the current number equals zero, return true immediately. If the scan finishes without finding zero, return false.",18,29,28,0,0.0,True,0.37146173767793506,0.1262030079960823,0.40683043447040595,10.40092865498218,0.3734664421597732,0.12770069390535355,0.40864621438807364,10.45706038047365,0.8803494466202599,0.9775277972221375,0.9998382670538766,0.5714285714285714,0.35714285714285715,4,4,0.4215050266369602,0.42321393958893705,0.9642857142857143,2.67694754904174
binary_search_exact__python__v1,binary_search_exact,binary_search,python,1,"Given an ascending sorted list and a target value, return the target index or minus one if absent.","def binary_search_exact(values, target):
    low = 0
    high = len(values) - 1
    while low <= high:
        middle = (low + high) // 2
        if values[middle] == target:
            return middle
        if values[middle] < target:
            low = middle + 1
        else:
            high = middle - 1
    return -1",24,87,86,0,0.0,True,0.08289665383229736,0.0013059207703918219,0.2829396420493354,7.129112229577572,0.08517509501579361,0.0013090056600049138,0.29394130685734265,7.3250581713582505,0.9708282122778338,0.9998769164085388,0.9997353214164113,0.9302325581395349,0.8604651162790697,63,29,0.10853765559654141,0.11112351419237712,0.9883720930232558,0.5690755770012614
frequency_map_chars__python__v1,frequency_map_chars,frequency_map,python,1,"Given a string, build a dictionary mapping each character to its occurrence count.","def frequency_map_chars(text):
    counts = {}
    for char in text:
        if char in counts:
            counts[char] += 1
        else:
            counts[char] = 1
    return counts",19,44,43,0,0.0,True,0.10559171511364861,0.0014519602991640568,0.28922117161941563,4.54044374988689,0.10711381074976765,0.001461043837480247,0.295434684089609,4.605893862240009,0.9602543503739113,0.9998770952224731,0.999849330547244,0.9302325581395349,0.7906976744186046,36,16,0.15216828008412145,0.15486250734470342,0.9534883720930233,1.0292522407182256
group_by_length__nl__v3,group_by_length,grouping,nl,3,"Given a list of strings, build a dictionary grouping strings by their length while preserving input order inside each group.","Initialize with an empty dictionary. Process each string, use its length as the key, create an empty list for a new key, and append the string to that key's list. Produce the dictionary.",26,40,39,0,0.0,True,0.673017084879132,0.7492832541465759,0.5959267741848847,26.24766631028615,0.7046994330445066,0.7607470154762268,0.6692521896992996,27.483277888735756,0.7649568177950687,0.7474941611289978,0.9953347490384028,0.4358974358974359,0.23076923076923078,4,2,0.5893182329171779,0.6383295977904805,0.9743589743589743,2.1618456903664853
scan_max__nl__v2,scan_max,scan_extremum,nl,2,"Given a non-empty list of numbers, find the largest value by scanning the list once.","Take the first value as the current maximum. Inspect each remaining value. If a value is larger than the current maximum, replace the current maximum with it. Output the current maximum after the scan.",22,40,39,0,0.0,True,0.4232130901864133,0.311250776052475,0.4176368130679548,16.505310517270118,0.4260402474946414,0.31179898977279663,0.42065888596998297,16.615569652291015,0.862544019252826,0.9323393106460571,0.9997593959172567,0.5384615384615384,0.2564102564102564,4,1,0.4714097711747806,0.47435534229551096,0.9487179487179487,1.7809643106315305
binary_search_insertion__nl__v2,binary_search_insertion,binary_search,nl,2,"Given an ascending sorted list and a target value, return the index where the target could be inserted while preserving order.",Set low to the start and high just past the end. Repeatedly inspect the middle. Move low right when the middle value is below the target; otherwise move high to the middle. Output low when the range closes.,27,45,44,0,0.0,True,0.632003725511657,0.5789994299411774,0.552959027090879,27.808163922512904,0.6702710544976237,0.609052836894989,0.6022933177078694,29.49192639789544,0.7903086881745945,0.8305653631687164,0.9956251951781186,0.4318181818181818,0.20454545454545456,3,2,0.5997756648440521,0.6316258978466828,0.8636363636363636,3.23405060483955
count_digits__nl__v2,count_digits,digit_count,nl,2,"Given a positive integer, count its decimal digits.","Begin a counter at zero. While the number is positive, remove its last digit using integer division by ten and increase the counter by one. Output the counter.",14,32,31,0,0.0,True,0.30997941216018293,0.13988234102725983,0.3814260440095282,9.60936177696567,0.3200411650374712,0.14015746116638184,0.4021059209901905,9.921276116161607,0.902238336301619,0.9699001908302307,0.9990044063137423,0.7096774193548387,0.45161290322580644,5,5,0.3477039215542997,0.3623656847281381,0.967741935483871,2.297834542164515
matrix_contains__python__v3,matrix_contains,matrix_search,python,3,"Given a matrix and a target value, determine whether the target occurs anywhere in the matrix.","def matrix_contains(element, x):
    for entry in element:
        for result in entry:
            if result == x:
                return True
    return False",22,32,31,0,0.0,True,0.25399806637799505,0.011548947542905807,0.48608548537123913,7.873940057717846,0.2674153499486443,0.01245846413075924,0.5162113392991488,8.289875848407974,0.91748456320455,0.9986362457275391,0.9984152105546766,0.8064516129032258,0.7096774193548387,16,16,0.31026033253632096,0.32893418245124245,0.9032258064516129,2.0836389398465407
count_even_digits__python__v3,count_even_digits,digit_count,python,3,"Given a positive integer, count how many of its decimal digits are even.","def count_even_digits(x):
    element = 0
    while x > 0:
        entry = x % 10
        if entry % 2 == 0:
            element += 1
        x //= 10
    return element",19,54,53,0,0.0,True,0.06979734876031968,0.0020872389432042837,0.1795521954220758,3.6992594842969426,0.07009251578075415,0.0021019820123910904,0.17988567072882508,3.7149033363799697,0.977588027153375,0.9998144507408142,0.999979132751249,0.9433962264150944,0.8490566037735849,20,12,0.12371307450229052,0.12366600865856966,0.9622641509433962,1.2802762960699026
adjacent_sums__python__v1,adjacent_sums,adjacent_transform,python,1,"Given a list of numbers, create a list containing the sum of each adjacent pair.","def adjacent_sums(values):
    result = []
    for index in range(1, len(values)):
        result.append(values[index] + values[index - 1])
    return result",21,37,36,0,0.0,True,0.11662272156847091,0.00168753630714491,0.27919210914034653,4.1984179764649525,0.11684932268076409,0.001751453208271414,0.2793761575211449,4.206575616507507,0.9618737374742826,0.9998404383659363,0.9999840607245764,0.8888888888888888,0.7222222222222222,22,6,0.206937802138782,0.20727432636875684,0.9722222222222222,1.257004276897378
contains_zero__nl__v1,contains_zero,membership_test,nl,1,"Given a list of numbers, determine whether zero occurs in the list.","Examine the numbers one by one. If the current number equals zero, return true immediately. If the scan finishes without finding zero, return false.",18,30,29,0,0.0,True,0.3308640830444872,0.06385837495326996,0.3959929337787069,9.595058408290129,0.3318929197927728,0.06387288868427277,0.39692202146666844,9.624894673990411,0.8738899703683525,0.9900267720222473,0.9999214821848376,0.6551724137931034,0.5172413793103449,9,4,0.3410436785145277,0.34219688365479733,0.9655172413793104,2.569203036755755
ordered_unique_intersection__python__v3,ordered_unique_intersection,ordered_intersection,python,3,"Given two lists, return distinct values from the first list that also occur in the second list, preserving first-list order.","def ordered_unique_intersection(element, x):
    entry = []
    for result in element:
        if result in x and result not in entry:
            entry.append(result)
    return entry",28,37,36,0,0.0,True,0.3135604108756272,0.037180423736572266,0.49628593956021533,11.288174791522579,0.32681342073637,0.039007965475320816,0.5188601857188426,11.765283146509319,0.8979029382268587,0.9948531687259674,0.9985984365145365,0.75,0.5555555555555556,15,12,0.35316156786705377,0.3691962450052545,0.8611111111111112,2.62038886819007
minmax_normalize__nl__v3,minmax_normalize,bounded_numeric_transform,nl,3,"Given a non-empty list of numbers with distinct minimum and maximum values, scale each value into the interval from zero to one using min-max normalization.","Find the minimum and maximum values. Initialize an empty result list. For each value, subtract the minimum and divide by the difference between maximum and minimum, then append the result. Produce the list.",33,39,38,0,0.0,True,0.4688995831621517,0.40706273913383484,0.4048222389988799,17.818184160161763,0.47728945160480707,0.4089636206626892,0.4141291314788408,18.13699916098267,0.8222824554694327,0.8941659331321716,0.9992341665845168,0.5,0.2631578947368421,4,3,0.4812494078147653,0.49036844885228453,0.9473684210526315,1.9734227544931375
insertion_sort_descending__python__v3,insertion_sort_descending,insertion_sort,python,3,"Given a list of numbers, sort it in descending order using insertion sort and return the sorted copy.","def insertion_sort_descending(n_count):
    result = n_count[:]
    for entry in range(1, len(result)):
        element = result[entry]
        x = entry - 1
        while x >= 0 and result[x] < element:
            result[x + 1] = result[x]
            x -= 1
        result[x + 1] = element
    return result",24,83,82,0,0.0,True,0.15018355164126748,0.008563747629523277,0.3706676841737671,12.315051234583933,0.15635921888527995,0.009624372236430645,0.39141374247448096,12.821455948592956,0.9486393710462059,0.999007910490036,0.9992999223674216,0.8780487804878049,0.7804878048780488,35,16,0.231418793288357,0.2432376278693096,0.9512195121951219,1.0641179770362528
invert_unique_map__python__v3,invert_unique_map,dictionary_transform,python,3,"Given a dictionary whose values are unique, return a new dictionary mapping each original value to its original key.","def invert_unique_map(entry):
    x = {}
    for element, result in entry.items():
        x[result] = element
    return x",25,29,28,0,0.0,True,0.22854010318457899,0.011378608644008636,0.38645033956639957,6.399122889168211,0.2342597720528699,0.011560406535863876,0.39465372419359984,6.559273617480358,0.922010274870055,0.9986254870891571,0.9994874554021018,0.75,0.7142857142857143,14,14,0.3297231536670114,0.3375917793552314,0.8214285714285714,2.9808500111467993
numeric_palindrome__python__v2,numeric_palindrome,numeric_reverse,python,2,"Given a nonnegative integer, determine whether its decimal digits form a palindrome.","def numeric_palindrome(value):
    current = value
    output = 0
    while value > 0:
        item = value % 10
        output = output * 10 + item
        value //= 10
    return current == output",19,56,55,0,0.0,True,0.09302742815320447,0.001723994268104434,0.21947400964930067,5.116508548426246,0.09361679049188996,0.0017266521463170648,0.22097725909981386,5.148923477053948,0.9649200883778659,0.9998417496681213,0.9999505378983238,0.8909090909090909,0.8181818181818182,33,15,0.15334814488492196,0.1544217707148353,0.9090909090909091,1.905084012907388
anti_diagonal_sum__nl__v2,anti_diagonal_sum,diagonal_aggregate,nl,2,"Given a square matrix, calculate the sum of its anti-diagonal.","Begin a total at zero. For every row index, add the element whose column index is the mirrored position from the right. Output the total.",18,29,28,0,0.0,True,0.7859388434195093,0.7612311542034149,0.5840593570837515,22.00628761574626,0.8920776176133326,0.7659241259098053,0.6981232233532414,24.978173293173313,0.7549046927264759,0.7427583038806915,0.9876890288931983,0.35714285714285715,0.10714285714285714,3,2,0.5906078738194925,0.7028916240842255,0.8571428571428571,3.1186405033471862
gcd_two__python__v1,gcd_two,gcd_family,python,1,"Given two nonnegative integers, compute their greatest common divisor using the Euclidean algorithm.","def gcd_two(a, b):
    while b != 0:
        a, b = b, a % b
    return a",21,28,27,0,0.0,True,0.1151860491572081,0.0003130021505057812,0.2903327286179535,3.110023327244619,0.11528130833646555,0.00031429383670911193,0.29049714607739285,3.1125953250845697,0.9476718858436302,0.9999768733978271,0.9999935119240372,0.8888888888888888,0.7777777777777778,17,17,0.20356924911996763,0.2037289572298223,0.9629629629629629,0.7371502217398171
rotate_matrix_clockwise__python__v3,rotate_matrix_clockwise,matrix_transform,python,3,"Given a non-empty square matrix, return a new matrix rotated ninety degrees clockwise.","def rotate_matrix_clockwise(entry):
    result = []
    aggregate = len(entry)
    for element in range(aggregate):
        x = []
        for n_count in range(aggregate - 1, -1, -1):
            x.append(entry[n_count][element])
        result.append(x)
    return result",20,64,63,0,0.0,True,0.25674291067647687,0.027976956218481064,0.43670581358751276,16.174803372618044,0.27724081869867706,0.029591666534543037,0.48554538018419596,17.466171578016656,0.9240421955547635,0.9960170388221741,0.9977463304050385,0.8095238095238095,0.6349206349206349,26,15,0.41608318985691445,0.4457583422197551,0.8888888888888888,1.6051437197023237
string_palindrome__nl__v3,string_palindrome,palindrome_test,nl,3,"Given a string, determine whether it reads the same forward and backward.",Set one index at the beginning and another at the end. Compare the two characters and move both indices inward. Produce false on a mismatch; return true if all mirrored pairs match.,18,36,35,0,0.0,True,0.7160695386950725,0.7852144241333008,0.4133678352598975,25.062433854327537,0.7395936368440743,0.801539421081543,0.43329678453479353,25.885777289542602,0.7517321390765054,0.737601101398468,0.9976203373500279,0.2571428571428571,0.14285714285714285,4,3,0.45470589278128876,0.4783150395635269,0.9428571428571428,2.831850976548906
binary_search_insertion__nl__v3,binary_search_insertion,binary_search,nl,3,"Given an ascending sorted list and a target value, return the index where the target could be inserted while preserving order.",Set low to the start and high just past the end. Repeatedly inspect the middle. Move low right when the middle value is below the target; otherwise move high to the middle. Produce low when the range closes.,27,45,44,0,0.0,True,0.6123030967031479,0.6569300889968872,0.5173432587800976,26.941336254938506,0.6500528998651796,0.674323171377182,0.567945370752024,28.6023275940679,0.7951193377375603,0.8081514239311218,0.9957371543754231,0.4318181818181818,0.25,3,2,0.546134075047015,0.5783688756312395,0.8636363636363636,3.381260366917228
frequency_map_chars__python__v3,frequency_map_chars,frequency_map,python,3,"Given a string, build a dictionary mapping each character to its occurrence count.","def frequency_map_chars(x):
    entry = {}
    for element in x:
        if element in entry:
            entry[element] += 1
        else:
            entry[element] = 1
    return entry",19,44,43,0,0.0,True,0.147828690424873,0.005158246494829655,0.32842667481975046,6.35663368826954,0.15283720861460223,0.005363943055272102,0.3404474404976929,6.571999970427896,0.9484163273212521,0.9994743466377258,0.9995008887246598,0.8604651162790697,0.7209302325581395,16,16,0.21701230203650215,0.22456320257138682,0.8837209302325582,1.580666134431275
sum_positive__python__v3,sum_positive,sign_sum,python,3,"Given a list of numbers, sum only the positive values.","def sum_positive(x):
    element = 0
    for entry in x:
        if entry > 0:
            element += entry
    return element",16,32,31,0,0.0,True,0.1679836502729989,0.018465138971805573,0.35062024183498536,5.207493158462967,0.17067516711534653,0.01848731003701687,0.35529747199892536,5.290930180575742,0.9443735326490095,0.9976409673690796,0.9997588376845082,0.8709677419354839,0.6451612903225806,18,6,0.24475656301183335,0.2473901222926846,0.9354838709677419,1.5059096369133929
ordered_intersection__python__v1,ordered_intersection,ordered_intersection,python,1,"Given two lists, return values from the first list that also occur in the second list, preserving duplicates and order from the first list.","def ordered_intersection(first, second):
    result = []
    for value in first:
        if value in second:
            result.append(value)
    return result",31,31,30,0,0.0,True,0.2010596257488942,0.002342194551602006,0.4571656165879988,6.031788772466825,0.20462766841228586,0.002353794639930129,0.4652943795388755,6.138830052368576,0.9287191540002823,0.9997796714305878,0.9996469199657441,0.8333333333333334,0.7333333333333333,17,17,0.27672387769742834,0.2812622960281542,0.9666666666666667,0.8674461764808484
keep_letters__python__v3,keep_letters,string_filter,python,3,"Given a string, return a new string containing only alphabetic characters.","def keep_letters(x):
    entry = """"
    for element in x:
        if element.isalpha():
            entry += element
    return entry",18,29,28,0,0.0,True,0.2655679632968843,0.018176350742578506,0.5052635396951255,7.4359029723127605,0.2718711509996865,0.022397825494408607,0.5169538270456046,7.612392227991222,0.9079351840274674,0.9976839423179626,0.9993744769266674,0.7857142857142857,0.7142857142857143,17,14,0.37534001893342334,0.3843606131022507,0.9285714285714286,1.7135862982362045
count_below__python__v1,count_below,threshold_count,python,1,"Given a list of numbers and a threshold, count the values less than the threshold.","def count_below(values, threshold):
    count = 0
    for value in values:
        if value < threshold:
            count += 1
    return count",21,34,33,0,0.0,True,0.13889959278943328,0.0014598891139030457,0.3823272685224621,4.583686562051298,0.1393483040373984,0.0015057033160701394,0.3831464005546086,4.598494033234147,0.9455017077200341,0.9998578429222107,0.9999644629883043,0.8787878787878788,0.7878787878787878,12,12,0.25843550635136125,0.259125693024572,1.0,0.5868994298078273
count_even_digits__nl__v2,count_even_digits,digit_count,nl,2,"Given a positive integer, count how many of its decimal digits are even.","Begin a counter at zero. While the number is positive, inspect the last digit, increase the counter if it is even, then remove the digit using integer division by ten. Output the counter.",19,39,38,0,0.0,True,0.35877225802036455,0.16843704879283905,0.43750432719371035,13.633345804773853,0.36504847849152466,0.16908423230051994,0.44759766046806576,13.871842182677938,0.8658146873900765,0.9644334316253662,0.9994274111170518,0.6842105263157895,0.39473684210526316,10,4,0.47714738891935105,0.48801162831541905,0.9736842105263158,2.4655505359681373
rotate_right_one__nl__v1,rotate_right_one,rotation,nl,1,"Given a non-empty list, rotate it right by one position.","Create an empty result list. Append the original last element, then append every earlier element in original order. Return the result.",17,25,24,0,0.0,True,0.5737618713950118,0.28460077941417694,0.6155379649636346,13.770284913480282,0.5958025756990537,0.2855837717652321,0.652929975096431,14.299261816777289,0.8060731093088785,0.94065260887146,0.9973995387554169,0.5833333333333334,0.16666666666666666,5,2,0.6483591989330624,0.6897257400433654,0.9583333333333334,3.572930713674092
list_divisors__nl__v3,list_divisors,divisors,nl,3,"Given a positive integer n, return all positive divisors of n in increasing order.","Initialize an empty result list. Process every integer from one through n. If n is divisible by the current integer, append it. Produce the result.",21,30,29,0,0.0,True,0.6852817112933202,0.7445456981658936,0.5255553201937555,19.873169627506286,0.7045720020341205,0.7621655464172363,0.5441412222524765,20.432588058989495,0.7248648127605175,0.6684235334396362,0.9981437202157646,0.3793103448275862,0.20689655172413793,3,2,0.5201415097274419,0.5397552374550807,0.9310344827586207,2.8067396342441246
reverse_integer__nl__v3,reverse_integer,numeric_reverse,nl,3,"Given a nonnegative integer, reverse the order of its decimal digits.","Initialize the reversed value at zero. While the number is positive, take its last digit, append that digit to the reversed value by multiplying by ten and adding, then remove the last input digit. Produce the reversed value.",18,44,43,0,0.0,True,0.49453882492678025,0.3400343358516693,0.43829369101450827,21.26516947185155,0.5293346285755032,0.36262813210487366,0.49766100661382495,22.761389028746635,0.8470305710337883,0.9162867665290833,0.9959435864936473,0.5348837209302325,0.13953488372093023,6,1,0.5061620370806417,0.5573666682688608,0.9534883720930233,2.64888803475688
list_divisors__nl__v2,list_divisors,divisors,nl,2,"Given a positive integer n, return all positive divisors of n in increasing order.","Build an empty result list. Inspect every integer from one through n. If n is divisible by the current integer, add it. Output the result.",21,31,30,0,0.0,True,0.6892251308076084,0.7655168771743774,0.5260057427643781,20.67675392422825,0.721268841996789,0.7688468098640442,0.5731631114667101,21.63806525990367,0.7560521999994914,0.7385117709636688,0.996173628171285,0.4,0.13333333333333333,3,1,0.6674997394840265,0.7179659802852005,0.9333333333333333,2.7404647410478598
filter_negative__python__v3,filter_negative,sign_filter,python,3,"Given a list of numbers, create a new list containing only negative values.","def filter_negative(x):
    element = []
    for entry in x:
        if entry < 0:
            element.append(entry)
    return element",19,30,29,0,0.0,True,0.15646800158393834,0.008484452031552792,0.3483497690036026,4.537572045934212,0.15932500372055702,0.008528362028300762,0.3535316392191536,4.620425107896153,0.9402261078357697,0.9990532398223877,0.9997431471430022,0.8620689655172413,0.7241379310344828,18,18,0.19093690648722778,0.1936791712313217,0.9310344827586207,1.6457285510508537
absolute_values__nl__v2,absolute_values,element_transform,nl,2,"Given a list of numbers, create a list containing the absolute value of each element.","Build an empty result list. Inspect each input number, compute its absolute value, and add that value to the result. Output the result.",21,29,28,0,0.0,True,0.44851461847013396,0.36577652394771576,0.48473200341209327,12.55840931716375,0.45462489708526327,0.3662058562040329,0.4929383576844415,12.729497118387371,0.8367998419063432,0.9112997055053711,0.9994164833000728,0.5714285714285714,0.35714285714285715,4,3,0.3993458145780972,0.40971188243754486,0.9642857142857143,2.3479517223266675
count_increases__nl__v3,count_increases,adjacent_analysis,nl,3,"Given a list of numbers, count how many positions contain a value larger than the immediately preceding value.",Initialize a counter at zero. Compare each value after the first with its predecessor. Increase the counter when the current value is larger. Produce the counter.,24,30,29,0,0.0,True,0.5054937928853805,0.4466778635978699,0.5142226695581804,14.659319993676036,0.5096366396249103,0.44812846183776855,0.5188502318677951,14.7794625491224,0.8077134839419661,0.8788162469863892,0.9996102513938114,0.4827586206896552,0.27586206896551724,3,3,0.5822211820892075,0.5892013055449102,0.9655172413793104,2.0301794663966324
main_diagonal_sum__nl__v1,main_diagonal_sum,diagonal_aggregate,nl,1,"Given a square matrix, calculate the sum of its main diagonal.","Start a total at zero. For every index, add the matrix element whose row and column both equal that index. Return the total.",17,27,26,0,0.0,True,0.602704732446,0.5523121058940887,0.47331401367986703,15.670323043596,0.6514248861125312,0.5765608549118042,0.5373629882738634,16.93704703892581,0.8048340552128278,0.8407484591007233,0.9945579652602856,0.38461538461538464,0.15384615384615385,2,1,0.6313098431006074,0.7085954042710364,0.9615384615384616,2.7456413555147057
filter_mapping_by_value__nl__v1,filter_mapping_by_value,dictionary_transform,nl,1,"Given a dictionary with numeric values and a threshold, return a new dictionary containing only entries whose value is greater than the threshold.","Start with an empty result dictionary. Examine each key and value. If the value is greater than the threshold, copy that entry into the result. Return the result.",29,34,33,0,0.0,True,0.24859471357878205,0.0972634106874466,0.29976317283909165,8.203625548099808,0.2513666620560605,0.097951740026474,0.30384219470796114,8.295099847849997,0.9135348706534414,0.9835800528526306,0.9997756047682329,0.7272727272727273,0.3939393939393939,9,4,0.29458353900236034,0.2974724489821483,0.9696969696969697,2.02074287292265
least_frequent__nl__v2,least_frequent,mode_selection,nl,2,"Given a non-empty list, return a value with the lowest occurrence count, choosing the first such value on ties.",Build occurrence counts. Then scan the original list while tracking the best value and lowest count seen. Replace the best only when a strictly lower count is found. Output the best value.,27,36,35,0,0.0,True,0.8819687200177994,0.8571876883506775,0.690575440490828,30.868905200622976,0.9658655904499548,0.8586231470108032,0.8208064923340074,33.80529566574842,0.6921291555677141,0.6801707148551941,0.9876856395176479,0.3142857142857143,0.11428571428571428,3,1,0.7648305236088002,0.8568518851500224,0.8857142857142857,2.9697808956793907
adjacent_sums__python__v3,adjacent_sums,adjacent_transform,python,3,"Given a list of numbers, create a list containing the sum of each adjacent pair.","def adjacent_sums(x):
    entry = []
    for element in range(1, len(x)):
        entry.append(x[element] + x[element - 1])
    return entry",21,37,36,0,0.0,True,0.19439022715555943,0.021900327876210213,0.2748822154318566,6.99804817760014,0.1981479557733918,0.022477323189377785,0.27689877518869205,7.133326407842105,0.9251125918494331,0.9971295595169067,0.9996774246295294,0.7222222222222222,0.6111111111111112,5,5,0.29102770781111237,0.29634817015945114,0.9444444444444444,1.8501258194860764
count_digits__python__v3,count_digits,digit_count,python,3,"Given a positive integer, count its decimal digits.","def count_digits(entry):
    element = 0
    while entry > 0:
        entry //= 10
        element += 1
    return element",14,34,33,0,0.0,True,0.18900140662007095,0.021306687965989113,0.3877104714498597,6.2370464184623415,0.19344838104635445,0.021356362849473953,0.39892232034840414,6.383796574529697,0.9337561130523682,0.9974128603935242,0.9995489192731453,0.8181818181818182,0.6666666666666666,7,7,0.3296562279866748,0.3362278176912241,0.9393939393939394,1.3557851301556094
square_values__python__v1,square_values,element_transform,python,1,"Given a list of numbers, create a list containing the square of each element.","def square_values(values):
    result = []
    for value in values:
        result.append(value * value)
    return result",20,25,24,0,0.0,True,0.21108762574587558,0.0021009555784985423,0.45283147204950436,5.066103017901014,0.2114340777318565,0.002127852290868759,0.4534765525267198,5.0744178655645555,0.9249939111371835,0.999793529510498,0.9999730363488197,0.875,0.75,13,7,0.40700001567218985,0.4075380402381716,1.0,0.9966634138320384
minmax_normalize__python__v3,minmax_normalize,bounded_numeric_transform,python,3,"Given a non-empty list of numbers with distinct minimum and maximum values, scale each value into the interval from zero to one using min-max normalization.","def minmax_normalize(n_count):
    entry = min(n_count)
    element = max(n_count)
    x = []
    for result in n_count:
        x.append((result - entry) / (element - entry))
    return x",33,49,48,0,0.0,True,0.3106523323638726,0.017353512346744537,0.5389191807742598,14.911311953465884,0.33535722179681215,0.0175287127494812,0.5887264832662789,16.097146646246983,0.9104964323341846,0.9978543519973755,0.9967908983429273,0.75,0.5833333333333334,11,9,0.473257491221762,0.5133843937601729,0.9166666666666666,1.9726520998667094
count_primes_up_to__nl__v2,count_primes_up_to,primality,nl,2,"Given a nonnegative integer n, count how many prime numbers are at most n.","Begin a prime counter at zero. For every candidate from two through n, test divisors up to its square root. Increase the counter when no divisor is found. Output the counter.",21,37,36,0,0.0,True,0.6790579649257578,0.5336093306541443,0.5943407040177372,24.446086737327278,0.7612989180617862,0.548562228679657,0.7173150064008007,27.406761050224304,0.786607176065445,0.8721115291118622,0.9899669471714232,0.4444444444444444,0.16666666666666666,5,1,0.6400596399924585,0.7682366175310952,0.9166666666666666,2.9425001201970087
dedupe_first__nl__v3,dedupe_first,deduplication,nl,3,"Given a list, remove duplicate values while keeping the first occurrence of each value.","Initialize with an empty result list. Process the input values in order. If the current value is not already in the result, append it. Produce the result after the scan.",20,35,34,0,0.0,True,0.4657066547541249,0.3698837161064148,0.3844909390288823,15.834026261640247,0.47109068005931265,0.37028737366199493,0.39144964557793527,16.01708312201663,0.8405514359474182,0.8929724395275116,0.9994828069911283,0.47058823529411764,0.20588235294117646,3,2,0.470417037637989,0.47822706087555905,0.9705882352941176,2.8607545372536096
partition_by_threshold__python__v1,partition_by_threshold,partition,python,1,"Given a list of numbers and a threshold, return two lists: values below the threshold and values at least the threshold, preserving order.","def partition_by_threshold(values, threshold):
    below = []
    at_least = []
    for value in values:
        if value < threshold:
            below.append(value)
        else:
            at_least.append(value)
    return below, at_least",31,49,48,0,0.0,True,0.10518124938551132,0.0003758411039598286,0.3157102855234167,5.048699970504543,0.10606086854986962,0.0003854776150546968,0.31858676724060436,5.090921690393742,0.9617310389876366,0.9999692142009735,0.9999152061839899,0.9166666666666666,0.875,29,29,0.17119300685315955,0.17210583973006854,1.0,0.41056390039981167
count_increases__python__v1,count_increases,adjacent_analysis,python,1,"Given a list of numbers, count how many positions contain a value larger than the immediately preceding value.","def count_increases(values):
    count = 0
    for index in range(1, len(values)):
        if values[index] > values[index - 1]:
            count += 1
    return count",24,45,44,0,0.0,True,0.1372327907413106,0.0007205730362329632,0.41092598090441207,6.038242792617666,0.14613621057043763,0.0007513501041103154,0.44716866266363153,6.429993265099256,0.9536939974535595,0.9999381601810455,0.9988351708108728,0.9318181818181818,0.8181818181818182,36,13,0.27228534413058675,0.290427176561765,1.0,0.4672711001244478
selection_sort_ascending__nl__v3,selection_sort_ascending,selection_sort,nl,3,"Given a list of numbers, sort it in ascending order using selection sort and return the sorted copy.","Copy the list. For each position, find the smallest value in the remaining suffix and swap it into the current position. Produce the copy.",24,28,27,0,0.0,True,0.6122064386253003,0.5351067185401917,0.4521110711973914,16.52957384288311,0.6271021921463587,0.5395749807357788,0.46587007823270254,16.931759187951684,0.7937875886758169,0.8663269281387329,0.998499161667294,0.4074074074074074,0.14814814814814814,2,1,0.4556101279763075,0.46379480267373413,0.9259259259259259,2.0328106252483042
digit_sum__python__v3,digit_sum,digit_aggregate,python,3,"Given a nonnegative integer, compute the sum of its decimal digits.","def digit_sum(element):
    entry = 0
    while element > 0:
        entry += element % 10
        element //= 10
    return entry",18,37,36,0,0.0,True,0.14902509090054344,0.012206063605844975,0.4229070082723087,5.364903272419564,0.15703487300818597,0.01245200913399458,0.44690401314357525,5.653255428294695,0.9514147701362768,0.9985549449920654,0.9991129123502307,0.9166666666666666,0.7777777777777778,24,14,0.2769838566235545,0.2898578507038989,0.9444444444444444,1.5588919574206554
fibonacci_nth__python__v1,fibonacci_nth,fibonacci,python,1,"Given a nonnegative integer n with F0 equal to zero and F1 equal to one, return Fn iteratively.","def fibonacci_nth(n):
    a = 0
    b = 1
    for _ in range(n):
        a, b = b, a + b
    return a",28,38,37,0,0.0,True,0.11637281221029863,0.0034961190540343523,0.2776130064337618,4.305794051781049,0.11708452649307563,0.003807267639786005,0.2794426786565279,4.332127480243798,0.9577206542363038,0.9996243119239807,0.9999425604536727,0.8918918918918919,0.8108108108108109,18,12,0.1787991705889201,0.17989992761512338,0.972972972972973,0.8439798796435519
count_unique_words__python__v1,count_unique_words,word_count,python,1,"Given a string containing words separated by whitespace, count the distinct words.","def count_unique_words(text):
    words = text.split()
    unique = set(words)
    return len(unique)",18,23,22,0,0.0,True,0.1845069354398716,0.03221030347049236,0.3355717630178456,4.059152579677175,0.18518365121615882,0.032288734801113605,0.33608516207974504,4.074040326755494,0.9376595128666271,0.9952088296413422,0.9999537630514665,0.8636363636363636,0.5909090909090909,8,5,0.3258481976933711,0.3263880137265438,1.0,1.0148797583012559
linear_last_index__python__v1,linear_last_index,linear_search,python,1,"Given a list and a target, return the index of the last target occurrence or minus one if absent.","def linear_last_index(values, target):
    found = -1
    for index, value in enumerate(values):
        if value == target:
            found = index
    return found",25,37,36,0,0.0,True,0.1523107416868091,0.004334535216912627,0.36928442207799905,5.483186700725128,0.15412408870689534,0.004368017194792628,0.37463097136332973,5.548467193448232,0.9482513492306074,0.9995391368865967,0.9998223400778241,0.8611111111111112,0.7777777777777778,19,19,0.2024880830841929,0.20402709739937563,0.9166666666666666,1.627060974644135
lcm_two__python__v3,lcm_two,lcm_family,python,3,"Given two positive integers, compute their least common multiple using their greatest common divisor.","def lcm_two(element, entry):
    x = element
    result = entry
    while result != 0:
        x, result = result, x % result
    return (element // x) * entry",20,44,43,0,0.0,True,0.19934033984751548,0.03725343942642212,0.3428228973537273,8.571634613443166,0.20468354002209813,0.03904860094189644,0.35204403993495215,8.80139222095022,0.9360796310180841,0.9946248531341553,0.9995214564855709,0.8372093023255814,0.627906976744186,11,6,0.251311685035554,0.2594167697964059,0.8837209302325582,3.0050988291104237
adjacent_sums__python__v2,adjacent_sums,adjacent_transform,python,2,"Given a list of numbers, create a list containing the sum of each adjacent pair.","def adjacent_sums(current):
    value = []
    for item in range(1, len(current)):
        value.append(current[item] + current[item - 1])
    return value",21,37,36,0,0.0,True,0.19955120653382133,0.026280133984982967,0.3083653866526167,7.183843435217568,0.20098206640694924,0.02685696631669998,0.30909095057324915,7.235354390650173,0.9266425429119004,0.9962630271911621,0.9998846583896213,0.75,0.6111111111111112,8,5,0.30131219116779645,0.3039256169252829,0.9444444444444444,1.7880167914795493
lcm_two__python__v1,lcm_two,lcm_family,python,1,"Given two positive integers, compute their least common multiple using their greatest common divisor.","def lcm_two(a, b):
    x = a
    y = b
    while y != 0:
        x, y = y, x % y
    return (a // x) * b",20,44,43,0,0.0,True,0.12496740608359824,0.00178046734072268,0.27374699661440516,5.3735984615947245,0.12506365618419082,0.0017832269659265876,0.27380744713120386,5.377737215920206,0.9477937159150146,0.9998379349708557,0.999993967455487,0.8372093023255814,0.7674418604651163,18,10,0.16408799656530196,0.1640760126411221,0.9534883720930233,1.3851743547214868
factorial_iterative__nl__v3,factorial_iterative,factorial_product,nl,3,"Given a nonnegative integer n, compute n factorial iteratively.",Initialize a product at one. Multiply it by every integer from two through n. Produce the final product.,17,21,20,0,0.0,True,0.6023162331432104,0.5817046165466309,0.43134826313518443,12.046324662864208,0.6418868228793144,0.604622483253479,0.4687162823300954,12.837736457586288,0.8192513540387154,0.8403594493865967,0.9960090607404709,0.45,0.15,4,2,0.4549913131876996,0.4893461591319034,0.9,2.702788760745898
filter_mapping_by_value__nl__v2,filter_mapping_by_value,dictionary_transform,nl,2,"Given a dictionary with numeric values and a threshold, return a new dictionary containing only entries whose value is greater than the threshold.","Begin with an empty result dictionary. Inspect each key and value. When the value is greater than the threshold, copy that entry into the result. Output the result.",29,34,33,0,0.0,True,0.34439021984298684,0.2177080512046814,0.35943293560962325,11.364877254818566,0.3506107737423118,0.21798662841320038,0.3681518932630033,11.57015553349629,0.8756644274249221,0.9516767263412476,0.9994651910030481,0.5757575757575758,0.3939393939393939,4,4,0.42583514487341745,0.4342719762644265,0.9393939393939394,2.446962537845607
linear_last_index__python__v2,linear_last_index,linear_search,python,2,"Given a list and a target, return the index of the last target occurrence or minus one if absent.","def linear_last_index(counter, current):
    item = -1
    for value, output in enumerate(counter):
        if output == current:
            item = value
    return item",25,37,36,0,0.0,True,0.22020259910722315,0.023846173658967018,0.41267561608821146,7.927293567860033,0.2300100060803945,0.02474852092564106,0.432904681274691,8.280360218894202,0.9329031548566289,0.9969407618045807,0.998985563715299,0.8611111111111112,0.6388888888888888,18,11,0.3294966672048239,0.3459435888266723,0.8611111111111112,3.0580276885539206
linear_first_index__nl__v3,linear_first_index,linear_search,nl,3,"Given a list and a target, return the index of the first target occurrence or minus one if absent.",Process the list from left to right while tracking the index. Produce the index at the first value equal to the target. Produce minus one if no match is found.,25,33,32,0,0.0,True,0.46228444548398784,0.36861614882946014,0.452750259285058,14.79310225548761,0.4678815956943936,0.3710019141435623,0.4593575600479197,14.972211062220595,0.8431233167648315,0.9128835797309875,0.9995065722614527,0.53125,0.25,4,2,0.4763737291803174,0.4842705621316958,0.90625,2.472289139610986
matrix_contains__nl__v3,matrix_contains,matrix_search,nl,3,"Given a matrix and a target value, determine whether the target occurs anywhere in the matrix.",Process every row and every value within each row. Produce true as soon as a value equals the target. Produce false if the whole matrix is scanned without a match.,22,33,32,0,0.0,True,0.5287670252096177,0.29102759063243866,0.5015901564880635,16.920544806707767,0.5455263291624988,0.31135979294776917,0.5244694969210073,17.45684253319996,0.8286243844777346,0.9435429871082306,0.9982123356312513,0.5625,0.21875,4,2,0.6102106280487797,0.6330866606438048,0.9375,3.380060254708752
filter_negative__python__v2,filter_negative,sign_filter,python,2,"Given a list of numbers, create a new list containing only negative values.","def filter_negative(current):
    item = []
    for value in current:
        if value < 0:
            item.append(value)
    return item",19,30,29,0,0.0,True,0.20273277786277347,0.006700829602777958,0.4343828443355726,5.879250558020431,0.20471427783647006,0.006740496959537268,0.43862700321264686,5.936714057257632,0.917160707301107,0.9992488622665405,0.9998183086000639,0.8275862068965517,0.7586206896551724,18,18,0.28444489803951,0.2873459512297164,0.9310344827586207,1.71902856758238
scan_min__nl__v3,scan_min,scan_extremum,nl,3,"Given a non-empty list of numbers, find the smallest value by scanning the list once.","Set the first value as the current minimum. Process each remaining value. If a value is smaller than the current minimum, replace the current minimum with it. Produce the current minimum after the scan.",22,39,38,0,0.0,True,0.42395365329790174,0.19767478108406067,0.4292287937755202,16.110238825320266,0.4271008350892532,0.19907491654157639,0.43187384651999017,16.22983173339162,0.8355155398971156,0.9539817273616791,0.9997288302371377,0.5789473684210527,0.2631578947368421,7,2,0.3781923303644903,0.38160842231072084,0.9473684210526315,1.928514883014654
is_nondecreasing__nl__v2,is_nondecreasing,monotonicity,nl,2,"Given a list of numbers, determine whether it is in nondecreasing order.","Inspect each adjacent pair from left to right. If an earlier value is greater than the following value, output false. Output true if no such pair exists.",20,31,30,0,0.0,True,0.464160300148554,0.40145358443260193,0.3903291701892091,13.92480900445662,0.4699589056370314,0.4048531651496887,0.3950218155770974,14.098767169110943,0.8222647915283839,0.8806357383728027,0.9995246013005574,0.4666666666666667,0.23333333333333334,5,2,0.45567340929370276,0.4619999614921559,1.0,2.169527392838124
digit_product__python__v3,digit_product,digit_aggregate,python,3,"Given a positive integer, compute the product of its decimal digits.","def digit_product(element):
    entry = 1
    while element > 0:
        entry *= element % 10
        element //= 10
    return entry",17,37,36,0,0.0,True,0.13518218775240756,0.021678500808775425,0.2747904557778886,4.866558759086672,0.1407008731169215,0.022146018221974373,0.28426195128214315,5.065231432209174,0.9598240454991659,0.9971614181995392,0.999526729186376,0.8888888888888888,0.6666666666666666,10,7,0.22027448519059556,0.22769173239012325,0.9444444444444444,2.0850255966243605
is_nondecreasing__nl__v3,is_nondecreasing,monotonicity,nl,3,"Given a list of numbers, determine whether it is in nondecreasing order.","Process each adjacent pair from left to right. If an earlier value is greater than the following value, return false. Produce true if no such pair exists.",20,31,30,0,0.0,True,0.553586840777037,0.6061014533042908,0.38228505505094407,16.60760522331111,0.5644701704906765,0.6083167493343353,0.3905952809703912,16.934105114720296,0.8011695295572281,0.8099777400493622,0.9990607718626658,0.3,0.2,2,2,0.4310814240497762,0.4429713196305815,0.9666666666666667,2.2754641382867096
count_character__nl__v1,count_character,char_count,nl,1,"Given a string and a character, count how many times that character appears.","Start a counter at zero. Examine each character in the string. Whenever it equals the target character, increase the counter by one. Return the counter.",19,31,30,0,0.0,True,0.4070673527390075,0.328534334897995,0.4267376018040945,12.212020582170226,0.4124656028036649,0.33131755888462067,0.4340255972269686,12.373968084109947,0.861502668261528,0.9191835224628448,0.9995080669720967,0.5666666666666667,0.36666666666666664,6,4,0.40257716894246126,0.4079949517477432,0.9666666666666667,1.6339849408361866
merge_sorted_descending__python__v3,merge_sorted_descending,merge_sorted,python,3,"Given two lists sorted in descending order, merge them into one descending list.","def merge_sorted_descending(x, n_count):
    result = []
    element = 0
    entry = 0
    while element < len(x) and entry < len(n_count):
        if x[element] >= n_count[entry]:
            result.append(x[element])
            element += 1
        else:
            result.append(n_count[entry])
            entry += 1
    result.extend(x[element:])
    result.extend(n_count[entry:])
    return result",19,97,96,0,0.0,True,0.15542495340841947,0.006291600177064538,0.3454907632477007,14.92079552720827,0.16397403687823697,0.006611910182982683,0.37315699620496173,15.74150754031075,0.9498927186553677,0.999269038438797,0.9990406303356091,0.8645833333333334,0.75,35,20,0.21725614933316137,0.2303576745129775,0.9583333333333334,1.1428382406399076
matrix_row_sums__nl__v1,matrix_row_sums,matrix_aggregate,nl,1,"Given a matrix of numbers, return a list containing the sum of each row.","Create an empty result list. For each row, start a row total at zero, add every value in the row, and append the row total. Return the result.",20,34,33,0,0.0,True,0.463628860750539,0.2713696360588074,0.47158269675997067,15.299752404767787,0.4678386508153794,0.2716963589191437,0.4774704323252563,15.43867547690752,0.8305775785084927,0.9437780976295471,0.9996160937078071,0.5454545454545454,0.30303030303030304,5,3,0.4233695152524888,0.42890983566212526,0.9696969696969697,2.648132030057847
chunks_fixed_size__nl__v3,chunks_fixed_size,chunking,nl,3,"Given a list and a positive chunk size, split the list into consecutive chunks of at most that size.","Initialize an empty result list. Move a starting index through the input in steps equal to the chunk size. At each step, append the corresponding slice. Produce the result.",25,34,33,0,0.0,True,0.390261993747007,0.18812766671180725,0.4501178795924557,12.87864579365123,0.3989920634035529,0.1925218105316162,0.4650856045308397,13.166738092317246,0.8621590110388669,0.9668527245521545,0.9990331331888834,0.6363636363636364,0.42424242424242425,5,3,0.3989855749459821,0.41543061720585683,0.9090909090909091,3.9064217018233403
dedupe_first__nl__v1,dedupe_first,deduplication,nl,1,"Given a list, remove duplicate values while keeping the first occurrence of each value.","Start with an empty result list. Examine the input values in order. If the current value is not already in the result, append it. Return the result after the scan.",20,36,35,0,0.0,True,0.4824471460636102,0.29218992590904236,0.44244741870962684,16.885650112226358,0.4912817076823558,0.29222533106803894,0.455802513858059,17.194859768882452,0.8210291223866599,0.9148313403129578,0.9991035904203143,0.5142857142857142,0.22857142857142856,7,2,0.5204392408115168,0.5338323623235577,0.9428571428571428,2.449901090973078
count_odd__nl__v1,count_odd,parity_count,nl,1,"Given a list of integers, count how many values are odd.","Start a counter at zero. Examine every integer. Whenever the current value is odd, increase the counter by one. Return the counter after all values are processed.",17,33,32,0,0.0,True,0.5523337819904555,0.4723539352416992,0.4989798531707899,17.674681023694575,0.5628259231598349,0.4763645678758621,0.5183385077166046,18.010429541114718,0.7953242771327496,0.8786598145961761,0.9988831207156181,0.46875,0.125,3,2,0.589189818970138,0.6070199388590071,0.96875,2.678161598940278
remove_digits__nl__v1,remove_digits,string_filter,nl,1,"Given a string, return a new string with all decimal digits removed.","Start with an empty result string. Examine each character. If it is not a decimal digit, append it to the result. Return the result.",18,30,29,0,0.0,True,0.2888489635525761,0.11068985611200333,0.33987787075442893,8.376619943024707,0.2934540485308891,0.1111796423792839,0.3511344060693887,8.510167407395784,0.9042074372028482,0.9808480739593506,0.9995343047997047,0.6551724137931034,0.3793103448275862,5,3,0.3323003671279626,0.3405631462270061,0.9655172413793104,1.4442798833397006
reverse_integer__nl__v2,reverse_integer,numeric_reverse,nl,2,"Given a nonnegative integer, reverse the order of its decimal digits.","Begin the reversed value at zero. While the number is positive, take its last digit, add that digit to the reversed value by multiplying by ten and adding, then remove the last input digit. Output the reversed value.",18,44,43,0,0.0,True,0.405829289930786,0.2980099320411682,0.4112456517416642,17.450659467023797,0.4200074342485561,0.30069583654403687,0.4384562057059436,18.06031967268791,0.8564124419245609,0.9352537393569946,0.9984080209288486,0.6511627906976745,0.2558139534883721,10,3,0.4659614031635491,0.48423705802720396,0.9534883720930233,2.943331680509673
partition_by_threshold__python__v3,partition_by_threshold,partition,python,3,"Given a list of numbers and a threshold, return two lists: values below the threshold and values at least the threshold, preserving order.","def partition_by_threshold(n_count, x):
    entry = []
    element = []
    for result in n_count:
        if result < x:
            entry.append(result)
        else:
            element.append(result)
    return entry, element",31,48,47,0,0.0,True,0.274300872279437,0.01943121664226055,0.4623226533362893,12.892140997133538,0.31321240514163484,0.02254469133913517,0.5933274500632494,14.720983041656837,0.905919371133155,0.9974720478057861,0.9949267088098729,0.8085106382978723,0.5957446808510638,25,8,0.3963790908647238,0.4620293167117384,0.8936170212765957,2.15719864059475
merge_sorted_ascending__python__v2,merge_sorted_ascending,merge_sorted,python,2,"Given two lists sorted in ascending order, merge them into one ascending list.","def merge_sorted_ascending(current, counter):
    output = []
    item = 0
    value = 0
    while item < len(current) and value < len(counter):
        if current[item] <= counter[value]:
            output.append(current[item])
            item += 1
        else:
            output.append(counter[value])
            value += 1
    output.extend(current[item:])
    output.extend(counter[value:])
    return output",19,89,88,0,0.0,True,0.12642083409975735,0.0028643697733059525,0.30536422952337283,11.125033400778648,0.129584534172644,0.002884609391912818,0.3154170908598335,11.403439007192674,0.9602992981672287,0.9997166991233826,0.9996965344656598,0.875,0.7954545454545454,48,28,0.1642711439223196,0.16884700604298908,0.9318181818181818,1.1057078688821735
filter_negative__nl__v1,filter_negative,sign_filter,nl,1,"Given a list of numbers, create a new list containing only negative values.","Start with an empty result list. Examine every number. Whenever a number is less than zero, append it to the result. Return the result after processing the input.",19,34,33,0,0.0,True,0.43337734492282226,0.15259182453155518,0.5322297338446625,14.301452382453135,0.4481794717941022,0.16127365827560425,0.5739560922948187,14.789922569205373,0.8287477886134927,0.9685609936714172,0.9980440175894535,0.5757575757575758,0.3939393939393939,5,4,0.5821612660956816,0.6104505723253624,0.9696969696969697,2.5106975954438786
square_values__python__v3,square_values,element_transform,python,3,"Given a list of numbers, create a list containing the square of each element.","def square_values(x):
    element = []
    for entry in x:
        element.append(entry * entry)
    return element",20,25,24,0,0.0,True,0.16877041894258582,0.016453005373477936,0.3390437203411175,4.05049005462206,0.16986487247049809,0.016553171910345554,0.3400066270699222,4.076756939291954,0.9480154700577259,0.9978858530521393,0.9999151701728503,0.8333333333333334,0.75,7,7,0.2998562434450318,0.30102717728637485,0.9166666666666666,2.604913969094241
count_character__python__v3,count_character,char_count,python,3,"Given a string and a character, count how many times that character appears.","def count_character(result, x):
    entry = 0
    for element in result:
        if element == x:
            entry += 1
    return entry",19,34,33,0,0.0,True,0.14462259234035932,0.018468067049980164,0.23202453148133273,4.772545547231857,0.14947661706537474,0.02072625793516636,0.23979870219790633,4.932728363157366,0.9612185340939146,0.9975355863571167,0.9995868440830347,0.8484848484848485,0.6363636363636364,12,11,0.2081136959163814,0.21410548781841499,0.9090909090909091,1.8447554031333009
reverse_string__python__v2,reverse_string,reverse_sequence,python,2,"Given a string, create a new string containing the same characters in reverse order.","def reverse_string(current):
    value = """"
    for item in range(len(current) - 1, -1, -1):
        value += current[item]
    return value",20,36,35,0,0.0,True,0.17451587876617916,0.0033966125920414925,0.3688811769475593,6.10805575681627,0.17557316788298913,0.0034670778550207615,0.3718781324371884,6.145060875904619,0.9396431173597063,0.9996594190597534,0.9999017596244812,0.7714285714285715,0.7428571428571429,17,17,0.3221020372116006,0.32411285002819357,0.9428571428571428,1.3519315179498552
binary_to_integer__nl__v1,binary_to_integer,base_conversion,nl,1,"Given a string of binary digits, convert it to a nonnegative integer.","Start the result at zero. Examine the digits from left to right, doubling the result and adding the numeric value of the current digit. Return the result.",19,32,31,0,0.0,True,0.5192054410487593,0.36789384484291077,0.5308241616718775,16.09536867251154,0.5470846011078045,0.36921146512031555,0.5886625218186214,16.95962263434194,0.8233846031850384,0.9084020256996155,0.9966198994267371,0.5161290322580645,0.2903225806451613,4,3,0.6007619957827652,0.6529018887939553,0.9354838709677419,2.0668220959236234
factorial_iterative__nl__v2,factorial_iterative,factorial_product,nl,2,"Given a nonnegative integer n, compute n factorial iteratively.",Begin a product at one. Multiply it by every integer from two through n. Output the final product.,17,21,20,0,0.0,True,0.7274693021550774,0.7010945081710815,0.5445004697749085,14.54938604310155,0.8069352481514216,0.7382818162441254,0.6498806461159276,16.13870496302843,0.7572325110435486,0.7901318669319153,0.9904533416032791,0.45,0.05,3,1,0.6437965235427806,0.7498829121652403,1.0,2.364830550039187
filter_nonnegative__nl__v3,filter_nonnegative,sign_filter,nl,3,"Given a list of numbers, create a new list containing only values greater than or equal to zero.","Initialize with an empty result list. Process every number. For any case in which a number is at least zero, append it to the result. Produce the result after processing the input.",24,37,36,0,0.0,True,0.5503628138685599,0.4792090952396393,0.43413598277099474,19.813061299268156,0.5784293468976911,0.4936772584915161,0.46878559243267504,20.82345648831688,0.8003931492567062,0.8674044013023376,0.9971260411871804,0.4444444444444444,0.25,4,3,0.46761375524635823,0.5142982613960547,0.9166666666666666,3.0858543396882143
insertion_sort_descending__nl__v3,insertion_sort_descending,insertion_sort,nl,3,"Given a list of numbers, sort it in descending order using insertion sort and return the sorted copy.","Copy the list. Starting with the second element, shift smaller earlier values one position right until the current value can be inserted in order. Produce the copy.",24,31,30,0,0.0,True,0.6099842395788679,0.43058572709560394,0.5299320462746404,18.29952718736604,0.6352483715629205,0.43435874581336975,0.564042560198573,19.057451146887615,0.8169993996620178,0.8929939270019531,0.9971311350663503,0.4666666666666667,0.13333333333333333,4,2,0.5269463377972615,0.5664327596635397,0.8333333333333334,3.8130762323581924
most_frequent__nl__v2,most_frequent,mode_selection,nl,2,"Given a non-empty list, return a value with the highest occurrence count, choosing the first such value on ties.",Build occurrence counts. Then scan the original list while tracking the best value and highest count seen. Replace the best only when a strictly higher count is found. Output the best value.,27,36,35,0,0.0,True,0.8692670588248542,0.7009164094924927,0.7433489352754236,30.4243470588699,0.9565679930150509,0.702012300491333,0.8741127984372964,33.47987975552678,0.7008149619613375,0.793854296207428,0.987042806829725,0.37142857142857144,0.08571428571428572,4,1,0.7781791178071323,0.8653145482873216,0.8857142857142857,3.0550464314475123
digit_product__nl__v3,digit_product,digit_aggregate,nl,3,"Given a positive integer, compute the product of its decimal digits.","Initialize a product at one. While the number is positive, multiply the product by its last decimal digit and remove that digit using integer division by ten. Produce the product.",17,34,33,0,0.0,True,0.43503949534373754,0.1621885895729065,0.48116603334321617,14.356303346343338,0.4728497276082635,0.16586215794086456,0.5410003136860609,15.604041011072695,0.855045115405863,0.9722236394882202,0.9961878241914691,0.5151515151515151,0.3939393939393939,4,2,0.6132684610201977,0.6801600967883132,0.9090909090909091,2.4973715436750683
rotate_matrix_clockwise__nl__v3,rotate_matrix_clockwise,matrix_transform,nl,3,"Given a non-empty square matrix, return a new matrix rotated ninety degrees clockwise.","Initialize an empty result. For each original column from left to right, build a row by reading that column from bottom to top. Place each row and return the result.",20,34,33,0,0.0,True,0.7184784133481144,0.7055047750473022,0.5810221080770923,23.709787640487775,0.7740324682866534,0.7407352924346924,0.6654605370590472,25.54307145345956,0.7521190232399738,0.7978318333625793,0.9931044831420436,0.3939393939393939,0.15151515151515152,3,3,0.5823075299122138,0.6669921574066393,0.9090909090909091,2.864092520153711
sum_positive__nl__v2,sum_positive,sign_sum,nl,2,"Given a list of numbers, sum only the positive values.","Begin the total at zero. Inspect every number. If a number is greater than zero, add it to the total. Output the total after the list has been processed.",16,35,34,0,0.0,True,0.41712630867507816,0.22269611805677414,0.514060450631284,14.182294494952657,0.43529572333457456,0.22695837169885635,0.5528949421670138,14.800054593375535,0.8680117612375933,0.953547865152359,0.9979533693369698,0.6176470588235294,0.35294117647058826,9,4,0.524468958969616,0.5582562225339863,0.9705882352941176,2.057193890656596
binary_search_exact__nl__v2,binary_search_exact,binary_search,nl,2,"Given an ascending sorted list and a target value, return the target index or minus one if absent.","Set low and high indices around the search range. Repeatedly inspect the middle value, returning its index on a match. Discard the half that cannot contain the target. Output minus one if the range becomes empty.",24,44,43,0,0.0,True,0.7253471643875115,0.5846455097198486,0.6477052730721917,31.189928068662994,0.7671032906943109,0.5858542323112488,0.7006188728985585,32.98544149985537,0.764992578778156,0.8610069155693054,0.9950027895528216,0.4186046511627907,0.16279069767441862,3,2,0.6421692708030432,0.6995410593448296,0.8604651162790697,2.8466372893760075
filter_nonnegative__nl__v2,filter_nonnegative,sign_filter,nl,2,"Given a list of numbers, create a new list containing only values greater than or equal to zero.","Begin with an empty result list. Inspect every number. If a number is at least zero, add it to the result. Output the result after processing the input.",24,34,33,0,0.0,True,0.433235721334561,0.20737160742282867,0.48169584587244,14.296778804040514,0.45251586075843964,0.21130920946598053,0.5272246063716892,14.933023405028507,0.8436879633050977,0.9592539668083191,0.9976410974155773,0.5757575757575758,0.36363636363636365,4,3,0.5616754723960184,0.5988648939674022,0.9393939393939394,2.2453032627990153
first_even_index__python__v3,first_even_index,first_match_index,python,3,"Given a list of integers, return the index of the first even value, or minus one if none exists.","def first_even_index(x):
    for element, entry in enumerate(x):
        if entry % 2 == 0:
            return element
    return -1",26,33,32,0,0.0,True,0.1387443498798575,0.008993914350867271,0.3109152905761952,4.43981919615544,0.14103686621069755,0.009104307740926743,0.31775747759292255,4.513179718742322,0.9603668227791786,0.9989578127861023,0.9997731130570173,0.875,0.75,15,15,0.22523005676890945,0.22908533799331524,0.96875,1.5291978270303659
sum_negative__nl__v2,sum_negative,sign_sum,nl,2,"Given a list of numbers, sum only the negative values.","Begin the total at zero. Inspect every number. If a number is less than zero, add it to the total. Output the total after the list has been processed.",16,35,34,0,0.0,True,0.5018146290608189,0.2707788646221161,0.5815100730732166,17.06169738806784,0.5281551138203426,0.27302826941013336,0.6339944095860982,17.95727386989165,0.8344470762154635,0.9332996606826782,0.9969730447320377,0.5882352941176471,0.2647058823529412,8,3,0.5946548534839442,0.6418853870550678,0.9705882352941176,1.8672479870774088
adjacent_differences__nl__v3,adjacent_differences,adjacent_transform,nl,3,"Given a list of numbers, create a list of differences between each value and its predecessor.","Initialize an empty result list. Starting with the second input value, subtract the preceding value from the current value and append the difference. Produce the result.",22,30,29,0,0.0,True,0.5959200352623031,0.6229896545410156,0.48544001673609355,17.28168102260679,0.6254144812339981,0.6283949613571167,0.5518876453631523,18.137019955785945,0.7920133563978918,0.7959431409835815,0.9963011083931759,0.41379310344827586,0.1724137931034483,3,1,0.602895702701062,0.6553320319757664,0.896551724137931,2.5174930266150803
digit_product__python__v2,digit_product,digit_aggregate,python,2,"Given a positive integer, compute the product of its decimal digits.","def digit_product(item):
    value = 1
    while item > 0:
        value *= item % 10
        item //= 10
    return value",17,37,36,0,0.0,True,0.07401368521499643,0.00615243217907846,0.23064220257387802,2.6644926677398715,0.0749927900375465,0.006376573815941811,0.23325419927635022,2.6997404413516737,0.9795659085114797,0.9993307888507843,0.9999148994684219,0.9722222222222222,0.8333333333333334,30,9,0.13903537789826997,0.14078200250752418,0.9444444444444444,1.4671109412537233
integer_to_binary__nl__v3,integer_to_binary,base_conversion,nl,3,"Given a positive integer, return its binary representation as a string without a prefix.","Initialize with an empty digit list. Repeatedly append the remainder after division by two and divide the number by two. Reverse the collected digits, join them, and return the string.",20,37,36,0,0.0,True,0.6647880344761588,0.6180686950683594,0.5555904359680841,23.932369241141714,0.6928958526291858,0.665196567773819,0.5944991991202035,24.94425069465069,0.768480569952064,0.8170084059238434,0.9967283523745007,0.3888888888888889,0.16666666666666666,3,2,0.5803382670972497,0.6104596392783735,0.9444444444444444,2.466865952070192
reverse_string__nl__v2,reverse_string,reverse_sequence,nl,2,"Given a string, create a new string containing the same characters in reverse order.",Begin with an empty result string. Inspect the input from the last position to the first and add each character to the result. Output the result.,20,30,29,0,0.0,True,0.33893724487304633,0.1420290768146515,0.45187108501204654,9.829180101318343,0.3526210409851548,0.1424245834350586,0.4949891411011171,10.22601018856949,0.8872290582492434,0.9751158952713013,0.9982106993938314,0.6551724137931034,0.41379310344827586,7,4,0.4092141298102173,0.43643532226945225,0.9655172413793104,2.51060018284275
digit_product__nl__v2,digit_product,digit_aggregate,nl,2,"Given a positive integer, compute the product of its decimal digits.","Begin a product at one. While the number is positive, multiply the product by its last decimal digit and remove that digit using integer division by ten. Output the product.",17,34,33,0,0.0,True,0.4686697635333985,0.2697981297969818,0.5151996959933939,15.46610219660215,0.5139443660578267,0.27227795124053955,0.5932409893605645,16.96016407990828,0.8552067622993932,0.9341626167297363,0.9948904568498785,0.5757575757575758,0.3333333333333333,7,2,0.604912704860908,0.6812614685331937,0.9393939393939394,2.7079543854214894
count_equal_neighbors__nl__v1,count_equal_neighbors,adjacent_analysis,nl,1,"Given a list, count how many adjacent pairs contain equal values.",Start a counter at zero. Compare each value after the first with its predecessor. Increase the counter when the two values are equal. Return the counter.,17,30,29,0,0.0,True,0.5864745075011562,0.5875475406646729,0.5174139742695928,17.00776071753353,0.5951459698924988,0.5879033803939819,0.5248934920409286,17.259233126882464,0.7620765217419329,0.8170425295829773,0.9991978036946264,0.4482758620689655,0.20689655172413793,4,2,0.593687031218516,0.6028824791511787,0.9310344827586207,2.0196516728309657
contains_zero__python__v3,contains_zero,membership_test,python,3,"Given a list of numbers, determine whether zero occurs in the list.","def contains_zero(entry):
    for element in entry:
        if element == 0:
            return True
    return False",18,25,24,0,0.0,True,0.15419716145121734,0.001302629359997809,0.37702035204264706,3.7007318748292164,0.15443171283340007,0.0013188960729166865,0.3776522240244392,3.7063611080016017,0.9405539793272814,0.9998822212219238,0.9999824042121569,0.875,0.8333333333333334,18,17,0.23288599163788604,0.2332037429789283,0.9583333333333334,1.487614446906021
count_digits__python__v2,count_digits,digit_count,python,2,"Given a positive integer, count its decimal digits.","def count_digits(value):
    item = 0
    while value > 0:
        value //= 10
        item += 1
    return item",14,34,33,0,0.0,True,0.1703052679101044,0.015300119295716286,0.3572277699380908,5.620073841033445,0.17289895337544844,0.015598486177623272,0.3631372614646646,5.705665461389799,0.9384267294045651,0.9982146620750427,0.9997568961345789,0.8484848484848485,0.6666666666666666,11,7,0.30214944274348454,0.30542850565564095,0.9393939393939394,1.1480410605155211
count_vowels__python__v2,count_vowels,char_count,python,2,"Given a lowercase string, count how many characters are vowels.","def count_vowels(current):
    value = 0
    for item in current:
        if item in ""aeiou"":
            value += 1
    return value",16,36,35,0,0.0,True,0.17596563879415045,0.005177004262804985,0.3861064873673095,6.158797357795265,0.1774061763221003,0.0052004228346049786,0.3893107487891697,6.2092161712735106,0.9302377479416983,0.9994856119155884,0.9998673983982631,0.8285714285714286,0.7428571428571429,7,6,0.31320904328950905,0.3158079834995399,0.9428571428571428,1.1908610319912312
insertion_sort_descending__nl__v1,insertion_sort_descending,insertion_sort,nl,1,"Given a list of numbers, sort it in descending order using insertion sort and return the sorted copy.","Copy the list. Starting with the second element, shift smaller earlier values one position right until the current value can be inserted in order. Return the copy.",24,31,30,0,0.0,True,0.5736532609832162,0.41526447236537933,0.5088411262438903,17.209597829496488,0.5971114406905448,0.4191139191389084,0.5422907884551721,17.913343220716342,0.8263813038667043,0.9053796827793121,0.9973450819651286,0.5333333333333333,0.16666666666666666,5,2,0.5561575174877613,0.5953070696860808,0.8666666666666667,3.461931156933618
integer_to_binary__python__v1,integer_to_binary,base_conversion,python,1,"Given a positive integer, return its binary representation as a string without a prefix.","def integer_to_binary(number):
    digits = []
    while number > 0:
        digits.append(str(number % 2))
        number //= 2
    digits.reverse()
    return """".join(digits)",20,42,41,0,0.0,True,0.153130785482728,0.006304278038442135,0.2876988172394855,6.278362204791847,0.15449158652431721,0.00634634867310524,0.2905698432990497,6.334155047497006,0.9532637479828625,0.9992837905883789,0.9998863979083735,0.8536585365853658,0.6341463414634146,12,7,0.25777444585301057,0.2596251228753772,0.975609756097561,1.1335844897797074
selection_sort_descending__nl__v1,selection_sort_descending,selection_sort,nl,1,"Given a list of numbers, sort it in descending order using selection sort and return the sorted copy.","Copy the list. For each position, find the largest value in the remaining suffix and swap it into the current position. Return the copy.",24,28,27,0,0.0,True,0.5649990053088577,0.4189439117908478,0.44231150060663726,15.254973143339157,0.5805146484118369,0.4290945827960968,0.4586295066997981,15.673895507119596,0.8151376125989137,0.8885282874107361,0.9984130395783318,0.4444444444444444,0.14814814814814814,3,1,0.48777921153948856,0.5020843103098181,0.9629629629629629,1.8539430221771236
selection_sort_ascending__nl__v2,selection_sort_ascending,selection_sort,nl,2,"Given a list of numbers, sort it in ascending order using selection sort and return the sorted copy.","Copy the list. For each position, find the smallest value in the remaining suffix and swap it into the current position. Output the copy.",24,28,27,0,0.0,True,0.5712325008655036,0.5363965034484863,0.4311866467350592,15.423277523368597,0.5844375649294643,0.5409749746322632,0.442791908546668,15.779814253095537,0.8075270895604734,0.8661441802978516,0.9986957046720717,0.4074074074074074,0.14814814814814814,2,1,0.46115254868681615,0.4728135261326455,0.9259259259259259,1.9160956734483112
product_one_to_n__nl__v3,product_one_to_n,factorial_product,nl,3,"Given a positive integer n, compute the product of all integers from one through n.","Initialize a product at one. Process every integer from one through n, multiplying it into the product. Produce the final product.",21,25,24,0,0.0,True,0.44184709794353694,0.42544978857040405,0.38489215523452547,10.604330350644886,0.46333299988570315,0.4548022150993347,0.4080954244874486,11.119991997256875,0.8609490518768629,0.8929809331893921,0.9979570334156355,0.5,0.2916666666666667,5,3,0.3874811229660459,0.3988197679105012,0.875,2.7239683449127674
clamp_values__nl__v2,clamp_values,bounded_numeric_transform,nl,2,"Given a list of numbers and lower and upper bounds, clamp each value into the inclusive interval.","Build an empty result list. Inspect each value. Replace values below the lower bound with the lower bound, values above the upper bound with the upper bound, and keep all others unchanged. Output the result.",23,42,41,0,0.0,True,0.4928113471994105,0.20960205793380737,0.5023388767887405,20.20526523517583,0.5099934363512902,0.21231846511363983,0.5214654823511811,20.909730890402898,0.8238070018407775,0.9504557847976685,0.9981605948471441,0.5365853658536586,0.2926829268292683,9,3,0.4485017016985694,0.4733759785718121,0.9512195121951219,1.917001350269937
least_frequent__python__v3,least_frequent,mode_selection,python,3,"Given a non-empty list, return a value with the lowest occurrence count, choosing the first such value on ties.","def least_frequent(result):
    entry = {}
    for x in result:
        entry[x] = entry.get(x, 0) + 1
    element = result[0]
    for x in result:
        if entry[x] < entry[element]:
            element = x
    return element",27,62,61,0,0.0,True,0.29459423792927664,0.0129185039550066,0.520333930681774,17.970248513685874,0.30878276445233854,0.012951306998729706,0.5527167902231733,18.83574863159265,0.9030348849101145,0.9984012842178345,0.9983329186674024,0.7868852459016393,0.6229508196721312,18,12,0.38081542595640105,0.4021761136949863,0.9508196721311475,1.1485014911750449
lcm_two__nl__v3,lcm_two,lcm_family,nl,3,"Given two positive integers, compute their least common multiple using their greatest common divisor.","Compute the greatest common divisor with the Euclidean algorithm, then divide one input by that gcd and multiply by the other input. Produce the product.",20,29,28,0,0.0,True,0.49649046845817274,0.3372200280427933,0.5724249916497266,13.901733116828837,0.512431900228356,0.33802835643291473,0.619466755825926,14.348093206393969,0.8146465947585446,0.9226605594158173,0.9977324157953262,0.5357142857142857,0.32142857142857145,4,3,0.6183814825942844,0.6484666755571163,0.9642857142857143,2.7651240451293364
is_strictly_increasing__python__v1,is_strictly_increasing,monotonicity,python,1,"Given a list of numbers, determine whether it is strictly increasing.","def is_strictly_increasing(values):
    for index in range(1, len(values)):
        if values[index - 1] >= values[index]:
            return False
    return True",17,39,38,0,0.0,True,0.07389357886837077,0.000621803745161742,0.18477628444012142,2.807955996998089,0.07398647055400656,0.0006233918538782746,0.18505809135245704,2.811485881052249,0.9688489993936137,0.9999487400054932,0.9999935532871046,0.9210526315789473,0.8157894736842105,24,23,0.12492001271096809,0.1250842901876289,1.0,0.7984451802891223
frequency_map_items__nl__v3,frequency_map_items,frequency_map,nl,3,"Given a list of hashable values, build a dictionary mapping each value to its occurrence count.","Initialize with an empty dictionary. Process each value. If it is already a key, increase its count; otherwise create the key with count one. Produce the dictionary.",23,33,32,0,0.0,True,0.647616088455834,0.6414849758148193,0.5272351673518917,20.723714830586687,0.6803965470444382,0.6448101103305817,0.6402994893333998,21.772689505422022,0.7560503394342959,0.7701608538627625,0.9942624345421791,0.34375,0.09375,2,1,0.6269408506341279,0.6873141085586301,0.9375,2.7110025103157795
are_disjoint__nl__v3,are_disjoint,set_relation,nl,3,"Given two collections, determine whether they have no value in common.","Process each value in the first collection. If any value occurs in the second collection, return false. Produce true if no common value is found.",17,29,28,0,0.0,True,0.6000407495469388,0.5237910151481628,0.4807355947239367,16.801140987314284,0.6126407971938274,0.5341626405715942,0.49116155372049525,17.153942321427166,0.785569758287498,0.8539348244667053,0.9988585093191692,0.39285714285714285,0.17857142857142858,5,2,0.4354255778232106,0.4438549502994175,0.9642857142857143,1.9027172890387842
binary_to_integer__nl__v2,binary_to_integer,base_conversion,nl,2,"Given a string of binary digits, convert it to a nonnegative integer.","Begin the result at zero. Inspect the digits from left to right, doubling the result and adding the numeric value of the current digit. Output the result.",19,32,31,0,0.0,True,0.5497025492556032,0.49183380603790283,0.5291662671074827,17.0407790269237,0.5844050059996305,0.556312084197998,0.6021990295697225,18.116555185988545,0.7988257763847229,0.8829281330108643,0.9957226572498199,0.45161290322580644,0.22580645161290322,3,2,0.6053273926178614,0.6719805632873128,0.9032258064516129,2.4898617694646332
chunks_pairs__python__v3,chunks_pairs,chunking,python,3,"Given a list, split it into consecutive chunks containing at most two elements.","def chunks_pairs(x):
    element = []
    for entry in range(0, len(x), 2):
        element.append(x[entry:entry + 2])
    return element",19,38,37,0,0.0,True,0.252291878561074,0.0724182054400444,0.4279306917276442,9.334799506759737,0.2611382643238333,0.07279161363840103,0.4408298463461472,9.662115779981832,0.904930185627293,0.9874300360679626,0.9991359098537548,0.7837837837837838,0.4594594594594595,9,4,0.39519409921033205,0.40458703272694646,0.8918918918918919,1.9549883372667347
numeric_palindrome__nl__v3,numeric_palindrome,numeric_reverse,nl,3,"Given a nonnegative integer, determine whether its decimal digits form a palindrome.",Proceed as follows. Save the original number and build its reversed decimal value digit by digit. Compare the reversed value with the original and return whether they are equal.,19,32,31,0,0.0,True,0.4511204242871533,0.1423090696334839,0.4867849869434323,13.984733152901754,0.45860667801236793,0.14236252009868622,0.503036023935564,14.216807018383406,0.8420204549066482,0.969609260559082,0.9991139827236053,0.5483870967741935,0.1935483870967742,4,2,0.6156140847907712,0.6296075284869099,0.9032258064516129,3.697288011211757
group_by_length__python__v2,group_by_length,grouping,python,2,"Given a list of strings, build a dictionary grouping strings by their length while preserving input order inside each group.","def group_by_length(output):
    item = {}
    for current in output:
        value = len(current)
        if value not in item:
            item[value] = []
        item[value].append(current)
    return item",26,45,44,0,0.0,True,0.22588387618134737,0.014215834904462099,0.4414947094367503,9.938890551979284,0.23585263966971193,0.01445024088025093,0.46393334895103144,10.377516145467325,0.9256147383288904,0.9982925355434418,0.998902286995541,0.8181818181818182,0.6590909090909091,10,10,0.33413197930407434,0.34680703928264595,0.9090909090909091,1.387512859194438
lcm_two__python__v2,lcm_two,lcm_family,python,2,"Given two positive integers, compute their least common multiple using their greatest common divisor.","def lcm_two(item, value):
    current = item
    output = value
    while output != 0:
        current, output = output, current % output
    return (item // current) * value",20,44,43,0,0.0,True,0.238901941020527,0.023113392293453217,0.39973861642622005,10.27278346388266,0.2493745350867928,0.023175634443759918,0.42427792799816694,10.723105008732091,0.9089524551879528,0.9966629147529602,0.9988952085029247,0.7906976744186046,0.5581395348837209,11,9,0.31750535893436227,0.33508666713047813,0.9069767441860465,2.5879006879572337
are_disjoint__nl__v2,are_disjoint,set_relation,nl,2,"Given two collections, determine whether they have no value in common.","Inspect each value in the first collection. If any value occurs in the second collection, output false. Output true if no common value is found.",17,29,28,0,0.0,True,0.6042037283935185,0.5145075917243958,0.5195322841282258,16.917704395018518,0.6156384946079925,0.5189845263957977,0.5350229720689288,17.23787784902379,0.780709870159626,0.8382139801979065,0.9989257348435265,0.39285714285714285,0.21428571428571427,2,2,0.46566687365648923,0.4793832735675905,1.0,1.5104698061290296
is_prime__nl__v1,is_prime,primality,nl,1,"Given an integer n, determine whether it is prime.",Return false for values below two. Test divisors starting at two while the divisor squared is no greater than n. Return false if any divisor divides n exactly; otherwise return true.,15,36,35,0,0.0,True,0.5888456371404962,0.6669216752052307,0.5102630063927689,20.609597299917368,0.6040334796886392,0.6680524945259094,0.5371036186278528,21.141171789102373,0.7634203919342586,0.7711856961250305,0.9983183349881853,0.4,0.22857142857142856,2,2,0.5436163419354296,0.5651220176189193,0.9142857142857143,3.3248009194744426
binary_search_insertion__nl__v1,binary_search_insertion,binary_search,nl,1,"Given an ascending sorted list and a target value, return the index where the target could be inserted while preserving order.",Set low to the start and high just past the end. Repeatedly inspect the middle. Move low right when the middle value is below the target; otherwise move high to the middle. Return low when the range closes.,27,45,44,0,0.0,True,0.6301426229765639,0.6421926021575928,0.5467024258199896,27.72627541096881,0.6674368809776339,0.6524439752101898,0.5954972521392369,29.36722276301589,0.7908078195019201,0.8363125324249268,0.995737074451013,0.4318181818181818,0.20454545454545456,3,2,0.5686000654430583,0.6003160300653775,0.8863636363636364,3.135133649473904
absolute_values__python__v1,absolute_values,element_transform,python,1,"Given a list of numbers, create a list containing the absolute value of each element.","def absolute_values(values):
    result = []
    for value in values:
        result.append(abs(value))
    return result",21,24,23,0,0.0,True,0.18231610571892223,0.0010453732684254646,0.3312170540484064,4.193270431535211,0.18246010669241,0.0010519525967538357,0.331397695521942,4.19658245392543,0.9350637689880703,0.9998998045921326,0.999990455482317,0.782608695652174,0.6956521739130435,12,7,0.30276572730159307,0.3029414216947647,1.0,0.7636925599778914
list_palindrome__nl__v1,list_palindrome,palindrome_test,nl,1,"Given a list, determine whether its values read the same forward and backward.",Set one index at the beginning and another at the end. Compare the two values and move both indices inward. Return false on a mismatch; return true if all mirrored pairs match.,19,36,35,0,0.0,True,0.7530426119134063,0.7702925205230713,0.4537925290069136,26.35649141696922,0.7785754300163327,0.7906302213668823,0.47671641593720654,27.250140050571645,0.7546215338366372,0.7589498162269592,0.99736487865448,0.22857142857142856,0.14285714285714285,4,3,0.44469327910765594,0.46675346619689234,0.9428571428571428,2.549256513679081
linear_last_index__nl__v2,linear_last_index,linear_search,nl,2,"Given a list and a target, return the index of the last target occurrence or minus one if absent.","Begin a saved index at minus one. Inspect the list from left to right. If a value equals the target, replace the saved index with the current index. Output the saved index after the scan.",25,41,40,0,0.0,True,0.6025732134839927,0.42407257854938507,0.6125080983203853,24.10292853935971,0.64964998466603,0.4460863620042801,0.6770091352453101,25.985999386641197,0.793917415291071,0.8941433429718018,0.9947552248835564,0.475,0.375,8,7,0.6036212674703282,0.6691380851985648,0.925,2.178750923026655
contains_zero__nl__v2,contains_zero,membership_test,nl,2,"Given a list of numbers, determine whether zero occurs in the list.","Inspect the numbers one by one. When the current number equals zero, output true immediately. When the scan finishes without finding zero, output false.",18,29,28,0,0.0,True,0.4126970651232926,0.2183024287223816,0.4344780659664269,11.555517823452192,0.42075003027883084,0.22992993146181107,0.4470549069057247,11.781000847807263,0.8791664285319192,0.9598292112350464,0.9992508632796151,0.5714285714285714,0.25,5,3,0.4228181017343323,0.43161872837346754,0.9642857142857143,2.7335200975260534
