task_id,family,variant,condition,task_text,reference_text,source_python,opaque_mapping,semantic_step_count,validation_flags
sum_positive,sign_sum,1,nl_exp7_anchor,"Given a list of numbers, sum only the positive values.","Start the total at zero. Examine every number. Whenever a number is greater than zero, add it to the total. Return the total after the list has been processed.","def sum_positive(values):
    total = 0
    for value in values:
        if value > 0:
            total += value
    return total",null,0,pending_human_review
sum_positive,sign_sum,1,procedural_prose,"Given a list of numbers, sum only the positive values.","Define a procedure named sum_positive that receives values.
Set total to 0.
For each value in values, do the following.
    If value is greater than 0, do the following.
        Increase total by value.
Return total.","def sum_positive(values):
    total = 0
    for value in values:
        if value > 0:
            total += value
    return total",null,6,pending_human_review
sum_positive,sign_sum,1,controlled_nl,"Given a list of numbers, sum only the positive values.","PROCEDURE sum_positive INPUT values:
SET total TO 0.
FOR EACH value IN values:
    IF value > 0:
        UPDATE total USING + value.
RETURN total","def sum_positive(values):
    total = 0
    for value in values:
        if value > 0:
            total += value
    return total",null,6,pending_human_review
sum_positive,sign_sum,1,pseudocode,"Given a list of numbers, sum only the positive values.","PROCEDURE sum_positive(values)
total <- 0
FOR value IN values
    IF value > 0
        total <- total + value
RETURN total","def sum_positive(values):
    total = 0
    for value in values:
        if value > 0:
            total += value
    return total",null,6,pending_human_review
sum_positive,sign_sum,1,python_canonical,"Given a list of numbers, sum only the positive values.","def sum_positive(values):
    total = 0
    for value in values:
        if value > 0:
            total += value
    return total","def sum_positive(values):
    total = 0
    for value in values:
        if value > 0:
            total += value
    return total",null,6,pending_human_review
sum_positive,sign_sum,1,python_opaque,"Given a list of numbers, sum only the positive values.","def zav0(mip0):
    tuk0 = 0
    for qel0 in mip0:
        if qel0 > 0:
            tuk0 += qel0
    return tuk0","def sum_positive(values):
    total = 0
    for value in values:
        if value > 0:
            total += value
    return total","{""sum_positive"": ""zav0"", ""values"": ""mip0"", ""total"": ""tuk0"", ""value"": ""qel0""}",6,pending_human_review
sum_positive,sign_sum,2,nl_exp7_anchor,"Given a list of numbers, sum only the positive values.","Begin the total at zero. Inspect every number. If a number is greater than zero, add it to the total. Output the total after the list has been processed.","def sum_positive(current):
    item = 0
    for value in current:
        if value > 0:
            item += value
    return item",null,0,pending_human_review
sum_positive,sign_sum,2,procedural_prose,"Given a list of numbers, sum only the positive values.","Define a procedure named sum_positive that receives current.
Set item to 0.
For each value in current, do the following.
    If value is greater than 0, do the following.
        Increase item by value.
Return item.","def sum_positive(current):
    item = 0
    for value in current:
        if value > 0:
            item += value
    return item",null,6,pending_human_review
sum_positive,sign_sum,2,controlled_nl,"Given a list of numbers, sum only the positive values.","PROCEDURE sum_positive INPUT current:
SET item TO 0.
FOR EACH value IN current:
    IF value > 0:
        UPDATE item USING + value.
RETURN item","def sum_positive(current):
    item = 0
    for value in current:
        if value > 0:
            item += value
    return item",null,6,pending_human_review
sum_positive,sign_sum,2,pseudocode,"Given a list of numbers, sum only the positive values.","PROCEDURE sum_positive(current)
item <- 0
FOR value IN current
    IF value > 0
        item <- item + value
RETURN item","def sum_positive(current):
    item = 0
    for value in current:
        if value > 0:
            item += value
    return item",null,6,pending_human_review
sum_positive,sign_sum,2,python_canonical,"Given a list of numbers, sum only the positive values.","def sum_positive(current):
    item = 0
    for value in current:
        if value > 0:
            item += value
    return item","def sum_positive(current):
    item = 0
    for value in current:
        if value > 0:
            item += value
    return item",null,6,pending_human_review
sum_positive,sign_sum,2,python_opaque,"Given a list of numbers, sum only the positive values.","def zav0(mip0):
    tuk0 = 0
    for qel0 in mip0:
        if qel0 > 0:
            tuk0 += qel0
    return tuk0","def sum_positive(current):
    item = 0
    for value in current:
        if value > 0:
            item += value
    return item","{""sum_positive"": ""zav0"", ""current"": ""mip0"", ""item"": ""tuk0"", ""value"": ""qel0""}",6,pending_human_review
sum_positive,sign_sum,3,nl_exp7_anchor,"Given a list of numbers, sum only the positive values.","Initialize the total at zero. Process every number. For any case in which a number is greater than zero, add it to the total. Produce the total after the list has been processed.","def sum_positive(x):
    element = 0
    for entry in x:
        if entry > 0:
            element += entry
    return element",null,0,pending_human_review
sum_positive,sign_sum,3,procedural_prose,"Given a list of numbers, sum only the positive values.","Define a procedure named sum_positive that receives x.
Set element to 0.
For each entry in x, do the following.
    If entry is greater than 0, do the following.
        Increase element by entry.
Return element.","def sum_positive(x):
    element = 0
    for entry in x:
        if entry > 0:
            element += entry
    return element",null,6,pending_human_review
sum_positive,sign_sum,3,controlled_nl,"Given a list of numbers, sum only the positive values.","PROCEDURE sum_positive INPUT x:
SET element TO 0.
FOR EACH entry IN x:
    IF entry > 0:
        UPDATE element USING + entry.
RETURN element","def sum_positive(x):
    element = 0
    for entry in x:
        if entry > 0:
            element += entry
    return element",null,6,pending_human_review
sum_positive,sign_sum,3,pseudocode,"Given a list of numbers, sum only the positive values.","PROCEDURE sum_positive(x)
element <- 0
FOR entry IN x
    IF entry > 0
        element <- element + entry
RETURN element","def sum_positive(x):
    element = 0
    for entry in x:
        if entry > 0:
            element += entry
    return element",null,6,pending_human_review
sum_positive,sign_sum,3,python_canonical,"Given a list of numbers, sum only the positive values.","def sum_positive(x):
    element = 0
    for entry in x:
        if entry > 0:
            element += entry
    return element","def sum_positive(x):
    element = 0
    for entry in x:
        if entry > 0:
            element += entry
    return element",null,6,pending_human_review
sum_positive,sign_sum,3,python_opaque,"Given a list of numbers, sum only the positive values.","def zav0(mip0):
    tuk0 = 0
    for qel0 in mip0:
        if qel0 > 0:
            tuk0 += qel0
    return tuk0","def sum_positive(x):
    element = 0
    for entry in x:
        if entry > 0:
            element += entry
    return element","{""sum_positive"": ""zav0"", ""x"": ""mip0"", ""element"": ""tuk0"", ""entry"": ""qel0""}",6,pending_human_review
contains_target,membership_test,1,nl_exp7_anchor,"Given a list of values and a target, determine whether the target occurs in the list.","Examine the values one by one. If the current value equals the target, return true immediately. If the scan finishes without a match, return false.","def contains_target(values, target):
    for value in values:
        if value == target:
            return True
    return False",null,0,pending_human_review
contains_target,membership_test,1,procedural_prose,"Given a list of values and a target, determine whether the target occurs in the list.","Define a procedure named contains_target that receives values and target.
For each value in values, do the following.
    If value equals target, do the following.
        Return true.
Return false.","def contains_target(values, target):
    for value in values:
        if value == target:
            return True
    return False",null,5,pending_human_review
contains_target,membership_test,1,controlled_nl,"Given a list of values and a target, determine whether the target occurs in the list.","PROCEDURE contains_target INPUT values, target:
FOR EACH value IN values:
    IF value = target:
        RETURN TRUE
RETURN FALSE","def contains_target(values, target):
    for value in values:
        if value == target:
            return True
    return False",null,5,pending_human_review
contains_target,membership_test,1,pseudocode,"Given a list of values and a target, determine whether the target occurs in the list.","PROCEDURE contains_target(values, target)
FOR value IN values
    IF value = target
        RETURN TRUE
RETURN FALSE","def contains_target(values, target):
    for value in values:
        if value == target:
            return True
    return False",null,5,pending_human_review
contains_target,membership_test,1,python_canonical,"Given a list of values and a target, determine whether the target occurs in the list.","def contains_target(values, target):
    for value in values:
        if value == target:
            return True
    return False","def contains_target(values, target):
    for value in values:
        if value == target:
            return True
    return False",null,5,pending_human_review
contains_target,membership_test,1,python_opaque,"Given a list of values and a target, determine whether the target occurs in the list.","def zav0(mip0, tuk0):
    for qel0 in mip0:
        if qel0 == tuk0:
            return True
    return False","def contains_target(values, target):
    for value in values:
        if value == target:
            return True
    return False","{""contains_target"": ""zav0"", ""values"": ""mip0"", ""target"": ""tuk0"", ""value"": ""qel0""}",5,pending_human_review
contains_target,membership_test,2,nl_exp7_anchor,"Given a list of values and a target, determine whether the target occurs in the list.","Inspect the values one by one. When the current value equals the target, output true immediately. When the scan finishes without a match, output false.","def contains_target(current, item):
    for value in current:
        if value == item:
            return True
    return False",null,0,pending_human_review
contains_target,membership_test,2,procedural_prose,"Given a list of values and a target, determine whether the target occurs in the list.","Define a procedure named contains_target that receives current and item.
For each value in current, do the following.
    If value equals item, do the following.
        Return true.
Return false.","def contains_target(current, item):
    for value in current:
        if value == item:
            return True
    return False",null,5,pending_human_review
contains_target,membership_test,2,controlled_nl,"Given a list of values and a target, determine whether the target occurs in the list.","PROCEDURE contains_target INPUT current, item:
FOR EACH value IN current:
    IF value = item:
        RETURN TRUE
RETURN FALSE","def contains_target(current, item):
    for value in current:
        if value == item:
            return True
    return False",null,5,pending_human_review
contains_target,membership_test,2,pseudocode,"Given a list of values and a target, determine whether the target occurs in the list.","PROCEDURE contains_target(current, item)
FOR value IN current
    IF value = item
        RETURN TRUE
RETURN FALSE","def contains_target(current, item):
    for value in current:
        if value == item:
            return True
    return False",null,5,pending_human_review
contains_target,membership_test,2,python_canonical,"Given a list of values and a target, determine whether the target occurs in the list.","def contains_target(current, item):
    for value in current:
        if value == item:
            return True
    return False","def contains_target(current, item):
    for value in current:
        if value == item:
            return True
    return False",null,5,pending_human_review
contains_target,membership_test,2,python_opaque,"Given a list of values and a target, determine whether the target occurs in the list.","def zav0(mip0, tuk0):
    for qel0 in mip0:
        if qel0 == tuk0:
            return True
    return False","def contains_target(current, item):
    for value in current:
        if value == item:
            return True
    return False","{""contains_target"": ""zav0"", ""current"": ""mip0"", ""item"": ""tuk0"", ""value"": ""qel0""}",5,pending_human_review
contains_target,membership_test,3,nl_exp7_anchor,"Given a list of values and a target, determine whether the target occurs in the list.","Process the values one by one. If the current value equals the target, return true immediately. If the scan finishes without a match, return false.","def contains_target(x, element):
    for entry in x:
        if entry == element:
            return True
    return False",null,0,pending_human_review
contains_target,membership_test,3,procedural_prose,"Given a list of values and a target, determine whether the target occurs in the list.","Define a procedure named contains_target that receives x and element.
For each entry in x, do the following.
    If entry equals element, do the following.
        Return true.
Return false.","def contains_target(x, element):
    for entry in x:
        if entry == element:
            return True
    return False",null,5,pending_human_review
contains_target,membership_test,3,controlled_nl,"Given a list of values and a target, determine whether the target occurs in the list.","PROCEDURE contains_target INPUT x, element:
FOR EACH entry IN x:
    IF entry = element:
        RETURN TRUE
RETURN FALSE","def contains_target(x, element):
    for entry in x:
        if entry == element:
            return True
    return False",null,5,pending_human_review
contains_target,membership_test,3,pseudocode,"Given a list of values and a target, determine whether the target occurs in the list.","PROCEDURE contains_target(x, element)
FOR entry IN x
    IF entry = element
        RETURN TRUE
RETURN FALSE","def contains_target(x, element):
    for entry in x:
        if entry == element:
            return True
    return False",null,5,pending_human_review
contains_target,membership_test,3,python_canonical,"Given a list of values and a target, determine whether the target occurs in the list.","def contains_target(x, element):
    for entry in x:
        if entry == element:
            return True
    return False","def contains_target(x, element):
    for entry in x:
        if entry == element:
            return True
    return False",null,5,pending_human_review
contains_target,membership_test,3,python_opaque,"Given a list of values and a target, determine whether the target occurs in the list.","def zav0(mip0, tuk0):
    for qel0 in mip0:
        if qel0 == tuk0:
            return True
    return False","def contains_target(x, element):
    for entry in x:
        if entry == element:
            return True
    return False","{""contains_target"": ""zav0"", ""x"": ""mip0"", ""element"": ""tuk0"", ""entry"": ""qel0""}",5,pending_human_review
dedupe_last,deduplication,1,nl_exp7_anchor,"Given a list, remove duplicate values while keeping the last occurrence of each value and preserving the order of those kept occurrences.","Start with an empty temporary list. Examine the input from right to left. If the current value has not yet been kept, append it to the temporary list. Reverse that list and return it.","def dedupe_last(values):
    result = []
    for value in reversed(values):
        if value not in result:
            result.append(value)
    result.reverse()
    return result",null,0,pending_human_review
dedupe_last,deduplication,1,procedural_prose,"Given a list, remove duplicate values while keeping the last occurrence of each value and preserving the order of those kept occurrences.","Define a procedure named dedupe_last that receives values.
Set result to [].
For each value in reversed(values), do the following.
    If value is not in result, do the following.
        Append value to result.
Perform result.reverse().
Return result.","def dedupe_last(values):
    result = []
    for value in reversed(values):
        if value not in result:
            result.append(value)
    result.reverse()
    return result",null,7,pending_human_review
dedupe_last,deduplication,1,controlled_nl,"Given a list, remove duplicate values while keeping the last occurrence of each value and preserving the order of those kept occurrences.","PROCEDURE dedupe_last INPUT values:
SET result TO [].
FOR EACH value IN reversed(values):
    IF value NOT IN result:
        EXECUTE result.append(value).
EXECUTE result.reverse().
RETURN result","def dedupe_last(values):
    result = []
    for value in reversed(values):
        if value not in result:
            result.append(value)
    result.reverse()
    return result",null,7,pending_human_review
dedupe_last,deduplication,1,pseudocode,"Given a list, remove duplicate values while keeping the last occurrence of each value and preserving the order of those kept occurrences.","PROCEDURE dedupe_last(values)
result <- []
FOR value IN reversed(values)
    IF value NOT IN result
        result.append(value)
result.reverse()
RETURN result","def dedupe_last(values):
    result = []
    for value in reversed(values):
        if value not in result:
            result.append(value)
    result.reverse()
    return result",null,7,pending_human_review
dedupe_last,deduplication,1,python_canonical,"Given a list, remove duplicate values while keeping the last occurrence of each value and preserving the order of those kept occurrences.","def dedupe_last(values):
    result = []
    for value in reversed(values):
        if value not in result:
            result.append(value)
    result.reverse()
    return result","def dedupe_last(values):
    result = []
    for value in reversed(values):
        if value not in result:
            result.append(value)
    result.reverse()
    return result",null,7,pending_human_review
dedupe_last,deduplication,1,python_opaque,"Given a list, remove duplicate values while keeping the last occurrence of each value and preserving the order of those kept occurrences.","def zav0(mip0):
    tuk0 = []
    for qel0 in reversed(mip0):
        if qel0 not in tuk0:
            tuk0.append(qel0)
    tuk0.reverse()
    return tuk0","def dedupe_last(values):
    result = []
    for value in reversed(values):
        if value not in result:
            result.append(value)
    result.reverse()
    return result","{""dedupe_last"": ""zav0"", ""values"": ""mip0"", ""result"": ""tuk0"", ""value"": ""qel0""}",7,pending_human_review
dedupe_last,deduplication,2,nl_exp7_anchor,"Given a list, remove duplicate values while keeping the last occurrence of each value and preserving the order of those kept occurrences.","Begin with an empty temporary list. Inspect the input from right to left. When the current value has not yet been kept, add it to the temporary list. Reverse that list and output it.","def dedupe_last(current):
    item = []
    for value in reversed(current):
        if value not in item:
            item.append(value)
    item.reverse()
    return item",null,0,pending_human_review
dedupe_last,deduplication,2,procedural_prose,"Given a list, remove duplicate values while keeping the last occurrence of each value and preserving the order of those kept occurrences.","Define a procedure named dedupe_last that receives current.
Set item to [].
For each value in reversed(current), do the following.
    If value is not in item, do the following.
        Append value to item.
Perform item.reverse().
Return item.","def dedupe_last(current):
    item = []
    for value in reversed(current):
        if value not in item:
            item.append(value)
    item.reverse()
    return item",null,7,pending_human_review
dedupe_last,deduplication,2,controlled_nl,"Given a list, remove duplicate values while keeping the last occurrence of each value and preserving the order of those kept occurrences.","PROCEDURE dedupe_last INPUT current:
SET item TO [].
FOR EACH value IN reversed(current):
    IF value NOT IN item:
        EXECUTE item.append(value).
EXECUTE item.reverse().
RETURN item","def dedupe_last(current):
    item = []
    for value in reversed(current):
        if value not in item:
            item.append(value)
    item.reverse()
    return item",null,7,pending_human_review
dedupe_last,deduplication,2,pseudocode,"Given a list, remove duplicate values while keeping the last occurrence of each value and preserving the order of those kept occurrences.","PROCEDURE dedupe_last(current)
item <- []
FOR value IN reversed(current)
    IF value NOT IN item
        item.append(value)
item.reverse()
RETURN item","def dedupe_last(current):
    item = []
    for value in reversed(current):
        if value not in item:
            item.append(value)
    item.reverse()
    return item",null,7,pending_human_review
dedupe_last,deduplication,2,python_canonical,"Given a list, remove duplicate values while keeping the last occurrence of each value and preserving the order of those kept occurrences.","def dedupe_last(current):
    item = []
    for value in reversed(current):
        if value not in item:
            item.append(value)
    item.reverse()
    return item","def dedupe_last(current):
    item = []
    for value in reversed(current):
        if value not in item:
            item.append(value)
    item.reverse()
    return item",null,7,pending_human_review
dedupe_last,deduplication,2,python_opaque,"Given a list, remove duplicate values while keeping the last occurrence of each value and preserving the order of those kept occurrences.","def zav0(mip0):
    tuk0 = []
    for qel0 in reversed(mip0):
        if qel0 not in tuk0:
            tuk0.append(qel0)
    tuk0.reverse()
    return tuk0","def dedupe_last(current):
    item = []
    for value in reversed(current):
        if value not in item:
            item.append(value)
    item.reverse()
    return item","{""dedupe_last"": ""zav0"", ""current"": ""mip0"", ""item"": ""tuk0"", ""value"": ""qel0""}",7,pending_human_review
dedupe_last,deduplication,3,nl_exp7_anchor,"Given a list, remove duplicate values while keeping the last occurrence of each value and preserving the order of those kept occurrences.","Initialize with an empty temporary list. Process the input from right to left. If the current value has not yet been kept, append it to the temporary list. Reverse that list and return it.","def dedupe_last(x):
    element = []
    for entry in reversed(x):
        if entry not in element:
            element.append(entry)
    element.reverse()
    return element",null,0,pending_human_review
dedupe_last,deduplication,3,procedural_prose,"Given a list, remove duplicate values while keeping the last occurrence of each value and preserving the order of those kept occurrences.","Define a procedure named dedupe_last that receives x.
Set element to [].
For each entry in reversed(x), do the following.
    If entry is not in element, do the following.
        Append entry to element.
Perform element.reverse().
Return element.","def dedupe_last(x):
    element = []
    for entry in reversed(x):
        if entry not in element:
            element.append(entry)
    element.reverse()
    return element",null,7,pending_human_review
dedupe_last,deduplication,3,controlled_nl,"Given a list, remove duplicate values while keeping the last occurrence of each value and preserving the order of those kept occurrences.","PROCEDURE dedupe_last INPUT x:
SET element TO [].
FOR EACH entry IN reversed(x):
    IF entry NOT IN element:
        EXECUTE element.append(entry).
EXECUTE element.reverse().
RETURN element","def dedupe_last(x):
    element = []
    for entry in reversed(x):
        if entry not in element:
            element.append(entry)
    element.reverse()
    return element",null,7,pending_human_review
dedupe_last,deduplication,3,pseudocode,"Given a list, remove duplicate values while keeping the last occurrence of each value and preserving the order of those kept occurrences.","PROCEDURE dedupe_last(x)
element <- []
FOR entry IN reversed(x)
    IF entry NOT IN element
        element.append(entry)
element.reverse()
RETURN element","def dedupe_last(x):
    element = []
    for entry in reversed(x):
        if entry not in element:
            element.append(entry)
    element.reverse()
    return element",null,7,pending_human_review
dedupe_last,deduplication,3,python_canonical,"Given a list, remove duplicate values while keeping the last occurrence of each value and preserving the order of those kept occurrences.","def dedupe_last(x):
    element = []
    for entry in reversed(x):
        if entry not in element:
            element.append(entry)
    element.reverse()
    return element","def dedupe_last(x):
    element = []
    for entry in reversed(x):
        if entry not in element:
            element.append(entry)
    element.reverse()
    return element",null,7,pending_human_review
dedupe_last,deduplication,3,python_opaque,"Given a list, remove duplicate values while keeping the last occurrence of each value and preserving the order of those kept occurrences.","def zav0(mip0):
    tuk0 = []
    for qel0 in reversed(mip0):
        if qel0 not in tuk0:
            tuk0.append(qel0)
    tuk0.reverse()
    return tuk0","def dedupe_last(x):
    element = []
    for entry in reversed(x):
        if entry not in element:
            element.append(entry)
    element.reverse()
    return element","{""dedupe_last"": ""zav0"", ""x"": ""mip0"", ""element"": ""tuk0"", ""entry"": ""qel0""}",7,pending_human_review
square_values,element_transform,1,nl_exp7_anchor,"Given a list of numbers, create a list containing the square of each element.","Create an empty result list. Examine each input number, multiply it by itself, and append the product to the result. Return the result.","def square_values(values):
    result = []
    for value in values:
        result.append(value * value)
    return result",null,0,pending_human_review
square_values,element_transform,1,procedural_prose,"Given a list of numbers, create a list containing the square of each element.","Define a procedure named square_values that receives values.
Set result to [].
For each value in values, do the following.
    Append (value * value) to result.
Return result.","def square_values(values):
    result = []
    for value in values:
        result.append(value * value)
    return result",null,5,pending_human_review
square_values,element_transform,1,controlled_nl,"Given a list of numbers, create a list containing the square of each element.","PROCEDURE square_values INPUT values:
SET result TO [].
FOR EACH value IN values:
    EXECUTE result.append((value * value)).
RETURN result","def square_values(values):
    result = []
    for value in values:
        result.append(value * value)
    return result",null,5,pending_human_review
square_values,element_transform,1,pseudocode,"Given a list of numbers, create a list containing the square of each element.","PROCEDURE square_values(values)
result <- []
FOR value IN values
    result.append((value * value))
RETURN result","def square_values(values):
    result = []
    for value in values:
        result.append(value * value)
    return result",null,5,pending_human_review
square_values,element_transform,1,python_canonical,"Given a list of numbers, create a list containing the square of each element.","def square_values(values):
    result = []
    for value in values:
        result.append(value * value)
    return result","def square_values(values):
    result = []
    for value in values:
        result.append(value * value)
    return result",null,5,pending_human_review
square_values,element_transform,1,python_opaque,"Given a list of numbers, create a list containing the square of each element.","def zav0(mip0):
    tuk0 = []
    for qel0 in mip0:
        tuk0.append(qel0 * qel0)
    return tuk0","def square_values(values):
    result = []
    for value in values:
        result.append(value * value)
    return result","{""square_values"": ""zav0"", ""values"": ""mip0"", ""result"": ""tuk0"", ""value"": ""qel0""}",5,pending_human_review
square_values,element_transform,2,nl_exp7_anchor,"Given a list of numbers, create a list containing the square of each element.","Build an empty result list. Inspect each input number, multiply it by itself, and add the product to the result. Output the result.","def square_values(current):
    item = []
    for value in current:
        item.append(value * value)
    return item",null,0,pending_human_review
square_values,element_transform,2,procedural_prose,"Given a list of numbers, create a list containing the square of each element.","Define a procedure named square_values that receives current.
Set item to [].
For each value in current, do the following.
    Append (value * value) to item.
Return item.","def square_values(current):
    item = []
    for value in current:
        item.append(value * value)
    return item",null,5,pending_human_review
square_values,element_transform,2,controlled_nl,"Given a list of numbers, create a list containing the square of each element.","PROCEDURE square_values INPUT current:
SET item TO [].
FOR EACH value IN current:
    EXECUTE item.append((value * value)).
RETURN item","def square_values(current):
    item = []
    for value in current:
        item.append(value * value)
    return item",null,5,pending_human_review
square_values,element_transform,2,pseudocode,"Given a list of numbers, create a list containing the square of each element.","PROCEDURE square_values(current)
item <- []
FOR value IN current
    item.append((value * value))
RETURN item","def square_values(current):
    item = []
    for value in current:
        item.append(value * value)
    return item",null,5,pending_human_review
square_values,element_transform,2,python_canonical,"Given a list of numbers, create a list containing the square of each element.","def square_values(current):
    item = []
    for value in current:
        item.append(value * value)
    return item","def square_values(current):
    item = []
    for value in current:
        item.append(value * value)
    return item",null,5,pending_human_review
square_values,element_transform,2,python_opaque,"Given a list of numbers, create a list containing the square of each element.","def zav0(mip0):
    tuk0 = []
    for qel0 in mip0:
        tuk0.append(qel0 * qel0)
    return tuk0","def square_values(current):
    item = []
    for value in current:
        item.append(value * value)
    return item","{""square_values"": ""zav0"", ""current"": ""mip0"", ""item"": ""tuk0"", ""value"": ""qel0""}",5,pending_human_review
square_values,element_transform,3,nl_exp7_anchor,"Given a list of numbers, create a list containing the square of each element.","Initialize an empty result list. Process each input number, multiply it by itself, and append the product to the result. Produce the result.","def square_values(x):
    element = []
    for entry in x:
        element.append(entry * entry)
    return element",null,0,pending_human_review
square_values,element_transform,3,procedural_prose,"Given a list of numbers, create a list containing the square of each element.","Define a procedure named square_values that receives x.
Set element to [].
For each entry in x, do the following.
    Append (entry * entry) to element.
Return element.","def square_values(x):
    element = []
    for entry in x:
        element.append(entry * entry)
    return element",null,5,pending_human_review
square_values,element_transform,3,controlled_nl,"Given a list of numbers, create a list containing the square of each element.","PROCEDURE square_values INPUT x:
SET element TO [].
FOR EACH entry IN x:
    EXECUTE element.append((entry * entry)).
RETURN element","def square_values(x):
    element = []
    for entry in x:
        element.append(entry * entry)
    return element",null,5,pending_human_review
square_values,element_transform,3,pseudocode,"Given a list of numbers, create a list containing the square of each element.","PROCEDURE square_values(x)
element <- []
FOR entry IN x
    element.append((entry * entry))
RETURN element","def square_values(x):
    element = []
    for entry in x:
        element.append(entry * entry)
    return element",null,5,pending_human_review
square_values,element_transform,3,python_canonical,"Given a list of numbers, create a list containing the square of each element.","def square_values(x):
    element = []
    for entry in x:
        element.append(entry * entry)
    return element","def square_values(x):
    element = []
    for entry in x:
        element.append(entry * entry)
    return element",null,5,pending_human_review
square_values,element_transform,3,python_opaque,"Given a list of numbers, create a list containing the square of each element.","def zav0(mip0):
    tuk0 = []
    for qel0 in mip0:
        tuk0.append(qel0 * qel0)
    return tuk0","def square_values(x):
    element = []
    for entry in x:
        element.append(entry * entry)
    return element","{""square_values"": ""zav0"", ""x"": ""mip0"", ""element"": ""tuk0"", ""entry"": ""qel0""}",5,pending_human_review
list_palindrome,palindrome_test,1,nl_exp7_anchor,"Given a list, determine whether its values read the same forward and backward.",Set one index at the beginning and another at the end. Compare the two values and move both indices inward. Return false on a mismatch; return true if all mirrored pairs match.,"def list_palindrome(values):
    left = 0
    right = len(values) - 1
    while left < right:
        if values[left] != values[right]:
            return False
        left += 1
        right -= 1
    return True",null,0,pending_human_review
list_palindrome,palindrome_test,1,procedural_prose,"Given a list, determine whether its values read the same forward and backward.","Define a procedure named list_palindrome that receives values.
Set left to 0.
Set right to (len(values) - 1).
While left is less than right, do the following.
    If values[left] does not equal values[right], do the following.
        Return false.
    Increase left by 1.
    Decrease right by 1.
Return true.","def list_palindrome(values):
    left = 0
    right = len(values) - 1
    while left < right:
        if values[left] != values[right]:
            return False
        left += 1
        right -= 1
    return True",null,9,pending_human_review
list_palindrome,palindrome_test,1,controlled_nl,"Given a list, determine whether its values read the same forward and backward.","PROCEDURE list_palindrome INPUT values:
SET left TO 0.
SET right TO (len(values) - 1).
WHILE left < right:
    IF values[left] != values[right]:
        RETURN FALSE
    UPDATE left USING + 1.
    UPDATE right USING - 1.
RETURN TRUE","def list_palindrome(values):
    left = 0
    right = len(values) - 1
    while left < right:
        if values[left] != values[right]:
            return False
        left += 1
        right -= 1
    return True",null,9,pending_human_review
list_palindrome,palindrome_test,1,pseudocode,"Given a list, determine whether its values read the same forward and backward.","PROCEDURE list_palindrome(values)
left <- 0
right <- (len(values) - 1)
WHILE left < right
    IF values[left] != values[right]
        RETURN FALSE
    left <- left + 1
    right <- right - 1
RETURN TRUE","def list_palindrome(values):
    left = 0
    right = len(values) - 1
    while left < right:
        if values[left] != values[right]:
            return False
        left += 1
        right -= 1
    return True",null,9,pending_human_review
list_palindrome,palindrome_test,1,python_canonical,"Given a list, determine whether its values read the same forward and backward.","def list_palindrome(values):
    left = 0
    right = len(values) - 1
    while left < right:
        if values[left] != values[right]:
            return False
        left += 1
        right -= 1
    return True","def list_palindrome(values):
    left = 0
    right = len(values) - 1
    while left < right:
        if values[left] != values[right]:
            return False
        left += 1
        right -= 1
    return True",null,9,pending_human_review
list_palindrome,palindrome_test,1,python_opaque,"Given a list, determine whether its values read the same forward and backward.","def zav0(mip0):
    tuk0 = 0
    qel0 = len(mip0) - 1
    while tuk0 < qel0:
        if mip0[tuk0] != mip0[qel0]:
            return False
        tuk0 += 1
        qel0 -= 1
    return True","def list_palindrome(values):
    left = 0
    right = len(values) - 1
    while left < right:
        if values[left] != values[right]:
            return False
        left += 1
        right -= 1
    return True","{""list_palindrome"": ""zav0"", ""values"": ""mip0"", ""left"": ""tuk0"", ""right"": ""qel0""}",9,pending_human_review
list_palindrome,palindrome_test,2,nl_exp7_anchor,"Given a list, determine whether its values read the same forward and backward.",Set one index at the beginning and another at the end. Compare the two values and move both indices inward. Output false on a mismatch; output true if all mirrored pairs match.,"def list_palindrome(current):
    item = 0
    value = len(current) - 1
    while item < value:
        if current[item] != current[value]:
            return False
        item += 1
        value -= 1
    return True",null,0,pending_human_review
list_palindrome,palindrome_test,2,procedural_prose,"Given a list, determine whether its values read the same forward and backward.","Define a procedure named list_palindrome that receives current.
Set item to 0.
Set value to (len(current) - 1).
While item is less than value, do the following.
    If current[item] does not equal current[value], do the following.
        Return false.
    Increase item by 1.
    Decrease value by 1.
Return true.","def list_palindrome(current):
    item = 0
    value = len(current) - 1
    while item < value:
        if current[item] != current[value]:
            return False
        item += 1
        value -= 1
    return True",null,9,pending_human_review
list_palindrome,palindrome_test,2,controlled_nl,"Given a list, determine whether its values read the same forward and backward.","PROCEDURE list_palindrome INPUT current:
SET item TO 0.
SET value TO (len(current) - 1).
WHILE item < value:
    IF current[item] != current[value]:
        RETURN FALSE
    UPDATE item USING + 1.
    UPDATE value USING - 1.
RETURN TRUE","def list_palindrome(current):
    item = 0
    value = len(current) - 1
    while item < value:
        if current[item] != current[value]:
            return False
        item += 1
        value -= 1
    return True",null,9,pending_human_review
list_palindrome,palindrome_test,2,pseudocode,"Given a list, determine whether its values read the same forward and backward.","PROCEDURE list_palindrome(current)
item <- 0
value <- (len(current) - 1)
WHILE item < value
    IF current[item] != current[value]
        RETURN FALSE
    item <- item + 1
    value <- value - 1
RETURN TRUE","def list_palindrome(current):
    item = 0
    value = len(current) - 1
    while item < value:
        if current[item] != current[value]:
            return False
        item += 1
        value -= 1
    return True",null,9,pending_human_review
list_palindrome,palindrome_test,2,python_canonical,"Given a list, determine whether its values read the same forward and backward.","def list_palindrome(current):
    item = 0
    value = len(current) - 1
    while item < value:
        if current[item] != current[value]:
            return False
        item += 1
        value -= 1
    return True","def list_palindrome(current):
    item = 0
    value = len(current) - 1
    while item < value:
        if current[item] != current[value]:
            return False
        item += 1
        value -= 1
    return True",null,9,pending_human_review
list_palindrome,palindrome_test,2,python_opaque,"Given a list, determine whether its values read the same forward and backward.","def zav0(mip0):
    tuk0 = 0
    qel0 = len(mip0) - 1
    while tuk0 < qel0:
        if mip0[tuk0] != mip0[qel0]:
            return False
        tuk0 += 1
        qel0 -= 1
    return True","def list_palindrome(current):
    item = 0
    value = len(current) - 1
    while item < value:
        if current[item] != current[value]:
            return False
        item += 1
        value -= 1
    return True","{""list_palindrome"": ""zav0"", ""current"": ""mip0"", ""item"": ""tuk0"", ""value"": ""qel0""}",9,pending_human_review
list_palindrome,palindrome_test,3,nl_exp7_anchor,"Given a list, determine whether its values read the same forward and backward.",Set one index at the beginning and another at the end. Compare the two values and move both indices inward. Produce false on a mismatch; return true if all mirrored pairs match.,"def list_palindrome(x):
    element = 0
    entry = len(x) - 1
    while element < entry:
        if x[element] != x[entry]:
            return False
        element += 1
        entry -= 1
    return True",null,0,pending_human_review
list_palindrome,palindrome_test,3,procedural_prose,"Given a list, determine whether its values read the same forward and backward.","Define a procedure named list_palindrome that receives x.
Set element to 0.
Set entry to (len(x) - 1).
While element is less than entry, do the following.
    If x[element] does not equal x[entry], do the following.
        Return false.
    Increase element by 1.
    Decrease entry by 1.
Return true.","def list_palindrome(x):
    element = 0
    entry = len(x) - 1
    while element < entry:
        if x[element] != x[entry]:
            return False
        element += 1
        entry -= 1
    return True",null,9,pending_human_review
list_palindrome,palindrome_test,3,controlled_nl,"Given a list, determine whether its values read the same forward and backward.","PROCEDURE list_palindrome INPUT x:
SET element TO 0.
SET entry TO (len(x) - 1).
WHILE element < entry:
    IF x[element] != x[entry]:
        RETURN FALSE
    UPDATE element USING + 1.
    UPDATE entry USING - 1.
RETURN TRUE","def list_palindrome(x):
    element = 0
    entry = len(x) - 1
    while element < entry:
        if x[element] != x[entry]:
            return False
        element += 1
        entry -= 1
    return True",null,9,pending_human_review
list_palindrome,palindrome_test,3,pseudocode,"Given a list, determine whether its values read the same forward and backward.","PROCEDURE list_palindrome(x)
element <- 0
entry <- (len(x) - 1)
WHILE element < entry
    IF x[element] != x[entry]
        RETURN FALSE
    element <- element + 1
    entry <- entry - 1
RETURN TRUE","def list_palindrome(x):
    element = 0
    entry = len(x) - 1
    while element < entry:
        if x[element] != x[entry]:
            return False
        element += 1
        entry -= 1
    return True",null,9,pending_human_review
list_palindrome,palindrome_test,3,python_canonical,"Given a list, determine whether its values read the same forward and backward.","def list_palindrome(x):
    element = 0
    entry = len(x) - 1
    while element < entry:
        if x[element] != x[entry]:
            return False
        element += 1
        entry -= 1
    return True","def list_palindrome(x):
    element = 0
    entry = len(x) - 1
    while element < entry:
        if x[element] != x[entry]:
            return False
        element += 1
        entry -= 1
    return True",null,9,pending_human_review
list_palindrome,palindrome_test,3,python_opaque,"Given a list, determine whether its values read the same forward and backward.","def zav0(mip0):
    tuk0 = 0
    qel0 = len(mip0) - 1
    while tuk0 < qel0:
        if mip0[tuk0] != mip0[qel0]:
            return False
        tuk0 += 1
        qel0 -= 1
    return True","def list_palindrome(x):
    element = 0
    entry = len(x) - 1
    while element < entry:
        if x[element] != x[entry]:
            return False
        element += 1
        entry -= 1
    return True","{""list_palindrome"": ""zav0"", ""x"": ""mip0"", ""element"": ""tuk0"", ""entry"": ""qel0""}",9,pending_human_review
count_equal_neighbors,adjacent_analysis,1,nl_exp7_anchor,"Given a list, count how many adjacent pairs contain equal values.",Start a counter at zero. Compare each value after the first with its predecessor. Increase the counter when the two values are equal. Return the counter.,"def count_equal_neighbors(values):
    count = 0
    for index in range(1, len(values)):
        if values[index] == values[index - 1]:
            count += 1
    return count",null,0,pending_human_review
count_equal_neighbors,adjacent_analysis,1,procedural_prose,"Given a list, count how many adjacent pairs contain equal values.","Define a procedure named count_equal_neighbors that receives values.
Set count to 0.
For each index in range(1, len(values)), do the following.
    If values[index] equals values[(index - 1)], do the following.
        Increase count by 1.
Return count.","def count_equal_neighbors(values):
    count = 0
    for index in range(1, len(values)):
        if values[index] == values[index - 1]:
            count += 1
    return count",null,6,pending_human_review
count_equal_neighbors,adjacent_analysis,1,controlled_nl,"Given a list, count how many adjacent pairs contain equal values.","PROCEDURE count_equal_neighbors INPUT values:
SET count TO 0.
FOR EACH index IN range(1, len(values)):
    IF values[index] = values[(index - 1)]:
        UPDATE count USING + 1.
RETURN count","def count_equal_neighbors(values):
    count = 0
    for index in range(1, len(values)):
        if values[index] == values[index - 1]:
            count += 1
    return count",null,6,pending_human_review
count_equal_neighbors,adjacent_analysis,1,pseudocode,"Given a list, count how many adjacent pairs contain equal values.","PROCEDURE count_equal_neighbors(values)
count <- 0
FOR index IN range(1, len(values))
    IF values[index] = values[(index - 1)]
        count <- count + 1
RETURN count","def count_equal_neighbors(values):
    count = 0
    for index in range(1, len(values)):
        if values[index] == values[index - 1]:
            count += 1
    return count",null,6,pending_human_review
count_equal_neighbors,adjacent_analysis,1,python_canonical,"Given a list, count how many adjacent pairs contain equal values.","def count_equal_neighbors(values):
    count = 0
    for index in range(1, len(values)):
        if values[index] == values[index - 1]:
            count += 1
    return count","def count_equal_neighbors(values):
    count = 0
    for index in range(1, len(values)):
        if values[index] == values[index - 1]:
            count += 1
    return count",null,6,pending_human_review
count_equal_neighbors,adjacent_analysis,1,python_opaque,"Given a list, count how many adjacent pairs contain equal values.","def zav0(mip0):
    tuk0 = 0
    for qel0 in range(1, len(mip0)):
        if mip0[qel0] == mip0[qel0 - 1]:
            tuk0 += 1
    return tuk0","def count_equal_neighbors(values):
    count = 0
    for index in range(1, len(values)):
        if values[index] == values[index - 1]:
            count += 1
    return count","{""count_equal_neighbors"": ""zav0"", ""values"": ""mip0"", ""count"": ""tuk0"", ""index"": ""qel0""}",6,pending_human_review
count_equal_neighbors,adjacent_analysis,2,nl_exp7_anchor,"Given a list, count how many adjacent pairs contain equal values.",Begin a counter at zero. Compare each value after the first with its predecessor. Increase the counter when the two values are equal. Output the counter.,"def count_equal_neighbors(current):
    item = 0
    for value in range(1, len(current)):
        if current[value] == current[value - 1]:
            item += 1
    return item",null,0,pending_human_review
count_equal_neighbors,adjacent_analysis,2,procedural_prose,"Given a list, count how many adjacent pairs contain equal values.","Define a procedure named count_equal_neighbors that receives current.
Set item to 0.
For each value in range(1, len(current)), do the following.
    If current[value] equals current[(value - 1)], do the following.
        Increase item by 1.
Return item.","def count_equal_neighbors(current):
    item = 0
    for value in range(1, len(current)):
        if current[value] == current[value - 1]:
            item += 1
    return item",null,6,pending_human_review
count_equal_neighbors,adjacent_analysis,2,controlled_nl,"Given a list, count how many adjacent pairs contain equal values.","PROCEDURE count_equal_neighbors INPUT current:
SET item TO 0.
FOR EACH value IN range(1, len(current)):
    IF current[value] = current[(value - 1)]:
        UPDATE item USING + 1.
RETURN item","def count_equal_neighbors(current):
    item = 0
    for value in range(1, len(current)):
        if current[value] == current[value - 1]:
            item += 1
    return item",null,6,pending_human_review
count_equal_neighbors,adjacent_analysis,2,pseudocode,"Given a list, count how many adjacent pairs contain equal values.","PROCEDURE count_equal_neighbors(current)
item <- 0
FOR value IN range(1, len(current))
    IF current[value] = current[(value - 1)]
        item <- item + 1
RETURN item","def count_equal_neighbors(current):
    item = 0
    for value in range(1, len(current)):
        if current[value] == current[value - 1]:
            item += 1
    return item",null,6,pending_human_review
count_equal_neighbors,adjacent_analysis,2,python_canonical,"Given a list, count how many adjacent pairs contain equal values.","def count_equal_neighbors(current):
    item = 0
    for value in range(1, len(current)):
        if current[value] == current[value - 1]:
            item += 1
    return item","def count_equal_neighbors(current):
    item = 0
    for value in range(1, len(current)):
        if current[value] == current[value - 1]:
            item += 1
    return item",null,6,pending_human_review
count_equal_neighbors,adjacent_analysis,2,python_opaque,"Given a list, count how many adjacent pairs contain equal values.","def zav0(mip0):
    tuk0 = 0
    for qel0 in range(1, len(mip0)):
        if mip0[qel0] == mip0[qel0 - 1]:
            tuk0 += 1
    return tuk0","def count_equal_neighbors(current):
    item = 0
    for value in range(1, len(current)):
        if current[value] == current[value - 1]:
            item += 1
    return item","{""count_equal_neighbors"": ""zav0"", ""current"": ""mip0"", ""item"": ""tuk0"", ""value"": ""qel0""}",6,pending_human_review
count_equal_neighbors,adjacent_analysis,3,nl_exp7_anchor,"Given a list, count how many adjacent pairs contain equal values.",Initialize a counter at zero. Compare each value after the first with its predecessor. Increase the counter when the two values are equal. Produce the counter.,"def count_equal_neighbors(x):
    element = 0
    for entry in range(1, len(x)):
        if x[entry] == x[entry - 1]:
            element += 1
    return element",null,0,pending_human_review
count_equal_neighbors,adjacent_analysis,3,procedural_prose,"Given a list, count how many adjacent pairs contain equal values.","Define a procedure named count_equal_neighbors that receives x.
Set element to 0.
For each entry in range(1, len(x)), do the following.
    If x[entry] equals x[(entry - 1)], do the following.
        Increase element by 1.
Return element.","def count_equal_neighbors(x):
    element = 0
    for entry in range(1, len(x)):
        if x[entry] == x[entry - 1]:
            element += 1
    return element",null,6,pending_human_review
count_equal_neighbors,adjacent_analysis,3,controlled_nl,"Given a list, count how many adjacent pairs contain equal values.","PROCEDURE count_equal_neighbors INPUT x:
SET element TO 0.
FOR EACH entry IN range(1, len(x)):
    IF x[entry] = x[(entry - 1)]:
        UPDATE element USING + 1.
RETURN element","def count_equal_neighbors(x):
    element = 0
    for entry in range(1, len(x)):
        if x[entry] == x[entry - 1]:
            element += 1
    return element",null,6,pending_human_review
count_equal_neighbors,adjacent_analysis,3,pseudocode,"Given a list, count how many adjacent pairs contain equal values.","PROCEDURE count_equal_neighbors(x)
element <- 0
FOR entry IN range(1, len(x))
    IF x[entry] = x[(entry - 1)]
        element <- element + 1
RETURN element","def count_equal_neighbors(x):
    element = 0
    for entry in range(1, len(x)):
        if x[entry] == x[entry - 1]:
            element += 1
    return element",null,6,pending_human_review
count_equal_neighbors,adjacent_analysis,3,python_canonical,"Given a list, count how many adjacent pairs contain equal values.","def count_equal_neighbors(x):
    element = 0
    for entry in range(1, len(x)):
        if x[entry] == x[entry - 1]:
            element += 1
    return element","def count_equal_neighbors(x):
    element = 0
    for entry in range(1, len(x)):
        if x[entry] == x[entry - 1]:
            element += 1
    return element",null,6,pending_human_review
count_equal_neighbors,adjacent_analysis,3,python_opaque,"Given a list, count how many adjacent pairs contain equal values.","def zav0(mip0):
    tuk0 = 0
    for qel0 in range(1, len(mip0)):
        if mip0[qel0] == mip0[qel0 - 1]:
            tuk0 += 1
    return tuk0","def count_equal_neighbors(x):
    element = 0
    for entry in range(1, len(x)):
        if x[entry] == x[entry - 1]:
            element += 1
    return element","{""count_equal_neighbors"": ""zav0"", ""x"": ""mip0"", ""element"": ""tuk0"", ""entry"": ""qel0""}",6,pending_human_review
merge_sorted_descending,merge_sorted,1,nl_exp7_anchor,"Given two lists sorted in descending order, merge them into one descending list.",Create an empty result and place one index at the start of each list. Repeatedly append the larger current value and advance its index. Append any remaining values and return the result.,"def merge_sorted_descending(left_values, right_values):
    result = []
    i = 0
    j = 0
    while i < len(left_values) and j < len(right_values):
        if left_values[i] >= right_values[j]:
            result.append(left_values[i])
            i += 1
        else:
            result.append(right_values[j])
            j += 1
    result.extend(left_values[i:])
    result.extend(right_values[j:])
    return result",null,0,pending_human_review
merge_sorted_descending,merge_sorted,1,procedural_prose,"Given two lists sorted in descending order, merge them into one descending list.","Define a procedure named merge_sorted_descending that receives left_values and right_values.
Set result to [].
Set i to 0.
Set j to 0.
While (i is less than len(left_values) and j is less than len(right_values)), do the following.
    If left_values[i] is at least right_values[j], do the following.
        Append left_values[i] to result.
        Increase i by 1.
    Otherwise, do the following.
        Append right_values[j] to result.
        Increase j by 1.
Perform result.extend(left_values[i:]).
Perform result.extend(right_values[j:]).
Return result.","def merge_sorted_descending(left_values, right_values):
    result = []
    i = 0
    j = 0
    while i < len(left_values) and j < len(right_values):
        if left_values[i] >= right_values[j]:
            result.append(left_values[i])
            i += 1
        else:
            result.append(right_values[j])
            j += 1
    result.extend(left_values[i:])
    result.extend(right_values[j:])
    return result",null,13,pending_human_review
merge_sorted_descending,merge_sorted,1,controlled_nl,"Given two lists sorted in descending order, merge them into one descending list.","PROCEDURE merge_sorted_descending INPUT left_values, right_values:
SET result TO [].
SET i TO 0.
SET j TO 0.
WHILE (i < len(left_values) AND j < len(right_values)):
    IF left_values[i] >= right_values[j]:
        EXECUTE result.append(left_values[i]).
        UPDATE i USING + 1.
    ELSE
        EXECUTE result.append(right_values[j]).
        UPDATE j USING + 1.
EXECUTE result.extend(left_values[i:]).
EXECUTE result.extend(right_values[j:]).
RETURN result","def merge_sorted_descending(left_values, right_values):
    result = []
    i = 0
    j = 0
    while i < len(left_values) and j < len(right_values):
        if left_values[i] >= right_values[j]:
            result.append(left_values[i])
            i += 1
        else:
            result.append(right_values[j])
            j += 1
    result.extend(left_values[i:])
    result.extend(right_values[j:])
    return result",null,13,pending_human_review
merge_sorted_descending,merge_sorted,1,pseudocode,"Given two lists sorted in descending order, merge them into one descending list.","PROCEDURE merge_sorted_descending(left_values, right_values)
result <- []
i <- 0
j <- 0
WHILE (i < len(left_values) AND j < len(right_values))
    IF left_values[i] >= right_values[j]
        result.append(left_values[i])
        i <- i + 1
    ELSE
        result.append(right_values[j])
        j <- j + 1
result.extend(left_values[i:])
result.extend(right_values[j:])
RETURN result","def merge_sorted_descending(left_values, right_values):
    result = []
    i = 0
    j = 0
    while i < len(left_values) and j < len(right_values):
        if left_values[i] >= right_values[j]:
            result.append(left_values[i])
            i += 1
        else:
            result.append(right_values[j])
            j += 1
    result.extend(left_values[i:])
    result.extend(right_values[j:])
    return result",null,13,pending_human_review
merge_sorted_descending,merge_sorted,1,python_canonical,"Given two lists sorted in descending order, merge them into one descending list.","def merge_sorted_descending(left_values, right_values):
    result = []
    i = 0
    j = 0
    while i < len(left_values) and j < len(right_values):
        if left_values[i] >= right_values[j]:
            result.append(left_values[i])
            i += 1
        else:
            result.append(right_values[j])
            j += 1
    result.extend(left_values[i:])
    result.extend(right_values[j:])
    return result","def merge_sorted_descending(left_values, right_values):
    result = []
    i = 0
    j = 0
    while i < len(left_values) and j < len(right_values):
        if left_values[i] >= right_values[j]:
            result.append(left_values[i])
            i += 1
        else:
            result.append(right_values[j])
            j += 1
    result.extend(left_values[i:])
    result.extend(right_values[j:])
    return result",null,13,pending_human_review
merge_sorted_descending,merge_sorted,1,python_opaque,"Given two lists sorted in descending order, merge them into one descending list.","def zav0(mip0, tuk0):
    qel0 = []
    vor0 = 0
    nex0 = 0
    while vor0 < len(mip0) and nex0 < len(tuk0):
        if mip0[vor0] >= tuk0[nex0]:
            qel0.append(mip0[vor0])
            vor0 += 1
        else:
            qel0.append(tuk0[nex0])
            nex0 += 1
    qel0.extend(mip0[vor0:])
    qel0.extend(tuk0[nex0:])
    return qel0","def merge_sorted_descending(left_values, right_values):
    result = []
    i = 0
    j = 0
    while i < len(left_values) and j < len(right_values):
        if left_values[i] >= right_values[j]:
            result.append(left_values[i])
            i += 1
        else:
            result.append(right_values[j])
            j += 1
    result.extend(left_values[i:])
    result.extend(right_values[j:])
    return result","{""merge_sorted_descending"": ""zav0"", ""left_values"": ""mip0"", ""right_values"": ""tuk0"", ""result"": ""qel0"", ""i"": ""vor0"", ""j"": ""nex0""}",13,pending_human_review
merge_sorted_descending,merge_sorted,2,nl_exp7_anchor,"Given two lists sorted in descending order, merge them into one descending list.",Build an empty result and place one index at the start of each list. Repeatedly add the larger current value and advance its index. Add any remaining values and output the result.,"def merge_sorted_descending(current, counter):
    output = []
    item = 0
    value = 0
    while item < len(current) and value < len(counter):
        if current[item] >= counter[value]:
            output.append(current[item])
            item += 1
        else:
            output.append(counter[value])
            value += 1
    output.extend(current[item:])
    output.extend(counter[value:])
    return output",null,0,pending_human_review
merge_sorted_descending,merge_sorted,2,procedural_prose,"Given two lists sorted in descending order, merge them into one descending list.","Define a procedure named merge_sorted_descending that receives current and counter.
Set output to [].
Set item to 0.
Set value to 0.
While (item is less than len(current) and value is less than len(counter)), do the following.
    If current[item] is at least counter[value], do the following.
        Append current[item] to output.
        Increase item by 1.
    Otherwise, do the following.
        Append counter[value] to output.
        Increase value by 1.
Perform output.extend(current[item:]).
Perform output.extend(counter[value:]).
Return output.","def merge_sorted_descending(current, counter):
    output = []
    item = 0
    value = 0
    while item < len(current) and value < len(counter):
        if current[item] >= counter[value]:
            output.append(current[item])
            item += 1
        else:
            output.append(counter[value])
            value += 1
    output.extend(current[item:])
    output.extend(counter[value:])
    return output",null,13,pending_human_review
merge_sorted_descending,merge_sorted,2,controlled_nl,"Given two lists sorted in descending order, merge them into one descending list.","PROCEDURE merge_sorted_descending INPUT current, counter:
SET output TO [].
SET item TO 0.
SET value TO 0.
WHILE (item < len(current) AND value < len(counter)):
    IF current[item] >= counter[value]:
        EXECUTE output.append(current[item]).
        UPDATE item USING + 1.
    ELSE
        EXECUTE output.append(counter[value]).
        UPDATE value USING + 1.
EXECUTE output.extend(current[item:]).
EXECUTE output.extend(counter[value:]).
RETURN output","def merge_sorted_descending(current, counter):
    output = []
    item = 0
    value = 0
    while item < len(current) and value < len(counter):
        if current[item] >= counter[value]:
            output.append(current[item])
            item += 1
        else:
            output.append(counter[value])
            value += 1
    output.extend(current[item:])
    output.extend(counter[value:])
    return output",null,13,pending_human_review
merge_sorted_descending,merge_sorted,2,pseudocode,"Given two lists sorted in descending order, merge them into one descending list.","PROCEDURE merge_sorted_descending(current, counter)
output <- []
item <- 0
value <- 0
WHILE (item < len(current) AND value < len(counter))
    IF current[item] >= counter[value]
        output.append(current[item])
        item <- item + 1
    ELSE
        output.append(counter[value])
        value <- value + 1
output.extend(current[item:])
output.extend(counter[value:])
RETURN output","def merge_sorted_descending(current, counter):
    output = []
    item = 0
    value = 0
    while item < len(current) and value < len(counter):
        if current[item] >= counter[value]:
            output.append(current[item])
            item += 1
        else:
            output.append(counter[value])
            value += 1
    output.extend(current[item:])
    output.extend(counter[value:])
    return output",null,13,pending_human_review
merge_sorted_descending,merge_sorted,2,python_canonical,"Given two lists sorted in descending order, merge them into one descending list.","def merge_sorted_descending(current, counter):
    output = []
    item = 0
    value = 0
    while item < len(current) and value < len(counter):
        if current[item] >= counter[value]:
            output.append(current[item])
            item += 1
        else:
            output.append(counter[value])
            value += 1
    output.extend(current[item:])
    output.extend(counter[value:])
    return output","def merge_sorted_descending(current, counter):
    output = []
    item = 0
    value = 0
    while item < len(current) and value < len(counter):
        if current[item] >= counter[value]:
            output.append(current[item])
            item += 1
        else:
            output.append(counter[value])
            value += 1
    output.extend(current[item:])
    output.extend(counter[value:])
    return output",null,13,pending_human_review
merge_sorted_descending,merge_sorted,2,python_opaque,"Given two lists sorted in descending order, merge them into one descending list.","def zav0(mip0, tuk0):
    qel0 = []
    vor0 = 0
    nex0 = 0
    while vor0 < len(mip0) and nex0 < len(tuk0):
        if mip0[vor0] >= tuk0[nex0]:
            qel0.append(mip0[vor0])
            vor0 += 1
        else:
            qel0.append(tuk0[nex0])
            nex0 += 1
    qel0.extend(mip0[vor0:])
    qel0.extend(tuk0[nex0:])
    return qel0","def merge_sorted_descending(current, counter):
    output = []
    item = 0
    value = 0
    while item < len(current) and value < len(counter):
        if current[item] >= counter[value]:
            output.append(current[item])
            item += 1
        else:
            output.append(counter[value])
            value += 1
    output.extend(current[item:])
    output.extend(counter[value:])
    return output","{""merge_sorted_descending"": ""zav0"", ""current"": ""mip0"", ""counter"": ""tuk0"", ""output"": ""qel0"", ""item"": ""vor0"", ""value"": ""nex0""}",13,pending_human_review
merge_sorted_descending,merge_sorted,3,nl_exp7_anchor,"Given two lists sorted in descending order, merge them into one descending list.",Initialize an empty result and place one index at the start of each list. Repeatedly append the larger current value and advance its index. Place any remaining values and return the result.,"def merge_sorted_descending(x, n_count):
    result = []
    element = 0
    entry = 0
    while element < len(x) and entry < len(n_count):
        if x[element] >= n_count[entry]:
            result.append(x[element])
            element += 1
        else:
            result.append(n_count[entry])
            entry += 1
    result.extend(x[element:])
    result.extend(n_count[entry:])
    return result",null,0,pending_human_review
merge_sorted_descending,merge_sorted,3,procedural_prose,"Given two lists sorted in descending order, merge them into one descending list.","Define a procedure named merge_sorted_descending that receives x and n_count.
Set result to [].
Set element to 0.
Set entry to 0.
While (element is less than len(x) and entry is less than len(n_count)), do the following.
    If x[element] is at least n_count[entry], do the following.
        Append x[element] to result.
        Increase element by 1.
    Otherwise, do the following.
        Append n_count[entry] to result.
        Increase entry by 1.
Perform result.extend(x[element:]).
Perform result.extend(n_count[entry:]).
Return result.","def merge_sorted_descending(x, n_count):
    result = []
    element = 0
    entry = 0
    while element < len(x) and entry < len(n_count):
        if x[element] >= n_count[entry]:
            result.append(x[element])
            element += 1
        else:
            result.append(n_count[entry])
            entry += 1
    result.extend(x[element:])
    result.extend(n_count[entry:])
    return result",null,13,pending_human_review
merge_sorted_descending,merge_sorted,3,controlled_nl,"Given two lists sorted in descending order, merge them into one descending list.","PROCEDURE merge_sorted_descending INPUT x, n_count:
SET result TO [].
SET element TO 0.
SET entry TO 0.
WHILE (element < len(x) AND entry < len(n_count)):
    IF x[element] >= n_count[entry]:
        EXECUTE result.append(x[element]).
        UPDATE element USING + 1.
    ELSE
        EXECUTE result.append(n_count[entry]).
        UPDATE entry USING + 1.
EXECUTE result.extend(x[element:]).
EXECUTE result.extend(n_count[entry:]).
RETURN result","def merge_sorted_descending(x, n_count):
    result = []
    element = 0
    entry = 0
    while element < len(x) and entry < len(n_count):
        if x[element] >= n_count[entry]:
            result.append(x[element])
            element += 1
        else:
            result.append(n_count[entry])
            entry += 1
    result.extend(x[element:])
    result.extend(n_count[entry:])
    return result",null,13,pending_human_review
merge_sorted_descending,merge_sorted,3,pseudocode,"Given two lists sorted in descending order, merge them into one descending list.","PROCEDURE merge_sorted_descending(x, n_count)
result <- []
element <- 0
entry <- 0
WHILE (element < len(x) AND entry < len(n_count))
    IF x[element] >= n_count[entry]
        result.append(x[element])
        element <- element + 1
    ELSE
        result.append(n_count[entry])
        entry <- entry + 1
result.extend(x[element:])
result.extend(n_count[entry:])
RETURN result","def merge_sorted_descending(x, n_count):
    result = []
    element = 0
    entry = 0
    while element < len(x) and entry < len(n_count):
        if x[element] >= n_count[entry]:
            result.append(x[element])
            element += 1
        else:
            result.append(n_count[entry])
            entry += 1
    result.extend(x[element:])
    result.extend(n_count[entry:])
    return result",null,13,pending_human_review
merge_sorted_descending,merge_sorted,3,python_canonical,"Given two lists sorted in descending order, merge them into one descending list.","def merge_sorted_descending(x, n_count):
    result = []
    element = 0
    entry = 0
    while element < len(x) and entry < len(n_count):
        if x[element] >= n_count[entry]:
            result.append(x[element])
            element += 1
        else:
            result.append(n_count[entry])
            entry += 1
    result.extend(x[element:])
    result.extend(n_count[entry:])
    return result","def merge_sorted_descending(x, n_count):
    result = []
    element = 0
    entry = 0
    while element < len(x) and entry < len(n_count):
        if x[element] >= n_count[entry]:
            result.append(x[element])
            element += 1
        else:
            result.append(n_count[entry])
            entry += 1
    result.extend(x[element:])
    result.extend(n_count[entry:])
    return result",null,13,pending_human_review
merge_sorted_descending,merge_sorted,3,python_opaque,"Given two lists sorted in descending order, merge them into one descending list.","def zav0(mip0, tuk0):
    qel0 = []
    vor0 = 0
    nex0 = 0
    while vor0 < len(mip0) and nex0 < len(tuk0):
        if mip0[vor0] >= tuk0[nex0]:
            qel0.append(mip0[vor0])
            vor0 += 1
        else:
            qel0.append(tuk0[nex0])
            nex0 += 1
    qel0.extend(mip0[vor0:])
    qel0.extend(tuk0[nex0:])
    return qel0","def merge_sorted_descending(x, n_count):
    result = []
    element = 0
    entry = 0
    while element < len(x) and entry < len(n_count):
        if x[element] >= n_count[entry]:
            result.append(x[element])
            element += 1
        else:
            result.append(n_count[entry])
            entry += 1
    result.extend(x[element:])
    result.extend(n_count[entry:])
    return result","{""merge_sorted_descending"": ""zav0"", ""x"": ""mip0"", ""n_count"": ""tuk0"", ""result"": ""qel0"", ""element"": ""vor0"", ""entry"": ""nex0""}",13,pending_human_review
ordered_unique_intersection,ordered_intersection,1,nl_exp7_anchor,"Given two lists, return distinct values from the first list that also occur in the second list, preserving first-list order.","Create an empty result. Examine each value in the first list. If it occurs in the second list and is not already in the result, append it. Return the result.","def ordered_unique_intersection(first, second):
    result = []
    for value in first:
        if value in second and value not in result:
            result.append(value)
    return result",null,0,pending_human_review
ordered_unique_intersection,ordered_intersection,1,procedural_prose,"Given two lists, return distinct values from the first list that also occur in the second list, preserving first-list order.","Define a procedure named ordered_unique_intersection that receives first and second.
Set result to [].
For each value in first, do the following.
    If (value is in second and value is not in result), do the following.
        Append value to result.
Return result.","def ordered_unique_intersection(first, second):
    result = []
    for value in first:
        if value in second and value not in result:
            result.append(value)
    return result",null,6,pending_human_review
ordered_unique_intersection,ordered_intersection,1,controlled_nl,"Given two lists, return distinct values from the first list that also occur in the second list, preserving first-list order.","PROCEDURE ordered_unique_intersection INPUT first, second:
SET result TO [].
FOR EACH value IN first:
    IF (value IN second AND value NOT IN result):
        EXECUTE result.append(value).
RETURN result","def ordered_unique_intersection(first, second):
    result = []
    for value in first:
        if value in second and value not in result:
            result.append(value)
    return result",null,6,pending_human_review
ordered_unique_intersection,ordered_intersection,1,pseudocode,"Given two lists, return distinct values from the first list that also occur in the second list, preserving first-list order.","PROCEDURE ordered_unique_intersection(first, second)
result <- []
FOR value IN first
    IF (value IN second AND value NOT IN result)
        result.append(value)
RETURN result","def ordered_unique_intersection(first, second):
    result = []
    for value in first:
        if value in second and value not in result:
            result.append(value)
    return result",null,6,pending_human_review
ordered_unique_intersection,ordered_intersection,1,python_canonical,"Given two lists, return distinct values from the first list that also occur in the second list, preserving first-list order.","def ordered_unique_intersection(first, second):
    result = []
    for value in first:
        if value in second and value not in result:
            result.append(value)
    return result","def ordered_unique_intersection(first, second):
    result = []
    for value in first:
        if value in second and value not in result:
            result.append(value)
    return result",null,6,pending_human_review
ordered_unique_intersection,ordered_intersection,1,python_opaque,"Given two lists, return distinct values from the first list that also occur in the second list, preserving first-list order.","def zav0(mip0, tuk0):
    qel0 = []
    for vor0 in mip0:
        if vor0 in tuk0 and vor0 not in qel0:
            qel0.append(vor0)
    return qel0","def ordered_unique_intersection(first, second):
    result = []
    for value in first:
        if value in second and value not in result:
            result.append(value)
    return result","{""ordered_unique_intersection"": ""zav0"", ""first"": ""mip0"", ""second"": ""tuk0"", ""result"": ""qel0"", ""value"": ""vor0""}",6,pending_human_review
ordered_unique_intersection,ordered_intersection,2,nl_exp7_anchor,"Given two lists, return distinct values from the first list that also occur in the second list, preserving first-list order.","Build an empty result. Inspect each value in the first list. If it occurs in the second list and is not already in the result, add it. Output the result.","def ordered_unique_intersection(item, current):
    value = []
    for output in item:
        if output in current and output not in value:
            value.append(output)
    return value",null,0,pending_human_review
ordered_unique_intersection,ordered_intersection,2,procedural_prose,"Given two lists, return distinct values from the first list that also occur in the second list, preserving first-list order.","Define a procedure named ordered_unique_intersection that receives item and current.
Set value to [].
For each output in item, do the following.
    If (output is in current and output is not in value), do the following.
        Append output to value.
Return value.","def ordered_unique_intersection(item, current):
    value = []
    for output in item:
        if output in current and output not in value:
            value.append(output)
    return value",null,6,pending_human_review
ordered_unique_intersection,ordered_intersection,2,controlled_nl,"Given two lists, return distinct values from the first list that also occur in the second list, preserving first-list order.","PROCEDURE ordered_unique_intersection INPUT item, current:
SET value TO [].
FOR EACH output IN item:
    IF (output IN current AND output NOT IN value):
        EXECUTE value.append(output).
RETURN value","def ordered_unique_intersection(item, current):
    value = []
    for output in item:
        if output in current and output not in value:
            value.append(output)
    return value",null,6,pending_human_review
ordered_unique_intersection,ordered_intersection,2,pseudocode,"Given two lists, return distinct values from the first list that also occur in the second list, preserving first-list order.","PROCEDURE ordered_unique_intersection(item, current)
value <- []
FOR output IN item
    IF (output IN current AND output NOT IN value)
        value.append(output)
RETURN value","def ordered_unique_intersection(item, current):
    value = []
    for output in item:
        if output in current and output not in value:
            value.append(output)
    return value",null,6,pending_human_review
ordered_unique_intersection,ordered_intersection,2,python_canonical,"Given two lists, return distinct values from the first list that also occur in the second list, preserving first-list order.","def ordered_unique_intersection(item, current):
    value = []
    for output in item:
        if output in current and output not in value:
            value.append(output)
    return value","def ordered_unique_intersection(item, current):
    value = []
    for output in item:
        if output in current and output not in value:
            value.append(output)
    return value",null,6,pending_human_review
ordered_unique_intersection,ordered_intersection,2,python_opaque,"Given two lists, return distinct values from the first list that also occur in the second list, preserving first-list order.","def zav0(mip0, tuk0):
    qel0 = []
    for vor0 in mip0:
        if vor0 in tuk0 and vor0 not in qel0:
            qel0.append(vor0)
    return qel0","def ordered_unique_intersection(item, current):
    value = []
    for output in item:
        if output in current and output not in value:
            value.append(output)
    return value","{""ordered_unique_intersection"": ""zav0"", ""item"": ""mip0"", ""current"": ""tuk0"", ""value"": ""qel0"", ""output"": ""vor0""}",6,pending_human_review
ordered_unique_intersection,ordered_intersection,3,nl_exp7_anchor,"Given two lists, return distinct values from the first list that also occur in the second list, preserving first-list order.","Initialize an empty result. Process each value in the first list. If it occurs in the second list and is not already in the result, append it. Produce the result.","def ordered_unique_intersection(element, x):
    entry = []
    for result in element:
        if result in x and result not in entry:
            entry.append(result)
    return entry",null,0,pending_human_review
ordered_unique_intersection,ordered_intersection,3,procedural_prose,"Given two lists, return distinct values from the first list that also occur in the second list, preserving first-list order.","Define a procedure named ordered_unique_intersection that receives element and x.
Set entry to [].
For each result in element, do the following.
    If (result is in x and result is not in entry), do the following.
        Append result to entry.
Return entry.","def ordered_unique_intersection(element, x):
    entry = []
    for result in element:
        if result in x and result not in entry:
            entry.append(result)
    return entry",null,6,pending_human_review
ordered_unique_intersection,ordered_intersection,3,controlled_nl,"Given two lists, return distinct values from the first list that also occur in the second list, preserving first-list order.","PROCEDURE ordered_unique_intersection INPUT element, x:
SET entry TO [].
FOR EACH result IN element:
    IF (result IN x AND result NOT IN entry):
        EXECUTE entry.append(result).
RETURN entry","def ordered_unique_intersection(element, x):
    entry = []
    for result in element:
        if result in x and result not in entry:
            entry.append(result)
    return entry",null,6,pending_human_review
ordered_unique_intersection,ordered_intersection,3,pseudocode,"Given two lists, return distinct values from the first list that also occur in the second list, preserving first-list order.","PROCEDURE ordered_unique_intersection(element, x)
entry <- []
FOR result IN element
    IF (result IN x AND result NOT IN entry)
        entry.append(result)
RETURN entry","def ordered_unique_intersection(element, x):
    entry = []
    for result in element:
        if result in x and result not in entry:
            entry.append(result)
    return entry",null,6,pending_human_review
ordered_unique_intersection,ordered_intersection,3,python_canonical,"Given two lists, return distinct values from the first list that also occur in the second list, preserving first-list order.","def ordered_unique_intersection(element, x):
    entry = []
    for result in element:
        if result in x and result not in entry:
            entry.append(result)
    return entry","def ordered_unique_intersection(element, x):
    entry = []
    for result in element:
        if result in x and result not in entry:
            entry.append(result)
    return entry",null,6,pending_human_review
ordered_unique_intersection,ordered_intersection,3,python_opaque,"Given two lists, return distinct values from the first list that also occur in the second list, preserving first-list order.","def zav0(mip0, tuk0):
    qel0 = []
    for vor0 in mip0:
        if vor0 in tuk0 and vor0 not in qel0:
            qel0.append(vor0)
    return qel0","def ordered_unique_intersection(element, x):
    entry = []
    for result in element:
        if result in x and result not in entry:
            entry.append(result)
    return entry","{""ordered_unique_intersection"": ""zav0"", ""element"": ""mip0"", ""x"": ""tuk0"", ""entry"": ""qel0"", ""result"": ""vor0""}",6,pending_human_review
is_subset,set_relation,1,nl_exp7_anchor,"Given two collections, determine whether every value in the first collection occurs in the second.","Examine each value in the first collection. If any value is absent from the second collection, return false. Return true if every value is present.","def is_subset(first, second):
    for value in first:
        if value not in second:
            return False
    return True",null,0,pending_human_review
is_subset,set_relation,1,procedural_prose,"Given two collections, determine whether every value in the first collection occurs in the second.","Define a procedure named is_subset that receives first and second.
For each value in first, do the following.
    If value is not in second, do the following.
        Return false.
Return true.","def is_subset(first, second):
    for value in first:
        if value not in second:
            return False
    return True",null,5,pending_human_review
is_subset,set_relation,1,controlled_nl,"Given two collections, determine whether every value in the first collection occurs in the second.","PROCEDURE is_subset INPUT first, second:
FOR EACH value IN first:
    IF value NOT IN second:
        RETURN FALSE
RETURN TRUE","def is_subset(first, second):
    for value in first:
        if value not in second:
            return False
    return True",null,5,pending_human_review
is_subset,set_relation,1,pseudocode,"Given two collections, determine whether every value in the first collection occurs in the second.","PROCEDURE is_subset(first, second)
FOR value IN first
    IF value NOT IN second
        RETURN FALSE
RETURN TRUE","def is_subset(first, second):
    for value in first:
        if value not in second:
            return False
    return True",null,5,pending_human_review
is_subset,set_relation,1,python_canonical,"Given two collections, determine whether every value in the first collection occurs in the second.","def is_subset(first, second):
    for value in first:
        if value not in second:
            return False
    return True","def is_subset(first, second):
    for value in first:
        if value not in second:
            return False
    return True",null,5,pending_human_review
is_subset,set_relation,1,python_opaque,"Given two collections, determine whether every value in the first collection occurs in the second.","def zav0(mip0, tuk0):
    for qel0 in mip0:
        if qel0 not in tuk0:
            return False
    return True","def is_subset(first, second):
    for value in first:
        if value not in second:
            return False
    return True","{""is_subset"": ""zav0"", ""first"": ""mip0"", ""second"": ""tuk0"", ""value"": ""qel0""}",5,pending_human_review
is_subset,set_relation,2,nl_exp7_anchor,"Given two collections, determine whether every value in the first collection occurs in the second.","Inspect each value in the first collection. If any value is absent from the second collection, output false. Output true if every value is present.","def is_subset(item, value):
    for current in item:
        if current not in value:
            return False
    return True",null,0,pending_human_review
is_subset,set_relation,2,procedural_prose,"Given two collections, determine whether every value in the first collection occurs in the second.","Define a procedure named is_subset that receives item and value.
For each current in item, do the following.
    If current is not in value, do the following.
        Return false.
Return true.","def is_subset(item, value):
    for current in item:
        if current not in value:
            return False
    return True",null,5,pending_human_review
is_subset,set_relation,2,controlled_nl,"Given two collections, determine whether every value in the first collection occurs in the second.","PROCEDURE is_subset INPUT item, value:
FOR EACH current IN item:
    IF current NOT IN value:
        RETURN FALSE
RETURN TRUE","def is_subset(item, value):
    for current in item:
        if current not in value:
            return False
    return True",null,5,pending_human_review
is_subset,set_relation,2,pseudocode,"Given two collections, determine whether every value in the first collection occurs in the second.","PROCEDURE is_subset(item, value)
FOR current IN item
    IF current NOT IN value
        RETURN FALSE
RETURN TRUE","def is_subset(item, value):
    for current in item:
        if current not in value:
            return False
    return True",null,5,pending_human_review
is_subset,set_relation,2,python_canonical,"Given two collections, determine whether every value in the first collection occurs in the second.","def is_subset(item, value):
    for current in item:
        if current not in value:
            return False
    return True","def is_subset(item, value):
    for current in item:
        if current not in value:
            return False
    return True",null,5,pending_human_review
is_subset,set_relation,2,python_opaque,"Given two collections, determine whether every value in the first collection occurs in the second.","def zav0(mip0, tuk0):
    for qel0 in mip0:
        if qel0 not in tuk0:
            return False
    return True","def is_subset(item, value):
    for current in item:
        if current not in value:
            return False
    return True","{""is_subset"": ""zav0"", ""item"": ""mip0"", ""value"": ""tuk0"", ""current"": ""qel0""}",5,pending_human_review
is_subset,set_relation,3,nl_exp7_anchor,"Given two collections, determine whether every value in the first collection occurs in the second.","Process each value in the first collection. If any value is absent from the second collection, return false. Produce true if every value is present.","def is_subset(element, entry):
    for x in element:
        if x not in entry:
            return False
    return True",null,0,pending_human_review
is_subset,set_relation,3,procedural_prose,"Given two collections, determine whether every value in the first collection occurs in the second.","Define a procedure named is_subset that receives element and entry.
For each x in element, do the following.
    If x is not in entry, do the following.
        Return false.
Return true.","def is_subset(element, entry):
    for x in element:
        if x not in entry:
            return False
    return True",null,5,pending_human_review
is_subset,set_relation,3,controlled_nl,"Given two collections, determine whether every value in the first collection occurs in the second.","PROCEDURE is_subset INPUT element, entry:
FOR EACH x IN element:
    IF x NOT IN entry:
        RETURN FALSE
RETURN TRUE","def is_subset(element, entry):
    for x in element:
        if x not in entry:
            return False
    return True",null,5,pending_human_review
is_subset,set_relation,3,pseudocode,"Given two collections, determine whether every value in the first collection occurs in the second.","PROCEDURE is_subset(element, entry)
FOR x IN element
    IF x NOT IN entry
        RETURN FALSE
RETURN TRUE","def is_subset(element, entry):
    for x in element:
        if x not in entry:
            return False
    return True",null,5,pending_human_review
is_subset,set_relation,3,python_canonical,"Given two collections, determine whether every value in the first collection occurs in the second.","def is_subset(element, entry):
    for x in element:
        if x not in entry:
            return False
    return True","def is_subset(element, entry):
    for x in element:
        if x not in entry:
            return False
    return True",null,5,pending_human_review
is_subset,set_relation,3,python_opaque,"Given two collections, determine whether every value in the first collection occurs in the second.","def zav0(mip0, tuk0):
    for qel0 in mip0:
        if qel0 not in tuk0:
            return False
    return True","def is_subset(element, entry):
    for x in element:
        if x not in entry:
            return False
    return True","{""is_subset"": ""zav0"", ""element"": ""mip0"", ""entry"": ""tuk0"", ""x"": ""qel0""}",5,pending_human_review
most_frequent,mode_selection,1,nl_exp7_anchor,"Given a non-empty list, return a value with the highest occurrence count, choosing the first such value on ties.",Build occurrence counts. Then scan the original list while tracking the best value and highest count seen. Replace the best only when a strictly higher count is found. Return the best value.,"def most_frequent(values):
    counts = {}
    for value in values:
        counts[value] = counts.get(value, 0) + 1
    best = values[0]
    for value in values:
        if counts[value] > counts[best]:
            best = value
    return best",null,0,pending_human_review
most_frequent,mode_selection,1,procedural_prose,"Given a non-empty list, return a value with the highest occurrence count, choosing the first such value on ties.","Define a procedure named most_frequent that receives values.
Set counts to {}.
For each value in values, do the following.
    Set counts[value] to (counts.get(value, 0) + 1).
Set best to values[0].
For each value in values, do the following.
    If counts[value] is greater than counts[best], do the following.
        Set best to value.
Return best.","def most_frequent(values):
    counts = {}
    for value in values:
        counts[value] = counts.get(value, 0) + 1
    best = values[0]
    for value in values:
        if counts[value] > counts[best]:
            best = value
    return best",null,9,pending_human_review
most_frequent,mode_selection,1,controlled_nl,"Given a non-empty list, return a value with the highest occurrence count, choosing the first such value on ties.","PROCEDURE most_frequent INPUT values:
SET counts TO {}.
FOR EACH value IN values:
    SET counts[value] TO (counts.get(value, 0) + 1).
SET best TO values[0].
FOR EACH value IN values:
    IF counts[value] > counts[best]:
        SET best TO value.
RETURN best","def most_frequent(values):
    counts = {}
    for value in values:
        counts[value] = counts.get(value, 0) + 1
    best = values[0]
    for value in values:
        if counts[value] > counts[best]:
            best = value
    return best",null,9,pending_human_review
most_frequent,mode_selection,1,pseudocode,"Given a non-empty list, return a value with the highest occurrence count, choosing the first such value on ties.","PROCEDURE most_frequent(values)
counts <- {}
FOR value IN values
    counts[value] <- (counts.get(value, 0) + 1)
best <- values[0]
FOR value IN values
    IF counts[value] > counts[best]
        best <- value
RETURN best","def most_frequent(values):
    counts = {}
    for value in values:
        counts[value] = counts.get(value, 0) + 1
    best = values[0]
    for value in values:
        if counts[value] > counts[best]:
            best = value
    return best",null,9,pending_human_review
most_frequent,mode_selection,1,python_canonical,"Given a non-empty list, return a value with the highest occurrence count, choosing the first such value on ties.","def most_frequent(values):
    counts = {}
    for value in values:
        counts[value] = counts.get(value, 0) + 1
    best = values[0]
    for value in values:
        if counts[value] > counts[best]:
            best = value
    return best","def most_frequent(values):
    counts = {}
    for value in values:
        counts[value] = counts.get(value, 0) + 1
    best = values[0]
    for value in values:
        if counts[value] > counts[best]:
            best = value
    return best",null,9,pending_human_review
most_frequent,mode_selection,1,python_opaque,"Given a non-empty list, return a value with the highest occurrence count, choosing the first such value on ties.","def zav0(mip0):
    tuk0 = {}
    for qel0 in mip0:
        tuk0[qel0] = tuk0.get(qel0, 0) + 1
    vor0 = mip0[0]
    for qel0 in mip0:
        if tuk0[qel0] > tuk0[vor0]:
            vor0 = qel0
    return vor0","def most_frequent(values):
    counts = {}
    for value in values:
        counts[value] = counts.get(value, 0) + 1
    best = values[0]
    for value in values:
        if counts[value] > counts[best]:
            best = value
    return best","{""most_frequent"": ""zav0"", ""values"": ""mip0"", ""counts"": ""tuk0"", ""value"": ""qel0"", ""best"": ""vor0""}",9,pending_human_review
most_frequent,mode_selection,2,nl_exp7_anchor,"Given a non-empty list, return a value with the highest occurrence count, choosing the first such value on ties.",Build occurrence counts. Then scan the original list while tracking the best value and highest count seen. Replace the best only when a strictly higher count is found. Output the best value.,"def most_frequent(output):
    value = {}
    for current in output:
        value[current] = value.get(current, 0) + 1
    item = output[0]
    for current in output:
        if value[current] > value[item]:
            item = current
    return item",null,0,pending_human_review
most_frequent,mode_selection,2,procedural_prose,"Given a non-empty list, return a value with the highest occurrence count, choosing the first such value on ties.","Define a procedure named most_frequent that receives output.
Set value to {}.
For each current in output, do the following.
    Set value[current] to (value.get(current, 0) + 1).
Set item to output[0].
For each current in output, do the following.
    If value[current] is greater than value[item], do the following.
        Set item to current.
Return item.","def most_frequent(output):
    value = {}
    for current in output:
        value[current] = value.get(current, 0) + 1
    item = output[0]
    for current in output:
        if value[current] > value[item]:
            item = current
    return item",null,9,pending_human_review
most_frequent,mode_selection,2,controlled_nl,"Given a non-empty list, return a value with the highest occurrence count, choosing the first such value on ties.","PROCEDURE most_frequent INPUT output:
SET value TO {}.
FOR EACH current IN output:
    SET value[current] TO (value.get(current, 0) + 1).
SET item TO output[0].
FOR EACH current IN output:
    IF value[current] > value[item]:
        SET item TO current.
RETURN item","def most_frequent(output):
    value = {}
    for current in output:
        value[current] = value.get(current, 0) + 1
    item = output[0]
    for current in output:
        if value[current] > value[item]:
            item = current
    return item",null,9,pending_human_review
most_frequent,mode_selection,2,pseudocode,"Given a non-empty list, return a value with the highest occurrence count, choosing the first such value on ties.","PROCEDURE most_frequent(output)
value <- {}
FOR current IN output
    value[current] <- (value.get(current, 0) + 1)
item <- output[0]
FOR current IN output
    IF value[current] > value[item]
        item <- current
RETURN item","def most_frequent(output):
    value = {}
    for current in output:
        value[current] = value.get(current, 0) + 1
    item = output[0]
    for current in output:
        if value[current] > value[item]:
            item = current
    return item",null,9,pending_human_review
most_frequent,mode_selection,2,python_canonical,"Given a non-empty list, return a value with the highest occurrence count, choosing the first such value on ties.","def most_frequent(output):
    value = {}
    for current in output:
        value[current] = value.get(current, 0) + 1
    item = output[0]
    for current in output:
        if value[current] > value[item]:
            item = current
    return item","def most_frequent(output):
    value = {}
    for current in output:
        value[current] = value.get(current, 0) + 1
    item = output[0]
    for current in output:
        if value[current] > value[item]:
            item = current
    return item",null,9,pending_human_review
most_frequent,mode_selection,2,python_opaque,"Given a non-empty list, return a value with the highest occurrence count, choosing the first such value on ties.","def zav0(mip0):
    tuk0 = {}
    for qel0 in mip0:
        tuk0[qel0] = tuk0.get(qel0, 0) + 1
    vor0 = mip0[0]
    for qel0 in mip0:
        if tuk0[qel0] > tuk0[vor0]:
            vor0 = qel0
    return vor0","def most_frequent(output):
    value = {}
    for current in output:
        value[current] = value.get(current, 0) + 1
    item = output[0]
    for current in output:
        if value[current] > value[item]:
            item = current
    return item","{""most_frequent"": ""zav0"", ""output"": ""mip0"", ""value"": ""tuk0"", ""current"": ""qel0"", ""item"": ""vor0""}",9,pending_human_review
most_frequent,mode_selection,3,nl_exp7_anchor,"Given a non-empty list, return a value with the highest occurrence count, choosing the first such value on ties.",Initialize occurrence counts. Then scan the original list while tracking the best value and highest count seen. Replace the best only when a strictly higher count is found. Produce the best value.,"def most_frequent(result):
    entry = {}
    for x in result:
        entry[x] = entry.get(x, 0) + 1
    element = result[0]
    for x in result:
        if entry[x] > entry[element]:
            element = x
    return element",null,0,pending_human_review
most_frequent,mode_selection,3,procedural_prose,"Given a non-empty list, return a value with the highest occurrence count, choosing the first such value on ties.","Define a procedure named most_frequent that receives result.
Set entry to {}.
For each x in result, do the following.
    Set entry[x] to (entry.get(x, 0) + 1).
Set element to result[0].
For each x in result, do the following.
    If entry[x] is greater than entry[element], do the following.
        Set element to x.
Return element.","def most_frequent(result):
    entry = {}
    for x in result:
        entry[x] = entry.get(x, 0) + 1
    element = result[0]
    for x in result:
        if entry[x] > entry[element]:
            element = x
    return element",null,9,pending_human_review
most_frequent,mode_selection,3,controlled_nl,"Given a non-empty list, return a value with the highest occurrence count, choosing the first such value on ties.","PROCEDURE most_frequent INPUT result:
SET entry TO {}.
FOR EACH x IN result:
    SET entry[x] TO (entry.get(x, 0) + 1).
SET element TO result[0].
FOR EACH x IN result:
    IF entry[x] > entry[element]:
        SET element TO x.
RETURN element","def most_frequent(result):
    entry = {}
    for x in result:
        entry[x] = entry.get(x, 0) + 1
    element = result[0]
    for x in result:
        if entry[x] > entry[element]:
            element = x
    return element",null,9,pending_human_review
most_frequent,mode_selection,3,pseudocode,"Given a non-empty list, return a value with the highest occurrence count, choosing the first such value on ties.","PROCEDURE most_frequent(result)
entry <- {}
FOR x IN result
    entry[x] <- (entry.get(x, 0) + 1)
element <- result[0]
FOR x IN result
    IF entry[x] > entry[element]
        element <- x
RETURN element","def most_frequent(result):
    entry = {}
    for x in result:
        entry[x] = entry.get(x, 0) + 1
    element = result[0]
    for x in result:
        if entry[x] > entry[element]:
            element = x
    return element",null,9,pending_human_review
most_frequent,mode_selection,3,python_canonical,"Given a non-empty list, return a value with the highest occurrence count, choosing the first such value on ties.","def most_frequent(result):
    entry = {}
    for x in result:
        entry[x] = entry.get(x, 0) + 1
    element = result[0]
    for x in result:
        if entry[x] > entry[element]:
            element = x
    return element","def most_frequent(result):
    entry = {}
    for x in result:
        entry[x] = entry.get(x, 0) + 1
    element = result[0]
    for x in result:
        if entry[x] > entry[element]:
            element = x
    return element",null,9,pending_human_review
most_frequent,mode_selection,3,python_opaque,"Given a non-empty list, return a value with the highest occurrence count, choosing the first such value on ties.","def zav0(mip0):
    tuk0 = {}
    for qel0 in mip0:
        tuk0[qel0] = tuk0.get(qel0, 0) + 1
    vor0 = mip0[0]
    for qel0 in mip0:
        if tuk0[qel0] > tuk0[vor0]:
            vor0 = qel0
    return vor0","def most_frequent(result):
    entry = {}
    for x in result:
        entry[x] = entry.get(x, 0) + 1
    element = result[0]
    for x in result:
        if entry[x] > entry[element]:
            element = x
    return element","{""most_frequent"": ""zav0"", ""result"": ""mip0"", ""entry"": ""tuk0"", ""x"": ""qel0"", ""element"": ""vor0""}",9,pending_human_review
partition_by_sign,partition,1,nl_exp7_anchor,"Given a list of numbers, return two lists: negative values first and nonnegative values second, preserving input order within each group.",Create an empty negative list and an empty nonnegative list. Examine each number and append it to the appropriate list according to its sign. Return both lists.,"def partition_by_sign(values):
    negative = []
    nonnegative = []
    for value in values:
        if value < 0:
            negative.append(value)
        else:
            nonnegative.append(value)
    return negative, nonnegative",null,0,pending_human_review
partition_by_sign,partition,1,procedural_prose,"Given a list of numbers, return two lists: negative values first and nonnegative values second, preserving input order within each group.","Define a procedure named partition_by_sign that receives values.
Set negative to [].
Set nonnegative to [].
For each value in values, do the following.
    If value is less than 0, do the following.
        Append value to negative.
    Otherwise, do the following.
        Append value to nonnegative.
Return (negative, nonnegative).","def partition_by_sign(values):
    negative = []
    nonnegative = []
    for value in values:
        if value < 0:
            negative.append(value)
        else:
            nonnegative.append(value)
    return negative, nonnegative",null,8,pending_human_review
partition_by_sign,partition,1,controlled_nl,"Given a list of numbers, return two lists: negative values first and nonnegative values second, preserving input order within each group.","PROCEDURE partition_by_sign INPUT values:
SET negative TO [].
SET nonnegative TO [].
FOR EACH value IN values:
    IF value < 0:
        EXECUTE negative.append(value).
    ELSE
        EXECUTE nonnegative.append(value).
RETURN (negative, nonnegative)","def partition_by_sign(values):
    negative = []
    nonnegative = []
    for value in values:
        if value < 0:
            negative.append(value)
        else:
            nonnegative.append(value)
    return negative, nonnegative",null,8,pending_human_review
partition_by_sign,partition,1,pseudocode,"Given a list of numbers, return two lists: negative values first and nonnegative values second, preserving input order within each group.","PROCEDURE partition_by_sign(values)
negative <- []
nonnegative <- []
FOR value IN values
    IF value < 0
        negative.append(value)
    ELSE
        nonnegative.append(value)
RETURN (negative, nonnegative)","def partition_by_sign(values):
    negative = []
    nonnegative = []
    for value in values:
        if value < 0:
            negative.append(value)
        else:
            nonnegative.append(value)
    return negative, nonnegative",null,8,pending_human_review
partition_by_sign,partition,1,python_canonical,"Given a list of numbers, return two lists: negative values first and nonnegative values second, preserving input order within each group.","def partition_by_sign(values):
    negative = []
    nonnegative = []
    for value in values:
        if value < 0:
            negative.append(value)
        else:
            nonnegative.append(value)
    return negative, nonnegative","def partition_by_sign(values):
    negative = []
    nonnegative = []
    for value in values:
        if value < 0:
            negative.append(value)
        else:
            nonnegative.append(value)
    return negative, nonnegative",null,8,pending_human_review
partition_by_sign,partition,1,python_opaque,"Given a list of numbers, return two lists: negative values first and nonnegative values second, preserving input order within each group.","def zav0(mip0):
    tuk0 = []
    qel0 = []
    for vor0 in mip0:
        if vor0 < 0:
            tuk0.append(vor0)
        else:
            qel0.append(vor0)
    return tuk0, qel0","def partition_by_sign(values):
    negative = []
    nonnegative = []
    for value in values:
        if value < 0:
            negative.append(value)
        else:
            nonnegative.append(value)
    return negative, nonnegative","{""partition_by_sign"": ""zav0"", ""values"": ""mip0"", ""negative"": ""tuk0"", ""nonnegative"": ""qel0"", ""value"": ""vor0""}",8,pending_human_review
partition_by_sign,partition,2,nl_exp7_anchor,"Given a list of numbers, return two lists: negative values first and nonnegative values second, preserving input order within each group.",Build an empty negative list and an empty nonnegative list. Inspect each number and add it to the appropriate list according to its sign. Output both lists.,"def partition_by_sign(output):
    item = []
    value = []
    for current in output:
        if current < 0:
            item.append(current)
        else:
            value.append(current)
    return item, value",null,0,pending_human_review
partition_by_sign,partition,2,procedural_prose,"Given a list of numbers, return two lists: negative values first and nonnegative values second, preserving input order within each group.","Define a procedure named partition_by_sign that receives output.
Set item to [].
Set value to [].
For each current in output, do the following.
    If current is less than 0, do the following.
        Append current to item.
    Otherwise, do the following.
        Append current to value.
Return (item, value).","def partition_by_sign(output):
    item = []
    value = []
    for current in output:
        if current < 0:
            item.append(current)
        else:
            value.append(current)
    return item, value",null,8,pending_human_review
partition_by_sign,partition,2,controlled_nl,"Given a list of numbers, return two lists: negative values first and nonnegative values second, preserving input order within each group.","PROCEDURE partition_by_sign INPUT output:
SET item TO [].
SET value TO [].
FOR EACH current IN output:
    IF current < 0:
        EXECUTE item.append(current).
    ELSE
        EXECUTE value.append(current).
RETURN (item, value)","def partition_by_sign(output):
    item = []
    value = []
    for current in output:
        if current < 0:
            item.append(current)
        else:
            value.append(current)
    return item, value",null,8,pending_human_review
partition_by_sign,partition,2,pseudocode,"Given a list of numbers, return two lists: negative values first and nonnegative values second, preserving input order within each group.","PROCEDURE partition_by_sign(output)
item <- []
value <- []
FOR current IN output
    IF current < 0
        item.append(current)
    ELSE
        value.append(current)
RETURN (item, value)","def partition_by_sign(output):
    item = []
    value = []
    for current in output:
        if current < 0:
            item.append(current)
        else:
            value.append(current)
    return item, value",null,8,pending_human_review
partition_by_sign,partition,2,python_canonical,"Given a list of numbers, return two lists: negative values first and nonnegative values second, preserving input order within each group.","def partition_by_sign(output):
    item = []
    value = []
    for current in output:
        if current < 0:
            item.append(current)
        else:
            value.append(current)
    return item, value","def partition_by_sign(output):
    item = []
    value = []
    for current in output:
        if current < 0:
            item.append(current)
        else:
            value.append(current)
    return item, value",null,8,pending_human_review
partition_by_sign,partition,2,python_opaque,"Given a list of numbers, return two lists: negative values first and nonnegative values second, preserving input order within each group.","def zav0(mip0):
    tuk0 = []
    qel0 = []
    for vor0 in mip0:
        if vor0 < 0:
            tuk0.append(vor0)
        else:
            qel0.append(vor0)
    return tuk0, qel0","def partition_by_sign(output):
    item = []
    value = []
    for current in output:
        if current < 0:
            item.append(current)
        else:
            value.append(current)
    return item, value","{""partition_by_sign"": ""zav0"", ""output"": ""mip0"", ""item"": ""tuk0"", ""value"": ""qel0"", ""current"": ""vor0""}",8,pending_human_review
partition_by_sign,partition,3,nl_exp7_anchor,"Given a list of numbers, return two lists: negative values first and nonnegative values second, preserving input order within each group.",Initialize an empty negative list and an empty nonnegative list. Process each number and append it to the appropriate list according to its sign. Produce both lists.,"def partition_by_sign(result):
    element = []
    entry = []
    for x in result:
        if x < 0:
            element.append(x)
        else:
            entry.append(x)
    return element, entry",null,0,pending_human_review
partition_by_sign,partition,3,procedural_prose,"Given a list of numbers, return two lists: negative values first and nonnegative values second, preserving input order within each group.","Define a procedure named partition_by_sign that receives result.
Set element to [].
Set entry to [].
For each x in result, do the following.
    If x is less than 0, do the following.
        Append x to element.
    Otherwise, do the following.
        Append x to entry.
Return (element, entry).","def partition_by_sign(result):
    element = []
    entry = []
    for x in result:
        if x < 0:
            element.append(x)
        else:
            entry.append(x)
    return element, entry",null,8,pending_human_review
partition_by_sign,partition,3,controlled_nl,"Given a list of numbers, return two lists: negative values first and nonnegative values second, preserving input order within each group.","PROCEDURE partition_by_sign INPUT result:
SET element TO [].
SET entry TO [].
FOR EACH x IN result:
    IF x < 0:
        EXECUTE element.append(x).
    ELSE
        EXECUTE entry.append(x).
RETURN (element, entry)","def partition_by_sign(result):
    element = []
    entry = []
    for x in result:
        if x < 0:
            element.append(x)
        else:
            entry.append(x)
    return element, entry",null,8,pending_human_review
partition_by_sign,partition,3,pseudocode,"Given a list of numbers, return two lists: negative values first and nonnegative values second, preserving input order within each group.","PROCEDURE partition_by_sign(result)
element <- []
entry <- []
FOR x IN result
    IF x < 0
        element.append(x)
    ELSE
        entry.append(x)
RETURN (element, entry)","def partition_by_sign(result):
    element = []
    entry = []
    for x in result:
        if x < 0:
            element.append(x)
        else:
            entry.append(x)
    return element, entry",null,8,pending_human_review
partition_by_sign,partition,3,python_canonical,"Given a list of numbers, return two lists: negative values first and nonnegative values second, preserving input order within each group.","def partition_by_sign(result):
    element = []
    entry = []
    for x in result:
        if x < 0:
            element.append(x)
        else:
            entry.append(x)
    return element, entry","def partition_by_sign(result):
    element = []
    entry = []
    for x in result:
        if x < 0:
            element.append(x)
        else:
            entry.append(x)
    return element, entry",null,8,pending_human_review
partition_by_sign,partition,3,python_opaque,"Given a list of numbers, return two lists: negative values first and nonnegative values second, preserving input order within each group.","def zav0(mip0):
    tuk0 = []
    qel0 = []
    for vor0 in mip0:
        if vor0 < 0:
            tuk0.append(vor0)
        else:
            qel0.append(vor0)
    return tuk0, qel0","def partition_by_sign(result):
    element = []
    entry = []
    for x in result:
        if x < 0:
            element.append(x)
        else:
            entry.append(x)
    return element, entry","{""partition_by_sign"": ""zav0"", ""result"": ""mip0"", ""element"": ""tuk0"", ""entry"": ""qel0"", ""x"": ""vor0""}",8,pending_human_review
rotate_right_one,rotation,1,nl_exp7_anchor,"Given a non-empty list, rotate it right by one position.","Create an empty result list. Append the original last element, then append every earlier element in original order. Return the result.","def rotate_right_one(values):
    result = [values[-1]]
    for value in values[:-1]:
        result.append(value)
    return result",null,0,pending_human_review
rotate_right_one,rotation,1,procedural_prose,"Given a non-empty list, rotate it right by one position.","Define a procedure named rotate_right_one that receives values.
Set result to [values[-1]].
For each value in values[:-1], do the following.
    Append value to result.
Return result.","def rotate_right_one(values):
    result = [values[-1]]
    for value in values[:-1]:
        result.append(value)
    return result",null,5,pending_human_review
rotate_right_one,rotation,1,controlled_nl,"Given a non-empty list, rotate it right by one position.","PROCEDURE rotate_right_one INPUT values:
SET result TO [values[-1]].
FOR EACH value IN values[:-1]:
    EXECUTE result.append(value).
RETURN result","def rotate_right_one(values):
    result = [values[-1]]
    for value in values[:-1]:
        result.append(value)
    return result",null,5,pending_human_review
rotate_right_one,rotation,1,pseudocode,"Given a non-empty list, rotate it right by one position.","PROCEDURE rotate_right_one(values)
result <- [values[-1]]
FOR value IN values[:-1]
    result.append(value)
RETURN result","def rotate_right_one(values):
    result = [values[-1]]
    for value in values[:-1]:
        result.append(value)
    return result",null,5,pending_human_review
rotate_right_one,rotation,1,python_canonical,"Given a non-empty list, rotate it right by one position.","def rotate_right_one(values):
    result = [values[-1]]
    for value in values[:-1]:
        result.append(value)
    return result","def rotate_right_one(values):
    result = [values[-1]]
    for value in values[:-1]:
        result.append(value)
    return result",null,5,pending_human_review
rotate_right_one,rotation,1,python_opaque,"Given a non-empty list, rotate it right by one position.","def zav0(mip0):
    tuk0 = [mip0[-1]]
    for qel0 in mip0[:-1]:
        tuk0.append(qel0)
    return tuk0","def rotate_right_one(values):
    result = [values[-1]]
    for value in values[:-1]:
        result.append(value)
    return result","{""rotate_right_one"": ""zav0"", ""values"": ""mip0"", ""result"": ""tuk0"", ""value"": ""qel0""}",5,pending_human_review
rotate_right_one,rotation,2,nl_exp7_anchor,"Given a non-empty list, rotate it right by one position.","Build an empty result list. Add the original last element, then add every earlier element in original order. Output the result.","def rotate_right_one(current):
    item = [current[-1]]
    for value in current[:-1]:
        item.append(value)
    return item",null,0,pending_human_review
rotate_right_one,rotation,2,procedural_prose,"Given a non-empty list, rotate it right by one position.","Define a procedure named rotate_right_one that receives current.
Set item to [current[-1]].
For each value in current[:-1], do the following.
    Append value to item.
Return item.","def rotate_right_one(current):
    item = [current[-1]]
    for value in current[:-1]:
        item.append(value)
    return item",null,5,pending_human_review
rotate_right_one,rotation,2,controlled_nl,"Given a non-empty list, rotate it right by one position.","PROCEDURE rotate_right_one INPUT current:
SET item TO [current[-1]].
FOR EACH value IN current[:-1]:
    EXECUTE item.append(value).
RETURN item","def rotate_right_one(current):
    item = [current[-1]]
    for value in current[:-1]:
        item.append(value)
    return item",null,5,pending_human_review
rotate_right_one,rotation,2,pseudocode,"Given a non-empty list, rotate it right by one position.","PROCEDURE rotate_right_one(current)
item <- [current[-1]]
FOR value IN current[:-1]
    item.append(value)
RETURN item","def rotate_right_one(current):
    item = [current[-1]]
    for value in current[:-1]:
        item.append(value)
    return item",null,5,pending_human_review
rotate_right_one,rotation,2,python_canonical,"Given a non-empty list, rotate it right by one position.","def rotate_right_one(current):
    item = [current[-1]]
    for value in current[:-1]:
        item.append(value)
    return item","def rotate_right_one(current):
    item = [current[-1]]
    for value in current[:-1]:
        item.append(value)
    return item",null,5,pending_human_review
rotate_right_one,rotation,2,python_opaque,"Given a non-empty list, rotate it right by one position.","def zav0(mip0):
    tuk0 = [mip0[-1]]
    for qel0 in mip0[:-1]:
        tuk0.append(qel0)
    return tuk0","def rotate_right_one(current):
    item = [current[-1]]
    for value in current[:-1]:
        item.append(value)
    return item","{""rotate_right_one"": ""zav0"", ""current"": ""mip0"", ""item"": ""tuk0"", ""value"": ""qel0""}",5,pending_human_review
rotate_right_one,rotation,3,nl_exp7_anchor,"Given a non-empty list, rotate it right by one position.","Initialize an empty result list. Place the original last element, then append every earlier element in original order. Produce the result.","def rotate_right_one(x):
    element = [x[-1]]
    for entry in x[:-1]:
        element.append(entry)
    return element",null,0,pending_human_review
rotate_right_one,rotation,3,procedural_prose,"Given a non-empty list, rotate it right by one position.","Define a procedure named rotate_right_one that receives x.
Set element to [x[-1]].
For each entry in x[:-1], do the following.
    Append entry to element.
Return element.","def rotate_right_one(x):
    element = [x[-1]]
    for entry in x[:-1]:
        element.append(entry)
    return element",null,5,pending_human_review
rotate_right_one,rotation,3,controlled_nl,"Given a non-empty list, rotate it right by one position.","PROCEDURE rotate_right_one INPUT x:
SET element TO [x[-1]].
FOR EACH entry IN x[:-1]:
    EXECUTE element.append(entry).
RETURN element","def rotate_right_one(x):
    element = [x[-1]]
    for entry in x[:-1]:
        element.append(entry)
    return element",null,5,pending_human_review
rotate_right_one,rotation,3,pseudocode,"Given a non-empty list, rotate it right by one position.","PROCEDURE rotate_right_one(x)
element <- [x[-1]]
FOR entry IN x[:-1]
    element.append(entry)
RETURN element","def rotate_right_one(x):
    element = [x[-1]]
    for entry in x[:-1]:
        element.append(entry)
    return element",null,5,pending_human_review
rotate_right_one,rotation,3,python_canonical,"Given a non-empty list, rotate it right by one position.","def rotate_right_one(x):
    element = [x[-1]]
    for entry in x[:-1]:
        element.append(entry)
    return element","def rotate_right_one(x):
    element = [x[-1]]
    for entry in x[:-1]:
        element.append(entry)
    return element",null,5,pending_human_review
rotate_right_one,rotation,3,python_opaque,"Given a non-empty list, rotate it right by one position.","def zav0(mip0):
    tuk0 = [mip0[-1]]
    for qel0 in mip0[:-1]:
        tuk0.append(qel0)
    return tuk0","def rotate_right_one(x):
    element = [x[-1]]
    for entry in x[:-1]:
        element.append(entry)
    return element","{""rotate_right_one"": ""zav0"", ""x"": ""mip0"", ""element"": ""tuk0"", ""entry"": ""qel0""}",5,pending_human_review
reverse_string,reverse_sequence,1,nl_exp7_anchor,"Given a string, create a new string containing the same characters in reverse order.",Start with an empty result string. Examine the input from the last position to the first and append each character to the result. Return the result.,"def reverse_string(text):
    result = """"
    for index in range(len(text) - 1, -1, -1):
        result += text[index]
    return result",null,0,pending_human_review
reverse_string,reverse_sequence,1,procedural_prose,"Given a string, create a new string containing the same characters in reverse order.","Define a procedure named reverse_string that receives text.
Set result to ''.
For each index in range((len(text) - 1), -1, -1), do the following.
    Increase result by text[index].
Return result.","def reverse_string(text):
    result = """"
    for index in range(len(text) - 1, -1, -1):
        result += text[index]
    return result",null,5,pending_human_review
reverse_string,reverse_sequence,1,controlled_nl,"Given a string, create a new string containing the same characters in reverse order.","PROCEDURE reverse_string INPUT text:
SET result TO ''.
FOR EACH index IN range((len(text) - 1), -1, -1):
    UPDATE result USING + text[index].
RETURN result","def reverse_string(text):
    result = """"
    for index in range(len(text) - 1, -1, -1):
        result += text[index]
    return result",null,5,pending_human_review
reverse_string,reverse_sequence,1,pseudocode,"Given a string, create a new string containing the same characters in reverse order.","PROCEDURE reverse_string(text)
result <- ''
FOR index IN range((len(text) - 1), -1, -1)
    result <- result + text[index]
RETURN result","def reverse_string(text):
    result = """"
    for index in range(len(text) - 1, -1, -1):
        result += text[index]
    return result",null,5,pending_human_review
reverse_string,reverse_sequence,1,python_canonical,"Given a string, create a new string containing the same characters in reverse order.","def reverse_string(text):
    result = """"
    for index in range(len(text) - 1, -1, -1):
        result += text[index]
    return result","def reverse_string(text):
    result = """"
    for index in range(len(text) - 1, -1, -1):
        result += text[index]
    return result",null,5,pending_human_review
reverse_string,reverse_sequence,1,python_opaque,"Given a string, create a new string containing the same characters in reverse order.","def zav0(mip0):
    tuk0 = """"
    for qel0 in range(len(mip0) - 1, -1, -1):
        tuk0 += mip0[qel0]
    return tuk0","def reverse_string(text):
    result = """"
    for index in range(len(text) - 1, -1, -1):
        result += text[index]
    return result","{""reverse_string"": ""zav0"", ""text"": ""mip0"", ""result"": ""tuk0"", ""index"": ""qel0""}",5,pending_human_review
reverse_string,reverse_sequence,2,nl_exp7_anchor,"Given a string, create a new string containing the same characters in reverse order.",Begin with an empty result string. Inspect the input from the last position to the first and add each character to the result. Output the result.,"def reverse_string(current):
    value = """"
    for item in range(len(current) - 1, -1, -1):
        value += current[item]
    return value",null,0,pending_human_review
reverse_string,reverse_sequence,2,procedural_prose,"Given a string, create a new string containing the same characters in reverse order.","Define a procedure named reverse_string that receives current.
Set value to ''.
For each item in range((len(current) - 1), -1, -1), do the following.
    Increase value by current[item].
Return value.","def reverse_string(current):
    value = """"
    for item in range(len(current) - 1, -1, -1):
        value += current[item]
    return value",null,5,pending_human_review
reverse_string,reverse_sequence,2,controlled_nl,"Given a string, create a new string containing the same characters in reverse order.","PROCEDURE reverse_string INPUT current:
SET value TO ''.
FOR EACH item IN range((len(current) - 1), -1, -1):
    UPDATE value USING + current[item].
RETURN value","def reverse_string(current):
    value = """"
    for item in range(len(current) - 1, -1, -1):
        value += current[item]
    return value",null,5,pending_human_review
reverse_string,reverse_sequence,2,pseudocode,"Given a string, create a new string containing the same characters in reverse order.","PROCEDURE reverse_string(current)
value <- ''
FOR item IN range((len(current) - 1), -1, -1)
    value <- value + current[item]
RETURN value","def reverse_string(current):
    value = """"
    for item in range(len(current) - 1, -1, -1):
        value += current[item]
    return value",null,5,pending_human_review
reverse_string,reverse_sequence,2,python_canonical,"Given a string, create a new string containing the same characters in reverse order.","def reverse_string(current):
    value = """"
    for item in range(len(current) - 1, -1, -1):
        value += current[item]
    return value","def reverse_string(current):
    value = """"
    for item in range(len(current) - 1, -1, -1):
        value += current[item]
    return value",null,5,pending_human_review
reverse_string,reverse_sequence,2,python_opaque,"Given a string, create a new string containing the same characters in reverse order.","def zav0(mip0):
    tuk0 = """"
    for qel0 in range(len(mip0) - 1, -1, -1):
        tuk0 += mip0[qel0]
    return tuk0","def reverse_string(current):
    value = """"
    for item in range(len(current) - 1, -1, -1):
        value += current[item]
    return value","{""reverse_string"": ""zav0"", ""current"": ""mip0"", ""value"": ""tuk0"", ""item"": ""qel0""}",5,pending_human_review
reverse_string,reverse_sequence,3,nl_exp7_anchor,"Given a string, create a new string containing the same characters in reverse order.",Initialize with an empty result string. Process the input from the last position to the first and append each character to the result. Produce the result.,"def reverse_string(x):
    entry = """"
    for element in range(len(x) - 1, -1, -1):
        entry += x[element]
    return entry",null,0,pending_human_review
reverse_string,reverse_sequence,3,procedural_prose,"Given a string, create a new string containing the same characters in reverse order.","Define a procedure named reverse_string that receives x.
Set entry to ''.
For each element in range((len(x) - 1), -1, -1), do the following.
    Increase entry by x[element].
Return entry.","def reverse_string(x):
    entry = """"
    for element in range(len(x) - 1, -1, -1):
        entry += x[element]
    return entry",null,5,pending_human_review
reverse_string,reverse_sequence,3,controlled_nl,"Given a string, create a new string containing the same characters in reverse order.","PROCEDURE reverse_string INPUT x:
SET entry TO ''.
FOR EACH element IN range((len(x) - 1), -1, -1):
    UPDATE entry USING + x[element].
RETURN entry","def reverse_string(x):
    entry = """"
    for element in range(len(x) - 1, -1, -1):
        entry += x[element]
    return entry",null,5,pending_human_review
reverse_string,reverse_sequence,3,pseudocode,"Given a string, create a new string containing the same characters in reverse order.","PROCEDURE reverse_string(x)
entry <- ''
FOR element IN range((len(x) - 1), -1, -1)
    entry <- entry + x[element]
RETURN entry","def reverse_string(x):
    entry = """"
    for element in range(len(x) - 1, -1, -1):
        entry += x[element]
    return entry",null,5,pending_human_review
reverse_string,reverse_sequence,3,python_canonical,"Given a string, create a new string containing the same characters in reverse order.","def reverse_string(x):
    entry = """"
    for element in range(len(x) - 1, -1, -1):
        entry += x[element]
    return entry","def reverse_string(x):
    entry = """"
    for element in range(len(x) - 1, -1, -1):
        entry += x[element]
    return entry",null,5,pending_human_review
reverse_string,reverse_sequence,3,python_opaque,"Given a string, create a new string containing the same characters in reverse order.","def zav0(mip0):
    tuk0 = """"
    for qel0 in range(len(mip0) - 1, -1, -1):
        tuk0 += mip0[qel0]
    return tuk0","def reverse_string(x):
    entry = """"
    for element in range(len(x) - 1, -1, -1):
        entry += x[element]
    return entry","{""reverse_string"": ""zav0"", ""x"": ""mip0"", ""entry"": ""tuk0"", ""element"": ""qel0""}",5,pending_human_review
matrix_find_position,matrix_search,1,nl_exp7_anchor,"Given a matrix and a target value, return the row and column of the first occurrence in row-major order, or minus one for both if absent.","Scan rows from top to bottom and columns from left to right. When a value equals the target, return its row and column indices. If no match exists, return minus one for both indices.","def matrix_find_position(matrix, target):
    for row in range(len(matrix)):
        for col in range(len(matrix[row])):
            if matrix[row][col] == target:
                return row, col
    return -1, -1",null,0,pending_human_review
matrix_find_position,matrix_search,1,procedural_prose,"Given a matrix and a target value, return the row and column of the first occurrence in row-major order, or minus one for both if absent.","Define a procedure named matrix_find_position that receives matrix and target.
For each row in range(len(matrix)), do the following.
    For each col in range(len(matrix[row])), do the following.
        If matrix[row][col] equals target, do the following.
            Return (row, col).
Return (-1, -1).","def matrix_find_position(matrix, target):
    for row in range(len(matrix)):
        for col in range(len(matrix[row])):
            if matrix[row][col] == target:
                return row, col
    return -1, -1",null,6,pending_human_review
matrix_find_position,matrix_search,1,controlled_nl,"Given a matrix and a target value, return the row and column of the first occurrence in row-major order, or minus one for both if absent.","PROCEDURE matrix_find_position INPUT matrix, target:
FOR EACH row IN range(len(matrix)):
    FOR EACH col IN range(len(matrix[row])):
        IF matrix[row][col] = target:
            RETURN (row, col)
RETURN (-1, -1)","def matrix_find_position(matrix, target):
    for row in range(len(matrix)):
        for col in range(len(matrix[row])):
            if matrix[row][col] == target:
                return row, col
    return -1, -1",null,6,pending_human_review
matrix_find_position,matrix_search,1,pseudocode,"Given a matrix and a target value, return the row and column of the first occurrence in row-major order, or minus one for both if absent.","PROCEDURE matrix_find_position(matrix, target)
FOR row IN range(len(matrix))
    FOR col IN range(len(matrix[row]))
        IF matrix[row][col] = target
            RETURN (row, col)
RETURN (-1, -1)","def matrix_find_position(matrix, target):
    for row in range(len(matrix)):
        for col in range(len(matrix[row])):
            if matrix[row][col] == target:
                return row, col
    return -1, -1",null,6,pending_human_review
matrix_find_position,matrix_search,1,python_canonical,"Given a matrix and a target value, return the row and column of the first occurrence in row-major order, or minus one for both if absent.","def matrix_find_position(matrix, target):
    for row in range(len(matrix)):
        for col in range(len(matrix[row])):
            if matrix[row][col] == target:
                return row, col
    return -1, -1","def matrix_find_position(matrix, target):
    for row in range(len(matrix)):
        for col in range(len(matrix[row])):
            if matrix[row][col] == target:
                return row, col
    return -1, -1",null,6,pending_human_review
matrix_find_position,matrix_search,1,python_opaque,"Given a matrix and a target value, return the row and column of the first occurrence in row-major order, or minus one for both if absent.","def zav0(mip0, tuk0):
    for qel0 in range(len(mip0)):
        for vor0 in range(len(mip0[qel0])):
            if mip0[qel0][vor0] == tuk0:
                return qel0, vor0
    return -1, -1","def matrix_find_position(matrix, target):
    for row in range(len(matrix)):
        for col in range(len(matrix[row])):
            if matrix[row][col] == target:
                return row, col
    return -1, -1","{""matrix_find_position"": ""zav0"", ""matrix"": ""mip0"", ""target"": ""tuk0"", ""row"": ""qel0"", ""col"": ""vor0""}",6,pending_human_review
matrix_find_position,matrix_search,2,nl_exp7_anchor,"Given a matrix and a target value, return the row and column of the first occurrence in row-major order, or minus one for both if absent.","Scan rows from top to bottom and columns from left to right. If a value equals the target, output its row and column indices. If no match exists, output minus one for both indices.","def matrix_find_position(value, output):
    for current in range(len(value)):
        for item in range(len(value[current])):
            if value[current][item] == output:
                return current, item
    return -1, -1",null,0,pending_human_review
matrix_find_position,matrix_search,2,procedural_prose,"Given a matrix and a target value, return the row and column of the first occurrence in row-major order, or minus one for both if absent.","Define a procedure named matrix_find_position that receives value and output.
For each current in range(len(value)), do the following.
    For each item in range(len(value[current])), do the following.
        If value[current][item] equals output, do the following.
            Return (current, item).
Return (-1, -1).","def matrix_find_position(value, output):
    for current in range(len(value)):
        for item in range(len(value[current])):
            if value[current][item] == output:
                return current, item
    return -1, -1",null,6,pending_human_review
matrix_find_position,matrix_search,2,controlled_nl,"Given a matrix and a target value, return the row and column of the first occurrence in row-major order, or minus one for both if absent.","PROCEDURE matrix_find_position INPUT value, output:
FOR EACH current IN range(len(value)):
    FOR EACH item IN range(len(value[current])):
        IF value[current][item] = output:
            RETURN (current, item)
RETURN (-1, -1)","def matrix_find_position(value, output):
    for current in range(len(value)):
        for item in range(len(value[current])):
            if value[current][item] == output:
                return current, item
    return -1, -1",null,6,pending_human_review
matrix_find_position,matrix_search,2,pseudocode,"Given a matrix and a target value, return the row and column of the first occurrence in row-major order, or minus one for both if absent.","PROCEDURE matrix_find_position(value, output)
FOR current IN range(len(value))
    FOR item IN range(len(value[current]))
        IF value[current][item] = output
            RETURN (current, item)
RETURN (-1, -1)","def matrix_find_position(value, output):
    for current in range(len(value)):
        for item in range(len(value[current])):
            if value[current][item] == output:
                return current, item
    return -1, -1",null,6,pending_human_review
matrix_find_position,matrix_search,2,python_canonical,"Given a matrix and a target value, return the row and column of the first occurrence in row-major order, or minus one for both if absent.","def matrix_find_position(value, output):
    for current in range(len(value)):
        for item in range(len(value[current])):
            if value[current][item] == output:
                return current, item
    return -1, -1","def matrix_find_position(value, output):
    for current in range(len(value)):
        for item in range(len(value[current])):
            if value[current][item] == output:
                return current, item
    return -1, -1",null,6,pending_human_review
matrix_find_position,matrix_search,2,python_opaque,"Given a matrix and a target value, return the row and column of the first occurrence in row-major order, or minus one for both if absent.","def zav0(mip0, tuk0):
    for qel0 in range(len(mip0)):
        for vor0 in range(len(mip0[qel0])):
            if mip0[qel0][vor0] == tuk0:
                return qel0, vor0
    return -1, -1","def matrix_find_position(value, output):
    for current in range(len(value)):
        for item in range(len(value[current])):
            if value[current][item] == output:
                return current, item
    return -1, -1","{""matrix_find_position"": ""zav0"", ""value"": ""mip0"", ""output"": ""tuk0"", ""current"": ""qel0"", ""item"": ""vor0""}",6,pending_human_review
matrix_find_position,matrix_search,3,nl_exp7_anchor,"Given a matrix and a target value, return the row and column of the first occurrence in row-major order, or minus one for both if absent.","Scan rows from top to bottom and columns from left to right. Whenever a value equals the target, return its row and column indices. If no match exists, return minus one for both indices.","def matrix_find_position(entry, result):
    for x in range(len(entry)):
        for element in range(len(entry[x])):
            if entry[x][element] == result:
                return x, element
    return -1, -1",null,0,pending_human_review
matrix_find_position,matrix_search,3,procedural_prose,"Given a matrix and a target value, return the row and column of the first occurrence in row-major order, or minus one for both if absent.","Define a procedure named matrix_find_position that receives entry and result.
For each x in range(len(entry)), do the following.
    For each element in range(len(entry[x])), do the following.
        If entry[x][element] equals result, do the following.
            Return (x, element).
Return (-1, -1).","def matrix_find_position(entry, result):
    for x in range(len(entry)):
        for element in range(len(entry[x])):
            if entry[x][element] == result:
                return x, element
    return -1, -1",null,6,pending_human_review
matrix_find_position,matrix_search,3,controlled_nl,"Given a matrix and a target value, return the row and column of the first occurrence in row-major order, or minus one for both if absent.","PROCEDURE matrix_find_position INPUT entry, result:
FOR EACH x IN range(len(entry)):
    FOR EACH element IN range(len(entry[x])):
        IF entry[x][element] = result:
            RETURN (x, element)
RETURN (-1, -1)","def matrix_find_position(entry, result):
    for x in range(len(entry)):
        for element in range(len(entry[x])):
            if entry[x][element] == result:
                return x, element
    return -1, -1",null,6,pending_human_review
matrix_find_position,matrix_search,3,pseudocode,"Given a matrix and a target value, return the row and column of the first occurrence in row-major order, or minus one for both if absent.","PROCEDURE matrix_find_position(entry, result)
FOR x IN range(len(entry))
    FOR element IN range(len(entry[x]))
        IF entry[x][element] = result
            RETURN (x, element)
RETURN (-1, -1)","def matrix_find_position(entry, result):
    for x in range(len(entry)):
        for element in range(len(entry[x])):
            if entry[x][element] == result:
                return x, element
    return -1, -1",null,6,pending_human_review
matrix_find_position,matrix_search,3,python_canonical,"Given a matrix and a target value, return the row and column of the first occurrence in row-major order, or minus one for both if absent.","def matrix_find_position(entry, result):
    for x in range(len(entry)):
        for element in range(len(entry[x])):
            if entry[x][element] == result:
                return x, element
    return -1, -1","def matrix_find_position(entry, result):
    for x in range(len(entry)):
        for element in range(len(entry[x])):
            if entry[x][element] == result:
                return x, element
    return -1, -1",null,6,pending_human_review
matrix_find_position,matrix_search,3,python_opaque,"Given a matrix and a target value, return the row and column of the first occurrence in row-major order, or minus one for both if absent.","def zav0(mip0, tuk0):
    for qel0 in range(len(mip0)):
        for vor0 in range(len(mip0[qel0])):
            if mip0[qel0][vor0] == tuk0:
                return qel0, vor0
    return -1, -1","def matrix_find_position(entry, result):
    for x in range(len(entry)):
        for element in range(len(entry[x])):
            if entry[x][element] == result:
                return x, element
    return -1, -1","{""matrix_find_position"": ""zav0"", ""entry"": ""mip0"", ""result"": ""tuk0"", ""x"": ""qel0"", ""element"": ""vor0""}",6,pending_human_review
binary_search_exact,binary_search,1,nl_exp7_anchor,"Given an ascending sorted list and a target value, return the target index or minus one if absent.","Set low and high indices around the search range. Repeatedly inspect the middle value, returning its index on a match. Discard the half that cannot contain the target. Return minus one if the range becomes empty.","def binary_search_exact(values, target):
    low = 0
    high = len(values) - 1
    while low <= high:
        middle = (low + high) // 2
        if values[middle] == target:
            return middle
        if values[middle] < target:
            low = middle + 1
        else:
            high = middle - 1
    return -1",null,0,pending_human_review
binary_search_exact,binary_search,1,procedural_prose,"Given an ascending sorted list and a target value, return the target index or minus one if absent.","Define a procedure named binary_search_exact that receives values and target.
Set low to 0.
Set high to (len(values) - 1).
While low is at most high, do the following.
    Set middle to ((low + high) // 2).
    If values[middle] equals target, do the following.
        Return middle.
    If values[middle] is less than target, do the following.
        Set low to (middle + 1).
    Otherwise, do the following.
        Set high to (middle - 1).
Return -1.","def binary_search_exact(values, target):
    low = 0
    high = len(values) - 1
    while low <= high:
        middle = (low + high) // 2
        if values[middle] == target:
            return middle
        if values[middle] < target:
            low = middle + 1
        else:
            high = middle - 1
    return -1",null,11,pending_human_review
binary_search_exact,binary_search,1,controlled_nl,"Given an ascending sorted list and a target value, return the target index or minus one if absent.","PROCEDURE binary_search_exact INPUT values, target:
SET low TO 0.
SET high TO (len(values) - 1).
WHILE low <= high:
    SET middle TO ((low + high) // 2).
    IF values[middle] = target:
        RETURN middle
    IF values[middle] < target:
        SET low TO (middle + 1).
    ELSE
        SET high TO (middle - 1).
RETURN -1","def binary_search_exact(values, target):
    low = 0
    high = len(values) - 1
    while low <= high:
        middle = (low + high) // 2
        if values[middle] == target:
            return middle
        if values[middle] < target:
            low = middle + 1
        else:
            high = middle - 1
    return -1",null,11,pending_human_review
binary_search_exact,binary_search,1,pseudocode,"Given an ascending sorted list and a target value, return the target index or minus one if absent.","PROCEDURE binary_search_exact(values, target)
low <- 0
high <- (len(values) - 1)
WHILE low <= high
    middle <- ((low + high) // 2)
    IF values[middle] = target
        RETURN middle
    IF values[middle] < target
        low <- (middle + 1)
    ELSE
        high <- (middle - 1)
RETURN -1","def binary_search_exact(values, target):
    low = 0
    high = len(values) - 1
    while low <= high:
        middle = (low + high) // 2
        if values[middle] == target:
            return middle
        if values[middle] < target:
            low = middle + 1
        else:
            high = middle - 1
    return -1",null,11,pending_human_review
binary_search_exact,binary_search,1,python_canonical,"Given an ascending sorted list and a target value, return the target index or minus one if absent.","def binary_search_exact(values, target):
    low = 0
    high = len(values) - 1
    while low <= high:
        middle = (low + high) // 2
        if values[middle] == target:
            return middle
        if values[middle] < target:
            low = middle + 1
        else:
            high = middle - 1
    return -1","def binary_search_exact(values, target):
    low = 0
    high = len(values) - 1
    while low <= high:
        middle = (low + high) // 2
        if values[middle] == target:
            return middle
        if values[middle] < target:
            low = middle + 1
        else:
            high = middle - 1
    return -1",null,11,pending_human_review
binary_search_exact,binary_search,1,python_opaque,"Given an ascending sorted list and a target value, return the target index or minus one if absent.","def zav0(mip0, tuk0):
    qel0 = 0
    vor0 = len(mip0) - 1
    while qel0 <= vor0:
        nex0 = (qel0 + vor0) // 2
        if mip0[nex0] == tuk0:
            return nex0
        if mip0[nex0] < tuk0:
            qel0 = nex0 + 1
        else:
            vor0 = nex0 - 1
    return -1","def binary_search_exact(values, target):
    low = 0
    high = len(values) - 1
    while low <= high:
        middle = (low + high) // 2
        if values[middle] == target:
            return middle
        if values[middle] < target:
            low = middle + 1
        else:
            high = middle - 1
    return -1","{""binary_search_exact"": ""zav0"", ""values"": ""mip0"", ""target"": ""tuk0"", ""low"": ""qel0"", ""high"": ""vor0"", ""middle"": ""nex0""}",11,pending_human_review
binary_search_exact,binary_search,2,nl_exp7_anchor,"Given an ascending sorted list and a target value, return the target index or minus one if absent.","Set low and high indices around the search range. Repeatedly inspect the middle value, returning its index on a match. Discard the half that cannot contain the target. Output minus one if the range becomes empty.","def binary_search_exact(counter, output):
    value = 0
    item = len(counter) - 1
    while value <= item:
        current = (value + item) // 2
        if counter[current] == output:
            return current
        if counter[current] < output:
            value = current + 1
        else:
            item = current - 1
    return -1",null,0,pending_human_review
binary_search_exact,binary_search,2,procedural_prose,"Given an ascending sorted list and a target value, return the target index or minus one if absent.","Define a procedure named binary_search_exact that receives counter and output.
Set value to 0.
Set item to (len(counter) - 1).
While value is at most item, do the following.
    Set current to ((value + item) // 2).
    If counter[current] equals output, do the following.
        Return current.
    If counter[current] is less than output, do the following.
        Set value to (current + 1).
    Otherwise, do the following.
        Set item to (current - 1).
Return -1.","def binary_search_exact(counter, output):
    value = 0
    item = len(counter) - 1
    while value <= item:
        current = (value + item) // 2
        if counter[current] == output:
            return current
        if counter[current] < output:
            value = current + 1
        else:
            item = current - 1
    return -1",null,11,pending_human_review
binary_search_exact,binary_search,2,controlled_nl,"Given an ascending sorted list and a target value, return the target index or minus one if absent.","PROCEDURE binary_search_exact INPUT counter, output:
SET value TO 0.
SET item TO (len(counter) - 1).
WHILE value <= item:
    SET current TO ((value + item) // 2).
    IF counter[current] = output:
        RETURN current
    IF counter[current] < output:
        SET value TO (current + 1).
    ELSE
        SET item TO (current - 1).
RETURN -1","def binary_search_exact(counter, output):
    value = 0
    item = len(counter) - 1
    while value <= item:
        current = (value + item) // 2
        if counter[current] == output:
            return current
        if counter[current] < output:
            value = current + 1
        else:
            item = current - 1
    return -1",null,11,pending_human_review
binary_search_exact,binary_search,2,pseudocode,"Given an ascending sorted list and a target value, return the target index or minus one if absent.","PROCEDURE binary_search_exact(counter, output)
value <- 0
item <- (len(counter) - 1)
WHILE value <= item
    current <- ((value + item) // 2)
    IF counter[current] = output
        RETURN current
    IF counter[current] < output
        value <- (current + 1)
    ELSE
        item <- (current - 1)
RETURN -1","def binary_search_exact(counter, output):
    value = 0
    item = len(counter) - 1
    while value <= item:
        current = (value + item) // 2
        if counter[current] == output:
            return current
        if counter[current] < output:
            value = current + 1
        else:
            item = current - 1
    return -1",null,11,pending_human_review
binary_search_exact,binary_search,2,python_canonical,"Given an ascending sorted list and a target value, return the target index or minus one if absent.","def binary_search_exact(counter, output):
    value = 0
    item = len(counter) - 1
    while value <= item:
        current = (value + item) // 2
        if counter[current] == output:
            return current
        if counter[current] < output:
            value = current + 1
        else:
            item = current - 1
    return -1","def binary_search_exact(counter, output):
    value = 0
    item = len(counter) - 1
    while value <= item:
        current = (value + item) // 2
        if counter[current] == output:
            return current
        if counter[current] < output:
            value = current + 1
        else:
            item = current - 1
    return -1",null,11,pending_human_review
binary_search_exact,binary_search,2,python_opaque,"Given an ascending sorted list and a target value, return the target index or minus one if absent.","def zav0(mip0, tuk0):
    qel0 = 0
    vor0 = len(mip0) - 1
    while qel0 <= vor0:
        nex0 = (qel0 + vor0) // 2
        if mip0[nex0] == tuk0:
            return nex0
        if mip0[nex0] < tuk0:
            qel0 = nex0 + 1
        else:
            vor0 = nex0 - 1
    return -1","def binary_search_exact(counter, output):
    value = 0
    item = len(counter) - 1
    while value <= item:
        current = (value + item) // 2
        if counter[current] == output:
            return current
        if counter[current] < output:
            value = current + 1
        else:
            item = current - 1
    return -1","{""binary_search_exact"": ""zav0"", ""counter"": ""mip0"", ""output"": ""tuk0"", ""value"": ""qel0"", ""item"": ""vor0"", ""current"": ""nex0""}",11,pending_human_review
binary_search_exact,binary_search,3,nl_exp7_anchor,"Given an ascending sorted list and a target value, return the target index or minus one if absent.","Set low and high indices around the search range. Repeatedly inspect the middle value, returning its index on a match. Discard the half that cannot contain the target. Produce minus one if the range becomes empty.","def binary_search_exact(n_count, result):
    entry = 0
    element = len(n_count) - 1
    while entry <= element:
        x = (entry + element) // 2
        if n_count[x] == result:
            return x
        if n_count[x] < result:
            entry = x + 1
        else:
            element = x - 1
    return -1",null,0,pending_human_review
binary_search_exact,binary_search,3,procedural_prose,"Given an ascending sorted list and a target value, return the target index or minus one if absent.","Define a procedure named binary_search_exact that receives n_count and result.
Set entry to 0.
Set element to (len(n_count) - 1).
While entry is at most element, do the following.
    Set x to ((entry + element) // 2).
    If n_count[x] equals result, do the following.
        Return x.
    If n_count[x] is less than result, do the following.
        Set entry to (x + 1).
    Otherwise, do the following.
        Set element to (x - 1).
Return -1.","def binary_search_exact(n_count, result):
    entry = 0
    element = len(n_count) - 1
    while entry <= element:
        x = (entry + element) // 2
        if n_count[x] == result:
            return x
        if n_count[x] < result:
            entry = x + 1
        else:
            element = x - 1
    return -1",null,11,pending_human_review
binary_search_exact,binary_search,3,controlled_nl,"Given an ascending sorted list and a target value, return the target index or minus one if absent.","PROCEDURE binary_search_exact INPUT n_count, result:
SET entry TO 0.
SET element TO (len(n_count) - 1).
WHILE entry <= element:
    SET x TO ((entry + element) // 2).
    IF n_count[x] = result:
        RETURN x
    IF n_count[x] < result:
        SET entry TO (x + 1).
    ELSE
        SET element TO (x - 1).
RETURN -1","def binary_search_exact(n_count, result):
    entry = 0
    element = len(n_count) - 1
    while entry <= element:
        x = (entry + element) // 2
        if n_count[x] == result:
            return x
        if n_count[x] < result:
            entry = x + 1
        else:
            element = x - 1
    return -1",null,11,pending_human_review
binary_search_exact,binary_search,3,pseudocode,"Given an ascending sorted list and a target value, return the target index or minus one if absent.","PROCEDURE binary_search_exact(n_count, result)
entry <- 0
element <- (len(n_count) - 1)
WHILE entry <= element
    x <- ((entry + element) // 2)
    IF n_count[x] = result
        RETURN x
    IF n_count[x] < result
        entry <- (x + 1)
    ELSE
        element <- (x - 1)
RETURN -1","def binary_search_exact(n_count, result):
    entry = 0
    element = len(n_count) - 1
    while entry <= element:
        x = (entry + element) // 2
        if n_count[x] == result:
            return x
        if n_count[x] < result:
            entry = x + 1
        else:
            element = x - 1
    return -1",null,11,pending_human_review
binary_search_exact,binary_search,3,python_canonical,"Given an ascending sorted list and a target value, return the target index or minus one if absent.","def binary_search_exact(n_count, result):
    entry = 0
    element = len(n_count) - 1
    while entry <= element:
        x = (entry + element) // 2
        if n_count[x] == result:
            return x
        if n_count[x] < result:
            entry = x + 1
        else:
            element = x - 1
    return -1","def binary_search_exact(n_count, result):
    entry = 0
    element = len(n_count) - 1
    while entry <= element:
        x = (entry + element) // 2
        if n_count[x] == result:
            return x
        if n_count[x] < result:
            entry = x + 1
        else:
            element = x - 1
    return -1",null,11,pending_human_review
binary_search_exact,binary_search,3,python_opaque,"Given an ascending sorted list and a target value, return the target index or minus one if absent.","def zav0(mip0, tuk0):
    qel0 = 0
    vor0 = len(mip0) - 1
    while qel0 <= vor0:
        nex0 = (qel0 + vor0) // 2
        if mip0[nex0] == tuk0:
            return nex0
        if mip0[nex0] < tuk0:
            qel0 = nex0 + 1
        else:
            vor0 = nex0 - 1
    return -1","def binary_search_exact(n_count, result):
    entry = 0
    element = len(n_count) - 1
    while entry <= element:
        x = (entry + element) // 2
        if n_count[x] == result:
            return x
        if n_count[x] < result:
            entry = x + 1
        else:
            element = x - 1
    return -1","{""binary_search_exact"": ""zav0"", ""n_count"": ""mip0"", ""result"": ""tuk0"", ""entry"": ""qel0"", ""element"": ""vor0"", ""x"": ""nex0""}",11,pending_human_review
digit_product,digit_aggregate,1,nl_exp7_anchor,"Given a positive integer, compute the product of its decimal digits.","Start a product at one. While the number is positive, multiply the product by its last decimal digit and remove that digit using integer division by ten. Return the product.","def digit_product(number):
    product = 1
    while number > 0:
        product *= number % 10
        number //= 10
    return product",null,0,pending_human_review
digit_product,digit_aggregate,1,procedural_prose,"Given a positive integer, compute the product of its decimal digits.","Define a procedure named digit_product that receives number.
Set product to 1.
While number is greater than 0, do the following.
    Multiply product by (number % 10).
    Update number to number // 10.
Return product.","def digit_product(number):
    product = 1
    while number > 0:
        product *= number % 10
        number //= 10
    return product",null,6,pending_human_review
digit_product,digit_aggregate,1,controlled_nl,"Given a positive integer, compute the product of its decimal digits.","PROCEDURE digit_product INPUT number:
SET product TO 1.
WHILE number > 0:
    UPDATE product USING * (number % 10).
    UPDATE number USING // 10.
RETURN product","def digit_product(number):
    product = 1
    while number > 0:
        product *= number % 10
        number //= 10
    return product",null,6,pending_human_review
digit_product,digit_aggregate,1,pseudocode,"Given a positive integer, compute the product of its decimal digits.","PROCEDURE digit_product(number)
product <- 1
WHILE number > 0
    product <- product * (number % 10)
    number <- number // 10
RETURN product","def digit_product(number):
    product = 1
    while number > 0:
        product *= number % 10
        number //= 10
    return product",null,6,pending_human_review
digit_product,digit_aggregate,1,python_canonical,"Given a positive integer, compute the product of its decimal digits.","def digit_product(number):
    product = 1
    while number > 0:
        product *= number % 10
        number //= 10
    return product","def digit_product(number):
    product = 1
    while number > 0:
        product *= number % 10
        number //= 10
    return product",null,6,pending_human_review
digit_product,digit_aggregate,1,python_opaque,"Given a positive integer, compute the product of its decimal digits.","def zav0(mip0):
    tuk0 = 1
    while mip0 > 0:
        tuk0 *= mip0 % 10
        mip0 //= 10
    return tuk0","def digit_product(number):
    product = 1
    while number > 0:
        product *= number % 10
        number //= 10
    return product","{""digit_product"": ""zav0"", ""number"": ""mip0"", ""product"": ""tuk0""}",6,pending_human_review
digit_product,digit_aggregate,2,nl_exp7_anchor,"Given a positive integer, compute the product of its decimal digits.","Begin a product at one. While the number is positive, multiply the product by its last decimal digit and remove that digit using integer division by ten. Output the product.","def digit_product(item):
    value = 1
    while item > 0:
        value *= item % 10
        item //= 10
    return value",null,0,pending_human_review
digit_product,digit_aggregate,2,procedural_prose,"Given a positive integer, compute the product of its decimal digits.","Define a procedure named digit_product that receives item.
Set value to 1.
While item is greater than 0, do the following.
    Multiply value by (item % 10).
    Update item to item // 10.
Return value.","def digit_product(item):
    value = 1
    while item > 0:
        value *= item % 10
        item //= 10
    return value",null,6,pending_human_review
digit_product,digit_aggregate,2,controlled_nl,"Given a positive integer, compute the product of its decimal digits.","PROCEDURE digit_product INPUT item:
SET value TO 1.
WHILE item > 0:
    UPDATE value USING * (item % 10).
    UPDATE item USING // 10.
RETURN value","def digit_product(item):
    value = 1
    while item > 0:
        value *= item % 10
        item //= 10
    return value",null,6,pending_human_review
digit_product,digit_aggregate,2,pseudocode,"Given a positive integer, compute the product of its decimal digits.","PROCEDURE digit_product(item)
value <- 1
WHILE item > 0
    value <- value * (item % 10)
    item <- item // 10
RETURN value","def digit_product(item):
    value = 1
    while item > 0:
        value *= item % 10
        item //= 10
    return value",null,6,pending_human_review
digit_product,digit_aggregate,2,python_canonical,"Given a positive integer, compute the product of its decimal digits.","def digit_product(item):
    value = 1
    while item > 0:
        value *= item % 10
        item //= 10
    return value","def digit_product(item):
    value = 1
    while item > 0:
        value *= item % 10
        item //= 10
    return value",null,6,pending_human_review
digit_product,digit_aggregate,2,python_opaque,"Given a positive integer, compute the product of its decimal digits.","def zav0(mip0):
    tuk0 = 1
    while mip0 > 0:
        tuk0 *= mip0 % 10
        mip0 //= 10
    return tuk0","def digit_product(item):
    value = 1
    while item > 0:
        value *= item % 10
        item //= 10
    return value","{""digit_product"": ""zav0"", ""item"": ""mip0"", ""value"": ""tuk0""}",6,pending_human_review
digit_product,digit_aggregate,3,nl_exp7_anchor,"Given a positive integer, compute the product of its decimal digits.","Initialize a product at one. While the number is positive, multiply the product by its last decimal digit and remove that digit using integer division by ten. Produce the product.","def digit_product(element):
    entry = 1
    while element > 0:
        entry *= element % 10
        element //= 10
    return entry",null,0,pending_human_review
digit_product,digit_aggregate,3,procedural_prose,"Given a positive integer, compute the product of its decimal digits.","Define a procedure named digit_product that receives element.
Set entry to 1.
While element is greater than 0, do the following.
    Multiply entry by (element % 10).
    Update element to element // 10.
Return entry.","def digit_product(element):
    entry = 1
    while element > 0:
        entry *= element % 10
        element //= 10
    return entry",null,6,pending_human_review
digit_product,digit_aggregate,3,controlled_nl,"Given a positive integer, compute the product of its decimal digits.","PROCEDURE digit_product INPUT element:
SET entry TO 1.
WHILE element > 0:
    UPDATE entry USING * (element % 10).
    UPDATE element USING // 10.
RETURN entry","def digit_product(element):
    entry = 1
    while element > 0:
        entry *= element % 10
        element //= 10
    return entry",null,6,pending_human_review
digit_product,digit_aggregate,3,pseudocode,"Given a positive integer, compute the product of its decimal digits.","PROCEDURE digit_product(element)
entry <- 1
WHILE element > 0
    entry <- entry * (element % 10)
    element <- element // 10
RETURN entry","def digit_product(element):
    entry = 1
    while element > 0:
        entry *= element % 10
        element //= 10
    return entry",null,6,pending_human_review
digit_product,digit_aggregate,3,python_canonical,"Given a positive integer, compute the product of its decimal digits.","def digit_product(element):
    entry = 1
    while element > 0:
        entry *= element % 10
        element //= 10
    return entry","def digit_product(element):
    entry = 1
    while element > 0:
        entry *= element % 10
        element //= 10
    return entry",null,6,pending_human_review
digit_product,digit_aggregate,3,python_opaque,"Given a positive integer, compute the product of its decimal digits.","def zav0(mip0):
    tuk0 = 1
    while mip0 > 0:
        tuk0 *= mip0 % 10
        mip0 //= 10
    return tuk0","def digit_product(element):
    entry = 1
    while element > 0:
        entry *= element % 10
        element //= 10
    return entry","{""digit_product"": ""zav0"", ""element"": ""mip0"", ""entry"": ""tuk0""}",6,pending_human_review
reverse_integer,numeric_reverse,1,nl_exp7_anchor,"Given a nonnegative integer, reverse the order of its decimal digits.","Start the reversed value at zero. While the number is positive, take its last digit, append that digit to the reversed value by multiplying by ten and adding, then remove the last input digit. Return the reversed value.","def reverse_integer(number):
    result = 0
    while number > 0:
        digit = number % 10
        result = result * 10 + digit
        number //= 10
    return result",null,0,pending_human_review
reverse_integer,numeric_reverse,1,procedural_prose,"Given a nonnegative integer, reverse the order of its decimal digits.","Define a procedure named reverse_integer that receives number.
Set result to 0.
While number is greater than 0, do the following.
    Set digit to (number % 10).
    Set result to ((result * 10) + digit).
    Update number to number // 10.
Return result.","def reverse_integer(number):
    result = 0
    while number > 0:
        digit = number % 10
        result = result * 10 + digit
        number //= 10
    return result",null,7,pending_human_review
reverse_integer,numeric_reverse,1,controlled_nl,"Given a nonnegative integer, reverse the order of its decimal digits.","PROCEDURE reverse_integer INPUT number:
SET result TO 0.
WHILE number > 0:
    SET digit TO (number % 10).
    SET result TO ((result * 10) + digit).
    UPDATE number USING // 10.
RETURN result","def reverse_integer(number):
    result = 0
    while number > 0:
        digit = number % 10
        result = result * 10 + digit
        number //= 10
    return result",null,7,pending_human_review
reverse_integer,numeric_reverse,1,pseudocode,"Given a nonnegative integer, reverse the order of its decimal digits.","PROCEDURE reverse_integer(number)
result <- 0
WHILE number > 0
    digit <- (number % 10)
    result <- ((result * 10) + digit)
    number <- number // 10
RETURN result","def reverse_integer(number):
    result = 0
    while number > 0:
        digit = number % 10
        result = result * 10 + digit
        number //= 10
    return result",null,7,pending_human_review
reverse_integer,numeric_reverse,1,python_canonical,"Given a nonnegative integer, reverse the order of its decimal digits.","def reverse_integer(number):
    result = 0
    while number > 0:
        digit = number % 10
        result = result * 10 + digit
        number //= 10
    return result","def reverse_integer(number):
    result = 0
    while number > 0:
        digit = number % 10
        result = result * 10 + digit
        number //= 10
    return result",null,7,pending_human_review
reverse_integer,numeric_reverse,1,python_opaque,"Given a nonnegative integer, reverse the order of its decimal digits.","def zav0(mip0):
    tuk0 = 0
    while mip0 > 0:
        qel0 = mip0 % 10
        tuk0 = tuk0 * 10 + qel0
        mip0 //= 10
    return tuk0","def reverse_integer(number):
    result = 0
    while number > 0:
        digit = number % 10
        result = result * 10 + digit
        number //= 10
    return result","{""reverse_integer"": ""zav0"", ""number"": ""mip0"", ""result"": ""tuk0"", ""digit"": ""qel0""}",7,pending_human_review
reverse_integer,numeric_reverse,2,nl_exp7_anchor,"Given a nonnegative integer, reverse the order of its decimal digits.","Begin the reversed value at zero. While the number is positive, take its last digit, add that digit to the reversed value by multiplying by ten and adding, then remove the last input digit. Output the reversed value.","def reverse_integer(value):
    current = 0
    while value > 0:
        item = value % 10
        current = current * 10 + item
        value //= 10
    return current",null,0,pending_human_review
reverse_integer,numeric_reverse,2,procedural_prose,"Given a nonnegative integer, reverse the order of its decimal digits.","Define a procedure named reverse_integer that receives value.
Set current to 0.
While value is greater than 0, do the following.
    Set item to (value % 10).
    Set current to ((current * 10) + item).
    Update value to value // 10.
Return current.","def reverse_integer(value):
    current = 0
    while value > 0:
        item = value % 10
        current = current * 10 + item
        value //= 10
    return current",null,7,pending_human_review
reverse_integer,numeric_reverse,2,controlled_nl,"Given a nonnegative integer, reverse the order of its decimal digits.","PROCEDURE reverse_integer INPUT value:
SET current TO 0.
WHILE value > 0:
    SET item TO (value % 10).
    SET current TO ((current * 10) + item).
    UPDATE value USING // 10.
RETURN current","def reverse_integer(value):
    current = 0
    while value > 0:
        item = value % 10
        current = current * 10 + item
        value //= 10
    return current",null,7,pending_human_review
reverse_integer,numeric_reverse,2,pseudocode,"Given a nonnegative integer, reverse the order of its decimal digits.","PROCEDURE reverse_integer(value)
current <- 0
WHILE value > 0
    item <- (value % 10)
    current <- ((current * 10) + item)
    value <- value // 10
RETURN current","def reverse_integer(value):
    current = 0
    while value > 0:
        item = value % 10
        current = current * 10 + item
        value //= 10
    return current",null,7,pending_human_review
reverse_integer,numeric_reverse,2,python_canonical,"Given a nonnegative integer, reverse the order of its decimal digits.","def reverse_integer(value):
    current = 0
    while value > 0:
        item = value % 10
        current = current * 10 + item
        value //= 10
    return current","def reverse_integer(value):
    current = 0
    while value > 0:
        item = value % 10
        current = current * 10 + item
        value //= 10
    return current",null,7,pending_human_review
reverse_integer,numeric_reverse,2,python_opaque,"Given a nonnegative integer, reverse the order of its decimal digits.","def zav0(mip0):
    tuk0 = 0
    while mip0 > 0:
        qel0 = mip0 % 10
        tuk0 = tuk0 * 10 + qel0
        mip0 //= 10
    return tuk0","def reverse_integer(value):
    current = 0
    while value > 0:
        item = value % 10
        current = current * 10 + item
        value //= 10
    return current","{""reverse_integer"": ""zav0"", ""value"": ""mip0"", ""current"": ""tuk0"", ""item"": ""qel0""}",7,pending_human_review
reverse_integer,numeric_reverse,3,nl_exp7_anchor,"Given a nonnegative integer, reverse the order of its decimal digits.","Initialize the reversed value at zero. While the number is positive, take its last digit, append that digit to the reversed value by multiplying by ten and adding, then remove the last input digit. Produce the reversed value.","def reverse_integer(entry):
    x = 0
    while entry > 0:
        element = entry % 10
        x = x * 10 + element
        entry //= 10
    return x",null,0,pending_human_review
reverse_integer,numeric_reverse,3,procedural_prose,"Given a nonnegative integer, reverse the order of its decimal digits.","Define a procedure named reverse_integer that receives entry.
Set x to 0.
While entry is greater than 0, do the following.
    Set element to (entry % 10).
    Set x to ((x * 10) + element).
    Update entry to entry // 10.
Return x.","def reverse_integer(entry):
    x = 0
    while entry > 0:
        element = entry % 10
        x = x * 10 + element
        entry //= 10
    return x",null,7,pending_human_review
reverse_integer,numeric_reverse,3,controlled_nl,"Given a nonnegative integer, reverse the order of its decimal digits.","PROCEDURE reverse_integer INPUT entry:
SET x TO 0.
WHILE entry > 0:
    SET element TO (entry % 10).
    SET x TO ((x * 10) + element).
    UPDATE entry USING // 10.
RETURN x","def reverse_integer(entry):
    x = 0
    while entry > 0:
        element = entry % 10
        x = x * 10 + element
        entry //= 10
    return x",null,7,pending_human_review
reverse_integer,numeric_reverse,3,pseudocode,"Given a nonnegative integer, reverse the order of its decimal digits.","PROCEDURE reverse_integer(entry)
x <- 0
WHILE entry > 0
    element <- (entry % 10)
    x <- ((x * 10) + element)
    entry <- entry // 10
RETURN x","def reverse_integer(entry):
    x = 0
    while entry > 0:
        element = entry % 10
        x = x * 10 + element
        entry //= 10
    return x",null,7,pending_human_review
reverse_integer,numeric_reverse,3,python_canonical,"Given a nonnegative integer, reverse the order of its decimal digits.","def reverse_integer(entry):
    x = 0
    while entry > 0:
        element = entry % 10
        x = x * 10 + element
        entry //= 10
    return x","def reverse_integer(entry):
    x = 0
    while entry > 0:
        element = entry % 10
        x = x * 10 + element
        entry //= 10
    return x",null,7,pending_human_review
reverse_integer,numeric_reverse,3,python_opaque,"Given a nonnegative integer, reverse the order of its decimal digits.","def zav0(mip0):
    tuk0 = 0
    while mip0 > 0:
        qel0 = mip0 % 10
        tuk0 = tuk0 * 10 + qel0
        mip0 //= 10
    return tuk0","def reverse_integer(entry):
    x = 0
    while entry > 0:
        element = entry % 10
        x = x * 10 + element
        entry //= 10
    return x","{""reverse_integer"": ""zav0"", ""entry"": ""mip0"", ""x"": ""tuk0"", ""element"": ""qel0""}",7,pending_human_review
numeric_palindrome,numeric_reverse,1,nl_exp7_anchor,"Given a nonnegative integer, determine whether its decimal digits form a palindrome.",Save the original number and build its reversed decimal value digit by digit. Compare the reversed value with the original and return whether they are equal.,"def numeric_palindrome(number):
    original = number
    reversed_number = 0
    while number > 0:
        digit = number % 10
        reversed_number = reversed_number * 10 + digit
        number //= 10
    return original == reversed_number",null,0,pending_human_review
numeric_palindrome,numeric_reverse,1,procedural_prose,"Given a nonnegative integer, determine whether its decimal digits form a palindrome.","Define a procedure named numeric_palindrome that receives number.
Set original to number.
Set reversed_number to 0.
While number is greater than 0, do the following.
    Set digit to (number % 10).
    Set reversed_number to ((reversed_number * 10) + digit).
    Update number to number // 10.
Return original equals reversed_number.","def numeric_palindrome(number):
    original = number
    reversed_number = 0
    while number > 0:
        digit = number % 10
        reversed_number = reversed_number * 10 + digit
        number //= 10
    return original == reversed_number",null,8,pending_human_review
numeric_palindrome,numeric_reverse,1,controlled_nl,"Given a nonnegative integer, determine whether its decimal digits form a palindrome.","PROCEDURE numeric_palindrome INPUT number:
SET original TO number.
SET reversed_number TO 0.
WHILE number > 0:
    SET digit TO (number % 10).
    SET reversed_number TO ((reversed_number * 10) + digit).
    UPDATE number USING // 10.
RETURN original = reversed_number","def numeric_palindrome(number):
    original = number
    reversed_number = 0
    while number > 0:
        digit = number % 10
        reversed_number = reversed_number * 10 + digit
        number //= 10
    return original == reversed_number",null,8,pending_human_review
numeric_palindrome,numeric_reverse,1,pseudocode,"Given a nonnegative integer, determine whether its decimal digits form a palindrome.","PROCEDURE numeric_palindrome(number)
original <- number
reversed_number <- 0
WHILE number > 0
    digit <- (number % 10)
    reversed_number <- ((reversed_number * 10) + digit)
    number <- number // 10
RETURN original = reversed_number","def numeric_palindrome(number):
    original = number
    reversed_number = 0
    while number > 0:
        digit = number % 10
        reversed_number = reversed_number * 10 + digit
        number //= 10
    return original == reversed_number",null,8,pending_human_review
numeric_palindrome,numeric_reverse,1,python_canonical,"Given a nonnegative integer, determine whether its decimal digits form a palindrome.","def numeric_palindrome(number):
    original = number
    reversed_number = 0
    while number > 0:
        digit = number % 10
        reversed_number = reversed_number * 10 + digit
        number //= 10
    return original == reversed_number","def numeric_palindrome(number):
    original = number
    reversed_number = 0
    while number > 0:
        digit = number % 10
        reversed_number = reversed_number * 10 + digit
        number //= 10
    return original == reversed_number",null,8,pending_human_review
numeric_palindrome,numeric_reverse,1,python_opaque,"Given a nonnegative integer, determine whether its decimal digits form a palindrome.","def zav0(mip0):
    tuk0 = mip0
    qel0 = 0
    while mip0 > 0:
        vor0 = mip0 % 10
        qel0 = qel0 * 10 + vor0
        mip0 //= 10
    return tuk0 == qel0","def numeric_palindrome(number):
    original = number
    reversed_number = 0
    while number > 0:
        digit = number % 10
        reversed_number = reversed_number * 10 + digit
        number //= 10
    return original == reversed_number","{""numeric_palindrome"": ""zav0"", ""number"": ""mip0"", ""original"": ""tuk0"", ""reversed_number"": ""qel0"", ""digit"": ""vor0""}",8,pending_human_review
numeric_palindrome,numeric_reverse,2,nl_exp7_anchor,"Given a nonnegative integer, determine whether its decimal digits form a palindrome.",Save the original number and build its reversed decimal value digit by digit. Compare the reversed value with the original and output whether they are equal.,"def numeric_palindrome(value):
    current = value
    output = 0
    while value > 0:
        item = value % 10
        output = output * 10 + item
        value //= 10
    return current == output",null,0,pending_human_review
numeric_palindrome,numeric_reverse,2,procedural_prose,"Given a nonnegative integer, determine whether its decimal digits form a palindrome.","Define a procedure named numeric_palindrome that receives value.
Set current to value.
Set output to 0.
While value is greater than 0, do the following.
    Set item to (value % 10).
    Set output to ((output * 10) + item).
    Update value to value // 10.
Return current equals output.","def numeric_palindrome(value):
    current = value
    output = 0
    while value > 0:
        item = value % 10
        output = output * 10 + item
        value //= 10
    return current == output",null,8,pending_human_review
numeric_palindrome,numeric_reverse,2,controlled_nl,"Given a nonnegative integer, determine whether its decimal digits form a palindrome.","PROCEDURE numeric_palindrome INPUT value:
SET current TO value.
SET output TO 0.
WHILE value > 0:
    SET item TO (value % 10).
    SET output TO ((output * 10) + item).
    UPDATE value USING // 10.
RETURN current = output","def numeric_palindrome(value):
    current = value
    output = 0
    while value > 0:
        item = value % 10
        output = output * 10 + item
        value //= 10
    return current == output",null,8,pending_human_review
numeric_palindrome,numeric_reverse,2,pseudocode,"Given a nonnegative integer, determine whether its decimal digits form a palindrome.","PROCEDURE numeric_palindrome(value)
current <- value
output <- 0
WHILE value > 0
    item <- (value % 10)
    output <- ((output * 10) + item)
    value <- value // 10
RETURN current = output","def numeric_palindrome(value):
    current = value
    output = 0
    while value > 0:
        item = value % 10
        output = output * 10 + item
        value //= 10
    return current == output",null,8,pending_human_review
numeric_palindrome,numeric_reverse,2,python_canonical,"Given a nonnegative integer, determine whether its decimal digits form a palindrome.","def numeric_palindrome(value):
    current = value
    output = 0
    while value > 0:
        item = value % 10
        output = output * 10 + item
        value //= 10
    return current == output","def numeric_palindrome(value):
    current = value
    output = 0
    while value > 0:
        item = value % 10
        output = output * 10 + item
        value //= 10
    return current == output",null,8,pending_human_review
numeric_palindrome,numeric_reverse,2,python_opaque,"Given a nonnegative integer, determine whether its decimal digits form a palindrome.","def zav0(mip0):
    tuk0 = mip0
    qel0 = 0
    while mip0 > 0:
        vor0 = mip0 % 10
        qel0 = qel0 * 10 + vor0
        mip0 //= 10
    return tuk0 == qel0","def numeric_palindrome(value):
    current = value
    output = 0
    while value > 0:
        item = value % 10
        output = output * 10 + item
        value //= 10
    return current == output","{""numeric_palindrome"": ""zav0"", ""value"": ""mip0"", ""current"": ""tuk0"", ""output"": ""qel0"", ""item"": ""vor0""}",8,pending_human_review
numeric_palindrome,numeric_reverse,3,nl_exp7_anchor,"Given a nonnegative integer, determine whether its decimal digits form a palindrome.",Proceed as follows. Save the original number and build its reversed decimal value digit by digit. Compare the reversed value with the original and return whether they are equal.,"def numeric_palindrome(entry):
    x = entry
    result = 0
    while entry > 0:
        element = entry % 10
        result = result * 10 + element
        entry //= 10
    return x == result",null,0,pending_human_review
numeric_palindrome,numeric_reverse,3,procedural_prose,"Given a nonnegative integer, determine whether its decimal digits form a palindrome.","Define a procedure named numeric_palindrome that receives entry.
Set x to entry.
Set result to 0.
While entry is greater than 0, do the following.
    Set element to (entry % 10).
    Set result to ((result * 10) + element).
    Update entry to entry // 10.
Return x equals result.","def numeric_palindrome(entry):
    x = entry
    result = 0
    while entry > 0:
        element = entry % 10
        result = result * 10 + element
        entry //= 10
    return x == result",null,8,pending_human_review
numeric_palindrome,numeric_reverse,3,controlled_nl,"Given a nonnegative integer, determine whether its decimal digits form a palindrome.","PROCEDURE numeric_palindrome INPUT entry:
SET x TO entry.
SET result TO 0.
WHILE entry > 0:
    SET element TO (entry % 10).
    SET result TO ((result * 10) + element).
    UPDATE entry USING // 10.
RETURN x = result","def numeric_palindrome(entry):
    x = entry
    result = 0
    while entry > 0:
        element = entry % 10
        result = result * 10 + element
        entry //= 10
    return x == result",null,8,pending_human_review
numeric_palindrome,numeric_reverse,3,pseudocode,"Given a nonnegative integer, determine whether its decimal digits form a palindrome.","PROCEDURE numeric_palindrome(entry)
x <- entry
result <- 0
WHILE entry > 0
    element <- (entry % 10)
    result <- ((result * 10) + element)
    entry <- entry // 10
RETURN x = result","def numeric_palindrome(entry):
    x = entry
    result = 0
    while entry > 0:
        element = entry % 10
        result = result * 10 + element
        entry //= 10
    return x == result",null,8,pending_human_review
numeric_palindrome,numeric_reverse,3,python_canonical,"Given a nonnegative integer, determine whether its decimal digits form a palindrome.","def numeric_palindrome(entry):
    x = entry
    result = 0
    while entry > 0:
        element = entry % 10
        result = result * 10 + element
        entry //= 10
    return x == result","def numeric_palindrome(entry):
    x = entry
    result = 0
    while entry > 0:
        element = entry % 10
        result = result * 10 + element
        entry //= 10
    return x == result",null,8,pending_human_review
numeric_palindrome,numeric_reverse,3,python_opaque,"Given a nonnegative integer, determine whether its decimal digits form a palindrome.","def zav0(mip0):
    tuk0 = mip0
    qel0 = 0
    while mip0 > 0:
        vor0 = mip0 % 10
        qel0 = qel0 * 10 + vor0
        mip0 //= 10
    return tuk0 == qel0","def numeric_palindrome(entry):
    x = entry
    result = 0
    while entry > 0:
        element = entry % 10
        result = result * 10 + element
        entry //= 10
    return x == result","{""numeric_palindrome"": ""zav0"", ""entry"": ""mip0"", ""x"": ""tuk0"", ""result"": ""qel0"", ""element"": ""vor0""}",8,pending_human_review
count_primes_up_to,primality,1,nl_exp7_anchor,"Given a nonnegative integer n, count how many prime numbers are at most n.","Start a prime counter at zero. For every candidate from two through n, test divisors up to its square root. Increase the counter when no divisor is found. Return the counter.","def count_primes_up_to(n):
    count = 0
    for candidate in range(2, n + 1):
        prime = True
        divisor = 2
        while divisor * divisor <= candidate:
            if candidate % divisor == 0:
                prime = False
                break
            divisor += 1
        if prime:
            count += 1
    return count",null,0,pending_human_review
count_primes_up_to,primality,1,procedural_prose,"Given a nonnegative integer n, count how many prime numbers are at most n.","Define a procedure named count_primes_up_to that receives n.
Set count to 0.
For each candidate in range(2, (n + 1)), do the following.
    Set prime to true.
    Set divisor to 2.
    While (divisor * divisor) is at most candidate, do the following.
        If (candidate % divisor) equals 0, do the following.
            Set prime to false.
            Stop the current loop.
        Increase divisor by 1.
    If prime, do the following.
        Increase count by 1.
Return count.","def count_primes_up_to(n):
    count = 0
    for candidate in range(2, n + 1):
        prime = True
        divisor = 2
        while divisor * divisor <= candidate:
            if candidate % divisor == 0:
                prime = False
                break
            divisor += 1
        if prime:
            count += 1
    return count",null,13,pending_human_review
count_primes_up_to,primality,1,controlled_nl,"Given a nonnegative integer n, count how many prime numbers are at most n.","PROCEDURE count_primes_up_to INPUT n:
SET count TO 0.
FOR EACH candidate IN range(2, (n + 1)):
    SET prime TO TRUE.
    SET divisor TO 2.
    WHILE (divisor * divisor) <= candidate:
        IF (candidate % divisor) = 0:
            SET prime TO FALSE.
            BREAK
        UPDATE divisor USING + 1.
    IF prime:
        UPDATE count USING + 1.
RETURN count","def count_primes_up_to(n):
    count = 0
    for candidate in range(2, n + 1):
        prime = True
        divisor = 2
        while divisor * divisor <= candidate:
            if candidate % divisor == 0:
                prime = False
                break
            divisor += 1
        if prime:
            count += 1
    return count",null,13,pending_human_review
count_primes_up_to,primality,1,pseudocode,"Given a nonnegative integer n, count how many prime numbers are at most n.","PROCEDURE count_primes_up_to(n)
count <- 0
FOR candidate IN range(2, (n + 1))
    prime <- TRUE
    divisor <- 2
    WHILE (divisor * divisor) <= candidate
        IF (candidate % divisor) = 0
            prime <- FALSE
            BREAK
        divisor <- divisor + 1
    IF prime
        count <- count + 1
RETURN count","def count_primes_up_to(n):
    count = 0
    for candidate in range(2, n + 1):
        prime = True
        divisor = 2
        while divisor * divisor <= candidate:
            if candidate % divisor == 0:
                prime = False
                break
            divisor += 1
        if prime:
            count += 1
    return count",null,13,pending_human_review
count_primes_up_to,primality,1,python_canonical,"Given a nonnegative integer n, count how many prime numbers are at most n.","def count_primes_up_to(n):
    count = 0
    for candidate in range(2, n + 1):
        prime = True
        divisor = 2
        while divisor * divisor <= candidate:
            if candidate % divisor == 0:
                prime = False
                break
            divisor += 1
        if prime:
            count += 1
    return count","def count_primes_up_to(n):
    count = 0
    for candidate in range(2, n + 1):
        prime = True
        divisor = 2
        while divisor * divisor <= candidate:
            if candidate % divisor == 0:
                prime = False
                break
            divisor += 1
        if prime:
            count += 1
    return count",null,13,pending_human_review
count_primes_up_to,primality,1,python_opaque,"Given a nonnegative integer n, count how many prime numbers are at most n.","def zav0(mip0):
    tuk0 = 0
    for qel0 in range(2, mip0 + 1):
        vor0 = True
        nex0 = 2
        while nex0 * nex0 <= qel0:
            if qel0 % nex0 == 0:
                vor0 = False
                break
            nex0 += 1
        if vor0:
            tuk0 += 1
    return tuk0","def count_primes_up_to(n):
    count = 0
    for candidate in range(2, n + 1):
        prime = True
        divisor = 2
        while divisor * divisor <= candidate:
            if candidate % divisor == 0:
                prime = False
                break
            divisor += 1
        if prime:
            count += 1
    return count","{""count_primes_up_to"": ""zav0"", ""n"": ""mip0"", ""count"": ""tuk0"", ""candidate"": ""qel0"", ""prime"": ""vor0"", ""divisor"": ""nex0""}",13,pending_human_review
count_primes_up_to,primality,2,nl_exp7_anchor,"Given a nonnegative integer n, count how many prime numbers are at most n.","Begin a prime counter at zero. For every candidate from two through n, test divisors up to its square root. Increase the counter when no divisor is found. Output the counter.","def count_primes_up_to(output):
    value = 0
    for item in range(2, output + 1):
        counter = True
        current = 2
        while current * current <= item:
            if item % current == 0:
                counter = False
                break
            current += 1
        if counter:
            value += 1
    return value",null,0,pending_human_review
count_primes_up_to,primality,2,procedural_prose,"Given a nonnegative integer n, count how many prime numbers are at most n.","Define a procedure named count_primes_up_to that receives output.
Set value to 0.
For each item in range(2, (output + 1)), do the following.
    Set counter to true.
    Set current to 2.
    While (current * current) is at most item, do the following.
        If (item % current) equals 0, do the following.
            Set counter to false.
            Stop the current loop.
        Increase current by 1.
    If counter, do the following.
        Increase value by 1.
Return value.","def count_primes_up_to(output):
    value = 0
    for item in range(2, output + 1):
        counter = True
        current = 2
        while current * current <= item:
            if item % current == 0:
                counter = False
                break
            current += 1
        if counter:
            value += 1
    return value",null,13,pending_human_review
count_primes_up_to,primality,2,controlled_nl,"Given a nonnegative integer n, count how many prime numbers are at most n.","PROCEDURE count_primes_up_to INPUT output:
SET value TO 0.
FOR EACH item IN range(2, (output + 1)):
    SET counter TO TRUE.
    SET current TO 2.
    WHILE (current * current) <= item:
        IF (item % current) = 0:
            SET counter TO FALSE.
            BREAK
        UPDATE current USING + 1.
    IF counter:
        UPDATE value USING + 1.
RETURN value","def count_primes_up_to(output):
    value = 0
    for item in range(2, output + 1):
        counter = True
        current = 2
        while current * current <= item:
            if item % current == 0:
                counter = False
                break
            current += 1
        if counter:
            value += 1
    return value",null,13,pending_human_review
count_primes_up_to,primality,2,pseudocode,"Given a nonnegative integer n, count how many prime numbers are at most n.","PROCEDURE count_primes_up_to(output)
value <- 0
FOR item IN range(2, (output + 1))
    counter <- TRUE
    current <- 2
    WHILE (current * current) <= item
        IF (item % current) = 0
            counter <- FALSE
            BREAK
        current <- current + 1
    IF counter
        value <- value + 1
RETURN value","def count_primes_up_to(output):
    value = 0
    for item in range(2, output + 1):
        counter = True
        current = 2
        while current * current <= item:
            if item % current == 0:
                counter = False
                break
            current += 1
        if counter:
            value += 1
    return value",null,13,pending_human_review
count_primes_up_to,primality,2,python_canonical,"Given a nonnegative integer n, count how many prime numbers are at most n.","def count_primes_up_to(output):
    value = 0
    for item in range(2, output + 1):
        counter = True
        current = 2
        while current * current <= item:
            if item % current == 0:
                counter = False
                break
            current += 1
        if counter:
            value += 1
    return value","def count_primes_up_to(output):
    value = 0
    for item in range(2, output + 1):
        counter = True
        current = 2
        while current * current <= item:
            if item % current == 0:
                counter = False
                break
            current += 1
        if counter:
            value += 1
    return value",null,13,pending_human_review
count_primes_up_to,primality,2,python_opaque,"Given a nonnegative integer n, count how many prime numbers are at most n.","def zav0(mip0):
    tuk0 = 0
    for qel0 in range(2, mip0 + 1):
        vor0 = True
        nex0 = 2
        while nex0 * nex0 <= qel0:
            if qel0 % nex0 == 0:
                vor0 = False
                break
            nex0 += 1
        if vor0:
            tuk0 += 1
    return tuk0","def count_primes_up_to(output):
    value = 0
    for item in range(2, output + 1):
        counter = True
        current = 2
        while current * current <= item:
            if item % current == 0:
                counter = False
                break
            current += 1
        if counter:
            value += 1
    return value","{""count_primes_up_to"": ""zav0"", ""output"": ""mip0"", ""value"": ""tuk0"", ""item"": ""qel0"", ""counter"": ""vor0"", ""current"": ""nex0""}",13,pending_human_review
count_primes_up_to,primality,3,nl_exp7_anchor,"Given a nonnegative integer n, count how many prime numbers are at most n.","Initialize a prime counter at zero. For every candidate from two through n, test divisors up to its square root. Increase the counter when no divisor is found. Produce the counter.","def count_primes_up_to(result):
    entry = 0
    for element in range(2, result + 1):
        n_count = True
        x = 2
        while x * x <= element:
            if element % x == 0:
                n_count = False
                break
            x += 1
        if n_count:
            entry += 1
    return entry",null,0,pending_human_review
count_primes_up_to,primality,3,procedural_prose,"Given a nonnegative integer n, count how many prime numbers are at most n.","Define a procedure named count_primes_up_to that receives result.
Set entry to 0.
For each element in range(2, (result + 1)), do the following.
    Set n_count to true.
    Set x to 2.
    While (x * x) is at most element, do the following.
        If (element % x) equals 0, do the following.
            Set n_count to false.
            Stop the current loop.
        Increase x by 1.
    If n_count, do the following.
        Increase entry by 1.
Return entry.","def count_primes_up_to(result):
    entry = 0
    for element in range(2, result + 1):
        n_count = True
        x = 2
        while x * x <= element:
            if element % x == 0:
                n_count = False
                break
            x += 1
        if n_count:
            entry += 1
    return entry",null,13,pending_human_review
count_primes_up_to,primality,3,controlled_nl,"Given a nonnegative integer n, count how many prime numbers are at most n.","PROCEDURE count_primes_up_to INPUT result:
SET entry TO 0.
FOR EACH element IN range(2, (result + 1)):
    SET n_count TO TRUE.
    SET x TO 2.
    WHILE (x * x) <= element:
        IF (element % x) = 0:
            SET n_count TO FALSE.
            BREAK
        UPDATE x USING + 1.
    IF n_count:
        UPDATE entry USING + 1.
RETURN entry","def count_primes_up_to(result):
    entry = 0
    for element in range(2, result + 1):
        n_count = True
        x = 2
        while x * x <= element:
            if element % x == 0:
                n_count = False
                break
            x += 1
        if n_count:
            entry += 1
    return entry",null,13,pending_human_review
count_primes_up_to,primality,3,pseudocode,"Given a nonnegative integer n, count how many prime numbers are at most n.","PROCEDURE count_primes_up_to(result)
entry <- 0
FOR element IN range(2, (result + 1))
    n_count <- TRUE
    x <- 2
    WHILE (x * x) <= element
        IF (element % x) = 0
            n_count <- FALSE
            BREAK
        x <- x + 1
    IF n_count
        entry <- entry + 1
RETURN entry","def count_primes_up_to(result):
    entry = 0
    for element in range(2, result + 1):
        n_count = True
        x = 2
        while x * x <= element:
            if element % x == 0:
                n_count = False
                break
            x += 1
        if n_count:
            entry += 1
    return entry",null,13,pending_human_review
count_primes_up_to,primality,3,python_canonical,"Given a nonnegative integer n, count how many prime numbers are at most n.","def count_primes_up_to(result):
    entry = 0
    for element in range(2, result + 1):
        n_count = True
        x = 2
        while x * x <= element:
            if element % x == 0:
                n_count = False
                break
            x += 1
        if n_count:
            entry += 1
    return entry","def count_primes_up_to(result):
    entry = 0
    for element in range(2, result + 1):
        n_count = True
        x = 2
        while x * x <= element:
            if element % x == 0:
                n_count = False
                break
            x += 1
        if n_count:
            entry += 1
    return entry",null,13,pending_human_review
count_primes_up_to,primality,3,python_opaque,"Given a nonnegative integer n, count how many prime numbers are at most n.","def zav0(mip0):
    tuk0 = 0
    for qel0 in range(2, mip0 + 1):
        vor0 = True
        nex0 = 2
        while nex0 * nex0 <= qel0:
            if qel0 % nex0 == 0:
                vor0 = False
                break
            nex0 += 1
        if vor0:
            tuk0 += 1
    return tuk0","def count_primes_up_to(result):
    entry = 0
    for element in range(2, result + 1):
        n_count = True
        x = 2
        while x * x <= element:
            if element % x == 0:
                n_count = False
                break
            x += 1
        if n_count:
            entry += 1
    return entry","{""count_primes_up_to"": ""zav0"", ""result"": ""mip0"", ""entry"": ""tuk0"", ""element"": ""qel0"", ""n_count"": ""vor0"", ""x"": ""nex0""}",13,pending_human_review
group_by_first_character,grouping,1,nl_exp7_anchor,"Given a list of non-empty strings, build a dictionary grouping strings by their first character while preserving input order inside each group.","Start with an empty dictionary. Examine each string, use its first character as the key, create an empty list for a new key, and append the string to that key's list. Return the dictionary.","def group_by_first_character(words):
    groups = {}
    for word in words:
        key = word[0]
        if key not in groups:
            groups[key] = []
        groups[key].append(word)
    return groups",null,0,pending_human_review
group_by_first_character,grouping,1,procedural_prose,"Given a list of non-empty strings, build a dictionary grouping strings by their first character while preserving input order inside each group.","Define a procedure named group_by_first_character that receives words.
Set groups to {}.
For each word in words, do the following.
    Set key to word[0].
    If key is not in groups, do the following.
        Set groups[key] to [].
    Append word to groups[key].
Return groups.","def group_by_first_character(words):
    groups = {}
    for word in words:
        key = word[0]
        if key not in groups:
            groups[key] = []
        groups[key].append(word)
    return groups",null,8,pending_human_review
group_by_first_character,grouping,1,controlled_nl,"Given a list of non-empty strings, build a dictionary grouping strings by their first character while preserving input order inside each group.","PROCEDURE group_by_first_character INPUT words:
SET groups TO {}.
FOR EACH word IN words:
    SET key TO word[0].
    IF key NOT IN groups:
        SET groups[key] TO [].
    EXECUTE groups[key].append(word).
RETURN groups","def group_by_first_character(words):
    groups = {}
    for word in words:
        key = word[0]
        if key not in groups:
            groups[key] = []
        groups[key].append(word)
    return groups",null,8,pending_human_review
group_by_first_character,grouping,1,pseudocode,"Given a list of non-empty strings, build a dictionary grouping strings by their first character while preserving input order inside each group.","PROCEDURE group_by_first_character(words)
groups <- {}
FOR word IN words
    key <- word[0]
    IF key NOT IN groups
        groups[key] <- []
    groups[key].append(word)
RETURN groups","def group_by_first_character(words):
    groups = {}
    for word in words:
        key = word[0]
        if key not in groups:
            groups[key] = []
        groups[key].append(word)
    return groups",null,8,pending_human_review
group_by_first_character,grouping,1,python_canonical,"Given a list of non-empty strings, build a dictionary grouping strings by their first character while preserving input order inside each group.","def group_by_first_character(words):
    groups = {}
    for word in words:
        key = word[0]
        if key not in groups:
            groups[key] = []
        groups[key].append(word)
    return groups","def group_by_first_character(words):
    groups = {}
    for word in words:
        key = word[0]
        if key not in groups:
            groups[key] = []
        groups[key].append(word)
    return groups",null,8,pending_human_review
group_by_first_character,grouping,1,python_opaque,"Given a list of non-empty strings, build a dictionary grouping strings by their first character while preserving input order inside each group.","def zav0(mip0):
    tuk0 = {}
    for qel0 in mip0:
        vor0 = qel0[0]
        if vor0 not in tuk0:
            tuk0[vor0] = []
        tuk0[vor0].append(qel0)
    return tuk0","def group_by_first_character(words):
    groups = {}
    for word in words:
        key = word[0]
        if key not in groups:
            groups[key] = []
        groups[key].append(word)
    return groups","{""group_by_first_character"": ""zav0"", ""words"": ""mip0"", ""groups"": ""tuk0"", ""word"": ""qel0"", ""key"": ""vor0""}",8,pending_human_review
group_by_first_character,grouping,2,nl_exp7_anchor,"Given a list of non-empty strings, build a dictionary grouping strings by their first character while preserving input order inside each group.","Begin with an empty dictionary. Inspect each string, use its first character as the key, build an empty list for a new key, and add the string to that key's list. Output the dictionary.","def group_by_first_character(output):
    item = {}
    for current in output:
        value = current[0]
        if value not in item:
            item[value] = []
        item[value].append(current)
    return item",null,0,pending_human_review
group_by_first_character,grouping,2,procedural_prose,"Given a list of non-empty strings, build a dictionary grouping strings by their first character while preserving input order inside each group.","Define a procedure named group_by_first_character that receives output.
Set item to {}.
For each current in output, do the following.
    Set value to current[0].
    If value is not in item, do the following.
        Set item[value] to [].
    Append current to item[value].
Return item.","def group_by_first_character(output):
    item = {}
    for current in output:
        value = current[0]
        if value not in item:
            item[value] = []
        item[value].append(current)
    return item",null,8,pending_human_review
group_by_first_character,grouping,2,controlled_nl,"Given a list of non-empty strings, build a dictionary grouping strings by their first character while preserving input order inside each group.","PROCEDURE group_by_first_character INPUT output:
SET item TO {}.
FOR EACH current IN output:
    SET value TO current[0].
    IF value NOT IN item:
        SET item[value] TO [].
    EXECUTE item[value].append(current).
RETURN item","def group_by_first_character(output):
    item = {}
    for current in output:
        value = current[0]
        if value not in item:
            item[value] = []
        item[value].append(current)
    return item",null,8,pending_human_review
group_by_first_character,grouping,2,pseudocode,"Given a list of non-empty strings, build a dictionary grouping strings by their first character while preserving input order inside each group.","PROCEDURE group_by_first_character(output)
item <- {}
FOR current IN output
    value <- current[0]
    IF value NOT IN item
        item[value] <- []
    item[value].append(current)
RETURN item","def group_by_first_character(output):
    item = {}
    for current in output:
        value = current[0]
        if value not in item:
            item[value] = []
        item[value].append(current)
    return item",null,8,pending_human_review
group_by_first_character,grouping,2,python_canonical,"Given a list of non-empty strings, build a dictionary grouping strings by their first character while preserving input order inside each group.","def group_by_first_character(output):
    item = {}
    for current in output:
        value = current[0]
        if value not in item:
            item[value] = []
        item[value].append(current)
    return item","def group_by_first_character(output):
    item = {}
    for current in output:
        value = current[0]
        if value not in item:
            item[value] = []
        item[value].append(current)
    return item",null,8,pending_human_review
group_by_first_character,grouping,2,python_opaque,"Given a list of non-empty strings, build a dictionary grouping strings by their first character while preserving input order inside each group.","def zav0(mip0):
    tuk0 = {}
    for qel0 in mip0:
        vor0 = qel0[0]
        if vor0 not in tuk0:
            tuk0[vor0] = []
        tuk0[vor0].append(qel0)
    return tuk0","def group_by_first_character(output):
    item = {}
    for current in output:
        value = current[0]
        if value not in item:
            item[value] = []
        item[value].append(current)
    return item","{""group_by_first_character"": ""zav0"", ""output"": ""mip0"", ""item"": ""tuk0"", ""current"": ""qel0"", ""value"": ""vor0""}",8,pending_human_review
group_by_first_character,grouping,3,nl_exp7_anchor,"Given a list of non-empty strings, build a dictionary grouping strings by their first character while preserving input order inside each group.","Initialize with an empty dictionary. Process each string, use its first character as the key, create an empty list for a new key, and append the string to that key's list. Produce the dictionary.","def group_by_first_character(result):
    element = {}
    for x in result:
        entry = x[0]
        if entry not in element:
            element[entry] = []
        element[entry].append(x)
    return element",null,0,pending_human_review
group_by_first_character,grouping,3,procedural_prose,"Given a list of non-empty strings, build a dictionary grouping strings by their first character while preserving input order inside each group.","Define a procedure named group_by_first_character that receives result.
Set element to {}.
For each x in result, do the following.
    Set entry to x[0].
    If entry is not in element, do the following.
        Set element[entry] to [].
    Append x to element[entry].
Return element.","def group_by_first_character(result):
    element = {}
    for x in result:
        entry = x[0]
        if entry not in element:
            element[entry] = []
        element[entry].append(x)
    return element",null,8,pending_human_review
group_by_first_character,grouping,3,controlled_nl,"Given a list of non-empty strings, build a dictionary grouping strings by their first character while preserving input order inside each group.","PROCEDURE group_by_first_character INPUT result:
SET element TO {}.
FOR EACH x IN result:
    SET entry TO x[0].
    IF entry NOT IN element:
        SET element[entry] TO [].
    EXECUTE element[entry].append(x).
RETURN element","def group_by_first_character(result):
    element = {}
    for x in result:
        entry = x[0]
        if entry not in element:
            element[entry] = []
        element[entry].append(x)
    return element",null,8,pending_human_review
group_by_first_character,grouping,3,pseudocode,"Given a list of non-empty strings, build a dictionary grouping strings by their first character while preserving input order inside each group.","PROCEDURE group_by_first_character(result)
element <- {}
FOR x IN result
    entry <- x[0]
    IF entry NOT IN element
        element[entry] <- []
    element[entry].append(x)
RETURN element","def group_by_first_character(result):
    element = {}
    for x in result:
        entry = x[0]
        if entry not in element:
            element[entry] = []
        element[entry].append(x)
    return element",null,8,pending_human_review
group_by_first_character,grouping,3,python_canonical,"Given a list of non-empty strings, build a dictionary grouping strings by their first character while preserving input order inside each group.","def group_by_first_character(result):
    element = {}
    for x in result:
        entry = x[0]
        if entry not in element:
            element[entry] = []
        element[entry].append(x)
    return element","def group_by_first_character(result):
    element = {}
    for x in result:
        entry = x[0]
        if entry not in element:
            element[entry] = []
        element[entry].append(x)
    return element",null,8,pending_human_review
group_by_first_character,grouping,3,python_opaque,"Given a list of non-empty strings, build a dictionary grouping strings by their first character while preserving input order inside each group.","def zav0(mip0):
    tuk0 = {}
    for qel0 in mip0:
        vor0 = qel0[0]
        if vor0 not in tuk0:
            tuk0[vor0] = []
        tuk0[vor0].append(qel0)
    return tuk0","def group_by_first_character(result):
    element = {}
    for x in result:
        entry = x[0]
        if entry not in element:
            element[entry] = []
        element[entry].append(x)
    return element","{""group_by_first_character"": ""zav0"", ""result"": ""mip0"", ""element"": ""tuk0"", ""x"": ""qel0"", ""entry"": ""vor0""}",8,pending_human_review
group_by_length,grouping,1,nl_exp7_anchor,"Given a list of strings, build a dictionary grouping strings by their length while preserving input order inside each group.","Start with an empty dictionary. Examine each string, use its length as the key, create an empty list for a new key, and append the string to that key's list. Return the dictionary.","def group_by_length(words):
    groups = {}
    for word in words:
        key = len(word)
        if key not in groups:
            groups[key] = []
        groups[key].append(word)
    return groups",null,0,pending_human_review
group_by_length,grouping,1,procedural_prose,"Given a list of strings, build a dictionary grouping strings by their length while preserving input order inside each group.","Define a procedure named group_by_length that receives words.
Set groups to {}.
For each word in words, do the following.
    Set key to len(word).
    If key is not in groups, do the following.
        Set groups[key] to [].
    Append word to groups[key].
Return groups.","def group_by_length(words):
    groups = {}
    for word in words:
        key = len(word)
        if key not in groups:
            groups[key] = []
        groups[key].append(word)
    return groups",null,8,pending_human_review
group_by_length,grouping,1,controlled_nl,"Given a list of strings, build a dictionary grouping strings by their length while preserving input order inside each group.","PROCEDURE group_by_length INPUT words:
SET groups TO {}.
FOR EACH word IN words:
    SET key TO len(word).
    IF key NOT IN groups:
        SET groups[key] TO [].
    EXECUTE groups[key].append(word).
RETURN groups","def group_by_length(words):
    groups = {}
    for word in words:
        key = len(word)
        if key not in groups:
            groups[key] = []
        groups[key].append(word)
    return groups",null,8,pending_human_review
group_by_length,grouping,1,pseudocode,"Given a list of strings, build a dictionary grouping strings by their length while preserving input order inside each group.","PROCEDURE group_by_length(words)
groups <- {}
FOR word IN words
    key <- len(word)
    IF key NOT IN groups
        groups[key] <- []
    groups[key].append(word)
RETURN groups","def group_by_length(words):
    groups = {}
    for word in words:
        key = len(word)
        if key not in groups:
            groups[key] = []
        groups[key].append(word)
    return groups",null,8,pending_human_review
group_by_length,grouping,1,python_canonical,"Given a list of strings, build a dictionary grouping strings by their length while preserving input order inside each group.","def group_by_length(words):
    groups = {}
    for word in words:
        key = len(word)
        if key not in groups:
            groups[key] = []
        groups[key].append(word)
    return groups","def group_by_length(words):
    groups = {}
    for word in words:
        key = len(word)
        if key not in groups:
            groups[key] = []
        groups[key].append(word)
    return groups",null,8,pending_human_review
group_by_length,grouping,1,python_opaque,"Given a list of strings, build a dictionary grouping strings by their length while preserving input order inside each group.","def zav0(mip0):
    tuk0 = {}
    for qel0 in mip0:
        vor0 = len(qel0)
        if vor0 not in tuk0:
            tuk0[vor0] = []
        tuk0[vor0].append(qel0)
    return tuk0","def group_by_length(words):
    groups = {}
    for word in words:
        key = len(word)
        if key not in groups:
            groups[key] = []
        groups[key].append(word)
    return groups","{""group_by_length"": ""zav0"", ""words"": ""mip0"", ""groups"": ""tuk0"", ""word"": ""qel0"", ""key"": ""vor0""}",8,pending_human_review
group_by_length,grouping,2,nl_exp7_anchor,"Given a list of strings, build a dictionary grouping strings by their length while preserving input order inside each group.","Begin with an empty dictionary. Inspect each string, use its length as the key, build an empty list for a new key, and add the string to that key's list. Output the dictionary.","def group_by_length(output):
    item = {}
    for current in output:
        value = len(current)
        if value not in item:
            item[value] = []
        item[value].append(current)
    return item",null,0,pending_human_review
group_by_length,grouping,2,procedural_prose,"Given a list of strings, build a dictionary grouping strings by their length while preserving input order inside each group.","Define a procedure named group_by_length that receives output.
Set item to {}.
For each current in output, do the following.
    Set value to len(current).
    If value is not in item, do the following.
        Set item[value] to [].
    Append current to item[value].
Return item.","def group_by_length(output):
    item = {}
    for current in output:
        value = len(current)
        if value not in item:
            item[value] = []
        item[value].append(current)
    return item",null,8,pending_human_review
group_by_length,grouping,2,controlled_nl,"Given a list of strings, build a dictionary grouping strings by their length while preserving input order inside each group.","PROCEDURE group_by_length INPUT output:
SET item TO {}.
FOR EACH current IN output:
    SET value TO len(current).
    IF value NOT IN item:
        SET item[value] TO [].
    EXECUTE item[value].append(current).
RETURN item","def group_by_length(output):
    item = {}
    for current in output:
        value = len(current)
        if value not in item:
            item[value] = []
        item[value].append(current)
    return item",null,8,pending_human_review
group_by_length,grouping,2,pseudocode,"Given a list of strings, build a dictionary grouping strings by their length while preserving input order inside each group.","PROCEDURE group_by_length(output)
item <- {}
FOR current IN output
    value <- len(current)
    IF value NOT IN item
        item[value] <- []
    item[value].append(current)
RETURN item","def group_by_length(output):
    item = {}
    for current in output:
        value = len(current)
        if value not in item:
            item[value] = []
        item[value].append(current)
    return item",null,8,pending_human_review
group_by_length,grouping,2,python_canonical,"Given a list of strings, build a dictionary grouping strings by their length while preserving input order inside each group.","def group_by_length(output):
    item = {}
    for current in output:
        value = len(current)
        if value not in item:
            item[value] = []
        item[value].append(current)
    return item","def group_by_length(output):
    item = {}
    for current in output:
        value = len(current)
        if value not in item:
            item[value] = []
        item[value].append(current)
    return item",null,8,pending_human_review
group_by_length,grouping,2,python_opaque,"Given a list of strings, build a dictionary grouping strings by their length while preserving input order inside each group.","def zav0(mip0):
    tuk0 = {}
    for qel0 in mip0:
        vor0 = len(qel0)
        if vor0 not in tuk0:
            tuk0[vor0] = []
        tuk0[vor0].append(qel0)
    return tuk0","def group_by_length(output):
    item = {}
    for current in output:
        value = len(current)
        if value not in item:
            item[value] = []
        item[value].append(current)
    return item","{""group_by_length"": ""zav0"", ""output"": ""mip0"", ""item"": ""tuk0"", ""current"": ""qel0"", ""value"": ""vor0""}",8,pending_human_review
group_by_length,grouping,3,nl_exp7_anchor,"Given a list of strings, build a dictionary grouping strings by their length while preserving input order inside each group.","Initialize with an empty dictionary. Process each string, use its length as the key, create an empty list for a new key, and append the string to that key's list. Produce the dictionary.","def group_by_length(result):
    element = {}
    for x in result:
        entry = len(x)
        if entry not in element:
            element[entry] = []
        element[entry].append(x)
    return element",null,0,pending_human_review
group_by_length,grouping,3,procedural_prose,"Given a list of strings, build a dictionary grouping strings by their length while preserving input order inside each group.","Define a procedure named group_by_length that receives result.
Set element to {}.
For each x in result, do the following.
    Set entry to len(x).
    If entry is not in element, do the following.
        Set element[entry] to [].
    Append x to element[entry].
Return element.","def group_by_length(result):
    element = {}
    for x in result:
        entry = len(x)
        if entry not in element:
            element[entry] = []
        element[entry].append(x)
    return element",null,8,pending_human_review
group_by_length,grouping,3,controlled_nl,"Given a list of strings, build a dictionary grouping strings by their length while preserving input order inside each group.","PROCEDURE group_by_length INPUT result:
SET element TO {}.
FOR EACH x IN result:
    SET entry TO len(x).
    IF entry NOT IN element:
        SET element[entry] TO [].
    EXECUTE element[entry].append(x).
RETURN element","def group_by_length(result):
    element = {}
    for x in result:
        entry = len(x)
        if entry not in element:
            element[entry] = []
        element[entry].append(x)
    return element",null,8,pending_human_review
group_by_length,grouping,3,pseudocode,"Given a list of strings, build a dictionary grouping strings by their length while preserving input order inside each group.","PROCEDURE group_by_length(result)
element <- {}
FOR x IN result
    entry <- len(x)
    IF entry NOT IN element
        element[entry] <- []
    element[entry].append(x)
RETURN element","def group_by_length(result):
    element = {}
    for x in result:
        entry = len(x)
        if entry not in element:
            element[entry] = []
        element[entry].append(x)
    return element",null,8,pending_human_review
group_by_length,grouping,3,python_canonical,"Given a list of strings, build a dictionary grouping strings by their length while preserving input order inside each group.","def group_by_length(result):
    element = {}
    for x in result:
        entry = len(x)
        if entry not in element:
            element[entry] = []
        element[entry].append(x)
    return element","def group_by_length(result):
    element = {}
    for x in result:
        entry = len(x)
        if entry not in element:
            element[entry] = []
        element[entry].append(x)
    return element",null,8,pending_human_review
group_by_length,grouping,3,python_opaque,"Given a list of strings, build a dictionary grouping strings by their length while preserving input order inside each group.","def zav0(mip0):
    tuk0 = {}
    for qel0 in mip0:
        vor0 = len(qel0)
        if vor0 not in tuk0:
            tuk0[vor0] = []
        tuk0[vor0].append(qel0)
    return tuk0","def group_by_length(result):
    element = {}
    for x in result:
        entry = len(x)
        if entry not in element:
            element[entry] = []
        element[entry].append(x)
    return element","{""group_by_length"": ""zav0"", ""result"": ""mip0"", ""element"": ""tuk0"", ""x"": ""qel0"", ""entry"": ""vor0""}",8,pending_human_review
