trajectory_id,task_id,family,representation,variant,task_text,reference_solution,alignment_method,boundary_crossed,reference_start_token_index,base_token_count_metadata,token_count,analysis_token_count,trajectory_valid,mean_entropy_top20,median_entropy_top20,std_entropy_top20,cumulative_entropy_top20,mean_entropy_valid_vocab,median_entropy_valid_vocab,std_entropy_valid_vocab,cumulative_entropy_valid_vocab,mean_p1,median_p1,mean_top20_mass,fraction_p1_ge_090,fraction_p1_ge_099,longest_run_p1_ge_090,longest_run_p1_ge_099,mean_abs_entropy_change_top20,mean_abs_entropy_change_valid_vocab,reference_in_top20_fraction,mean_reference_surprisal
binary_search_exact__python__v2,binary_search_exact,binary_search,python,2,"Given an ascending sorted list and a target value, return the target index or minus one if absent.","def binary_search_exact(counter, output):
    value = 0
    item = len(counter) - 1
    while value <= item:
        current = (value + item) // 2
        if counter[current] == output:
            return current
        if counter[current] < output:
            value = current + 1
        else:
            item = current - 1
    return -1",fast_offsets,False,32,32,97,96,True,0.46929229885002616,0.1294678896665573,0.6641413275280446,45.05206068960251,0.5654081258411073,0.1306443065404892,0.8956053712898685,54.2791800807463,0.8511941996403039,0.9785254001617432,0.9850553615639607,0.625,0.4166666666666667,10,5,0.5061351042571722,0.6629775630579772,0.9479166666666666,0.8034666129218712
partition_by_sign__nl__v2,partition_by_sign,partition,nl,2,"Given a list of numbers, return two lists: negative values first and nonnegative values second, preserving input order within each group.",Build an empty negative list and an empty nonnegative list. Inspect each number and add it to the appropriate list according to its sign. Output both lists.,fast_offsets,False,37,37,32,31,True,0.982840396463871,1.1723544597625732,0.5655242507690381,30.46805229038,1.1349440983706904,1.276373028755188,0.6811744716681961,35.183267049491405,0.7055596055523041,0.6968246102333069,0.9814200805079553,0.22580645161290322,0.03225806451612903,1,1,0.6565563922127088,0.7565570597847303,0.967741935483871,1.3600493322216696
gcd_two__nl__v2,gcd_two,gcd_family,nl,2,"Given two nonnegative integers, compute their greatest common divisor using the Euclidean algorithm.","While the second value is not zero, replace the pair with the second value and the remainder of the first divided by the second. Output the first value when the second becomes zero.",fast_offsets,False,31,31,36,35,True,1.0040709135787829,1.0155558586120605,0.6360503821871569,35.1424819752574,1.153390857577324,1.1079825162887573,0.7960067761123215,40.36868001520634,0.7077423751354217,0.7455576658248901,0.9788640243666512,0.2,0.05714285714285714,3,1,0.6483326773433125,0.7440391559811199,0.9714285714285714,0.9770234266162983
is_subset__python__v3,is_subset,set_relation,python,3,"Given two collections, determine whether every value in the first collection occurs in the second.","def is_subset(element, entry):
    for x in element:
        if x not in entry:
            return False
    return True",fast_offsets,False,27,27,32,31,True,0.6350218932700133,0.13633885979652405,0.8629514559605357,19.685678691370413,0.7981484227948973,0.14140471816062927,1.167634773495452,24.742601106641814,0.8078368762808461,0.9785786271095276,0.9744528993483512,0.6451612903225806,0.3870967741935484,12,4,0.5424064088768016,0.7358765095006674,0.9354838709677419,1.1411376287651365
matrix_find_position__nl__v2,matrix_find_position,matrix_search,nl,2,"Given a matrix and a target value, return the row and column of the first occurrence in row-major order, or minus one for both if absent.","Scan rows from top to bottom and columns from left to right. If a value equals the target, output its row and column indices. If no match exists, output minus one for both indices.",fast_offsets,False,43,43,40,39,True,1.0168498507103858,1.0589768886566162,0.7644538949534397,39.65714417770505,1.1808738703242478,1.1010069847106934,0.9447373771412001,46.05408094264567,0.6667715188784477,0.6739152073860168,0.9760756370348808,0.358974358974359,0.10256410256410256,4,2,0.669608480346046,0.8112465698075922,0.9743589743589743,1.2280918194984014
fibonacci_nth__python__v3,fibonacci_nth,fibonacci,python,3,"Given a nonnegative integer n with F0 equal to zero and F1 equal to one, return Fn iteratively.","def fibonacci_nth(result):
    entry = 0
    x = 1
    for element in range(result):
        entry, x = x, entry + x
    return entry",fast_offsets,False,35,35,46,45,True,0.6484899775435528,0.4682527482509613,0.6742817428342104,29.182048989459872,0.7593057426934441,0.47887516021728516,0.8834596395213908,34.168758421204984,0.7924789153867298,0.8930312395095825,0.9835459921095107,0.4888888888888889,0.2,4,2,0.6616055517542091,0.8195833455009217,0.9111111111111111,1.3632065654214887
contains_target__nl__v1,contains_target,membership_test,nl,1,"Given a list of values and a target, determine whether the target occurs in the list.","Examine the values one by one. If the current value equals the target, return true immediately. If the scan finishes without a match, return false.",fast_offsets,False,28,28,32,31,True,0.8649330137132276,1.0519297122955322,0.6467236158945786,26.812923425110057,0.9330125789471616,1.1015894412994385,0.6960243715116154,28.92338994736201,0.7209646615289873,0.7153406739234924,0.992262726829898,0.3870967741935484,0.16129032258064516,5,2,0.5734473774054398,0.5991556995645321,1.0,0.9920318452964678
invert_unique_map__nl__v2,invert_unique_map,dictionary_transform,nl,2,"Given a dictionary whose values are unique, return a new dictionary mapping each original value to its original key.",Begin with an empty result dictionary. Inspect each key and value in the input and assign the original key under the original value in the result. Output the result.,fast_offsets,False,31,31,33,32,True,0.867198255029507,0.8713220357894897,0.5467288208920066,27.750344160944223,0.9807460950687528,0.9069063365459442,0.637465081637715,31.38387504220009,0.7313083121553063,0.7519739866256714,0.9867242723703384,0.25,0.03125,1,1,0.7600543458134897,0.8800025313131271,0.9375,1.898728227330139
moving_average_three__nl__v1,moving_average_three,sliding_window,nl,1,"Given a list of numbers, return the average of every consecutive window of three values.","Create an empty result list. For each starting index that leaves three values available, add those three values, divide by three, and append the average. Return the result.",fast_offsets,False,27,27,34,33,True,1.1508367626052913,0.8093883991241455,0.7234357717423555,37.97761316597462,1.323694848653042,0.8150844573974609,0.8782815049911066,43.681930005550385,0.6395144110376184,0.7356024384498596,0.9753380724878022,0.12121212121212122,0.0,1,0,0.6839621374383569,0.828303873538971,1.0,1.767224886087757
clamp_values__nl__v1,clamp_values,bounded_numeric_transform,nl,1,"Given a list of numbers and lower and upper bounds, clamp each value into the inclusive interval.","Create an empty result list. Examine each value. Replace values below the lower bound with the lower bound, values above the upper bound with the upper bound, and keep all others unchanged. Return the result.",fast_offsets,False,30,30,44,43,True,0.7147500676990941,0.5093920230865479,0.6189856948745359,30.73425291106105,0.7965204628227756,0.5513739585876465,0.7188969276676813,34.25037990137935,0.7742315911969473,0.8767969012260437,0.989836874396302,0.4883720930232558,0.16279069767441862,8,3,0.5163560133604777,0.5936975292861462,0.9767441860465116,1.268648312741154
bubble_sort_descending__python__v2,bubble_sort_descending,bubble_sort,python,2,"Given a list of numbers, sort it in descending order using bubble sort and return the sorted copy.","def bubble_sort_descending(output):
    current = output[:]
    for item in range(len(current) - 1, 0, -1):
        for value in range(item):
            if current[value] < current[value + 1]:
                current[value], current[value + 1] = current[value + 1], current[value]
    return current",fast_offsets,False,31,31,92,91,True,0.31276536209346945,0.05948612466454506,0.48256437263787255,28.46164795050572,0.3416619737957432,0.059731192886829376,0.551837072555182,31.091239615412633,0.8984254005846086,0.9916897416114807,0.9965061728770916,0.7692307692307693,0.5164835164835165,26,11,0.3041588710223247,0.34171102921738766,0.9560439560439561,0.5846869343349181
flatten_lists__nl__v1,flatten_lists,flatten_one_level,nl,1,"Given a list of lists, flatten exactly one level into a single list.","Create an empty result list. Examine each inner list in order, then append each of its values to the result. Return the result.",fast_offsets,False,26,26,28,27,True,1.041779652789787,0.8654568195343018,0.5868367868455734,28.12805062532425,1.2129900080186349,0.9888045191764832,0.7260040469867555,32.75073021650314,0.6824660334322188,0.7734535336494446,0.9778863037074054,0.14814814814814814,0.0,2,0,0.5567336953603305,0.6980241605868707,0.9629629629629629,1.4966676497349032
frequency_map_items__nl__v2,frequency_map_items,frequency_map,nl,2,"Given a list of hashable values, build a dictionary mapping each value to its occurrence count.","Begin with an empty dictionary. Inspect each value. If it is already a key, increase its count; otherwise build the key with count one. Output the dictionary.",fast_offsets,False,30,30,34,33,True,0.8278483312689897,0.7416336536407471,0.5092540587886487,27.31899493187666,0.884646421467716,0.7560543417930603,0.5403967108297566,29.19333190843463,0.7388783458507422,0.7845028042793274,0.9939681183208119,0.30303030303030304,0.06060606060606061,3,1,0.537877653259784,0.5706037844065577,0.9696969696969697,1.8294927889029637
string_palindrome__python__v2,string_palindrome,palindrome_test,python,2,"Given a string, determine whether it reads the same forward and backward.","def string_palindrome(current):
    item = 0
    value = len(current) - 1
    while item < value:
        if current[item] != current[value]:
            return False
        item += 1
        value -= 1
    return True",fast_offsets,False,24,24,65,64,True,0.4354483251736383,0.10463982447981834,0.6709134826606908,27.86869281111285,0.5334440562660347,0.11048075556755066,0.8914363156217492,34.140419601026224,0.869305026717484,0.9836274087429047,0.985215031541884,0.75,0.453125,34,9,0.44498416827252457,0.5643253098011002,0.9375,0.8026867928531374
contains_target__python__v1,contains_target,membership_test,python,1,"Given a list of values and a target, determine whether the target occurs in the list.","def contains_target(values, target):
    for value in values:
        if value == target:
            return True
    return False",fast_offsets,False,28,28,31,30,True,0.4210674355737865,0.04328729584813118,0.684264913619252,12.632023067213595,0.4829836400303369,0.04430945962667465,0.8045756643740628,14.489509200910106,0.872535465657711,0.9943340420722961,0.9922034025192261,0.7333333333333333,0.5666666666666667,18,7,0.35001878547161047,0.40995095398052245,1.0,0.1939384606880291
matrix_find_position__nl__v3,matrix_find_position,matrix_search,nl,3,"Given a matrix and a target value, return the row and column of the first occurrence in row-major order, or minus one for both if absent.","Scan rows from top to bottom and columns from left to right. Whenever a value equals the target, return its row and column indices. If no match exists, return minus one for both indices.",fast_offsets,False,43,43,40,39,True,0.9899970263433762,0.9497712850570679,0.7805269401098193,38.60988402739167,1.1542379088843098,0.9754481911659241,0.9622541914208024,45.01527844648808,0.6887683394627694,0.7059207558631897,0.9759582174129975,0.358974358974359,0.10256410256410256,4,2,0.6883841273619941,0.8441509413777998,1.0,1.0975153947828147
chunks_fixed_size__python__v2,chunks_fixed_size,chunking,python,2,"Given a list and a positive chunk size, split the list into consecutive chunks of at most that size.","def chunks_fixed_size(output, value):
    item = []
    for current in range(0, len(output), value):
        item.append(output[current:current + value])
    return item",fast_offsets,False,31,31,49,48,True,0.5968336358103746,0.3132566511631012,0.6677583359174097,28.64801451889798,0.7130732254736358,0.34988148510456085,0.8734491243561806,34.22751482273452,0.8110431988413135,0.9266834855079651,0.9836959391832352,0.5833333333333334,0.3333333333333333,9,3,0.5521691363265223,0.6860670194208146,0.8958333333333334,1.3030989593697389
is_strictly_increasing__nl__v2,is_strictly_increasing,monotonicity,nl,2,"Given a list of numbers, determine whether it is strictly increasing.","Inspect each adjacent pair from left to right. If an earlier value is greater than or equal to the following value, output false. Output true if every pair increases.",fast_offsets,False,23,23,34,33,True,1.0098773628247506,1.1747560501098633,0.6039318843022454,33.32595297321677,1.1257999102500351,1.2241653203964233,0.7020064839204057,37.15139703825116,0.6657115121682485,0.6277024745941162,0.9856925877657804,0.2727272727272727,0.06060606060606061,2,1,0.692309363046661,0.7746658709365875,0.9393939393939394,1.9281768040364664
transpose_matrix__nl__v1,transpose_matrix,matrix_transform,nl,1,"Given a non-empty rectangular matrix, return its transpose.","Create an empty result. For every column index, build a new row by taking that column value from each original row. Append each new row and return the result.",fast_offsets,False,24,24,33,32,True,1.245982414809987,1.1968225240707397,0.6138398652363303,39.87143727391958,1.4574746903963387,1.5235736966133118,0.7301150615855665,46.63919009268284,0.6288301278837025,0.66396364569664,0.9717242661863565,0.15625,0.0,2,0,0.621693865426125,0.7686306632334187,0.9375,2.2967889142455533
chunks_pairs__nl__v2,chunks_pairs,chunking,nl,2,"Given a list, split it into consecutive chunks containing at most two elements.",Build an empty result list. Move a starting index through the input two positions at a time. Add the slice containing that position and the next one if present. Output the result.,fast_offsets,False,25,25,36,35,True,1.2816329974148954,1.3040196895599365,0.6677761487270459,44.85715490952134,1.5243668272026947,1.4607759714126587,0.8256501112331345,53.35283895209432,0.6062672227621079,0.6521900296211243,0.9655785117830549,0.11428571428571428,0.05714285714285714,2,2,0.7036864093559629,0.8837644122540951,0.8857142857142857,2.4706318682458783
count_primes_up_to__nl__v1,count_primes_up_to,primality,nl,1,"Given a nonnegative integer n, count how many prime numbers are at most n.","Start a prime counter at zero. For every candidate from two through n, test divisors up to its square root. Increase the counter when no divisor is found. Return the counter.",fast_offsets,False,27,27,39,38,True,1.0921003453825648,1.1680489778518677,0.7244399522685867,41.49981312453747,1.2762230046485599,1.3209918141365051,0.880682987999551,48.49647417664528,0.6575286462903023,0.6614112555980682,0.9749427531894884,0.3157894736842105,0.02631578947368421,3,1,0.8071235990202105,0.9751558255504917,0.9473684210526315,1.9613683456800093
selection_sort_descending__python__v3,selection_sort_descending,selection_sort,python,3,"Given a list of numbers, sort it in descending order using selection sort and return the sorted copy.","def selection_sort_descending(n_count):
    result = n_count[:]
    for x in range(len(result)):
        element = x
        for entry in range(x + 1, len(result)):
            if result[entry] > result[element]:
                element = entry
        result[x], result[element] = result[element], result[x]
    return result",fast_offsets,False,31,31,94,93,True,0.28624940515052705,0.05605648085474968,0.44259449876378676,26.621194678999018,0.3140557719064721,0.05620595067739487,0.4970608076375035,29.207186787301907,0.9091679642918289,0.9910778999328613,0.9969810984467947,0.7311827956989247,0.5376344086021505,17,15,0.33504203652947856,0.37068325470128277,0.967741935483871,0.7190998696624256
count_vowels__python__v3,count_vowels,char_count,python,3,"Given a lowercase string, count how many characters are vowels.","def count_vowels(x):
    entry = 0
    for element in x:
        if element in ""aeiou"":
            entry += 1
    return entry",fast_offsets,False,25,25,42,41,True,0.4889270758040522,0.12391965836286545,0.6527503741567834,20.04601010796614,0.5557058972814802,0.1242264062166214,0.763835590629971,22.783941788540687,0.8491783843534749,0.9757415056228638,0.9912740122981187,0.6585365853658537,0.2682926829268293,7,2,0.5291834443225525,0.5997000058210687,0.9512195121951219,0.8015531791846936
is_subset__nl__v1,is_subset,set_relation,nl,1,"Given two collections, determine whether every value in the first collection occurs in the second.","Examine each value in the first collection. If any value is absent from the second collection, return false. Return true if every value is present.",fast_offsets,False,27,27,30,29,True,0.8378014780966372,0.8788740038871765,0.5425524103913016,24.29624286480248,0.9089294117714825,0.9582000374794006,0.5856468544436743,26.35895294137299,0.7383638856739834,0.7499531507492065,0.9920177171970236,0.27586206896551724,0.10344827586206896,3,2,0.5500712686085275,0.5658131160640291,1.0,0.7857753980969047
partition_by_sign__python__v1,partition_by_sign,partition,python,1,"Given a list of numbers, return two lists: negative values first and nonnegative values second, preserving input order within each group.","def partition_by_sign(values):
    negative = []
    nonnegative = []
    for value in values:
        if value < 0:
            negative.append(value)
        else:
            nonnegative.append(value)
    return negative, nonnegative",fast_offsets,False,37,37,63,62,True,0.3146779489902509,0.016132295597344637,0.5700998142825979,19.510032837395556,0.35985160832323376,0.016331727616488934,0.6914699480875124,22.310799716040492,0.8943906493725315,0.9980695843696594,0.9941967091252727,0.7580645161290323,0.6451612903225806,21,13,0.3693158441665964,0.42887990553977856,1.0,0.3187496805702164
count_above__nl__v1,count_above,threshold_count,nl,1,"Given a list of numbers and a threshold, count the values greater than the threshold.","Start a counter at zero. Examine every value. Whenever the current value is greater than the threshold, increase the counter by one. Return the counter.",fast_offsets,False,27,27,31,30,True,0.8250712798287471,0.5863803625106812,0.6634112413290713,24.752138394862413,0.8871885185440381,0.6351596713066101,0.7252650681760756,26.615655556321144,0.7139684493343036,0.8470546007156372,0.9928200523058573,0.4,0.06666666666666667,8,1,0.6321761348638041,0.6833586435893486,0.9666666666666667,1.421580958055953
adjacent_sums__nl__v2,adjacent_sums,adjacent_transform,nl,2,"Given a list of numbers, create a list containing the sum of each adjacent pair.","Build an empty result list. Starting with the second input value, add it to the preceding value and add the sum. Output the result.",fast_offsets,False,27,27,29,28,True,1.0684545186314998,1.120885193347931,0.5796539579164923,29.916726521681994,1.2118458943275203,1.1851292252540588,0.711034928906022,33.93168504117057,0.6632521386657443,0.6402540504932404,0.9809394883258002,0.21428571428571427,0.03571428571428571,2,1,0.7463696362036798,0.9069613607738305,0.9285714285714286,2.044136060299934
count_primes_up_to__python__v2,count_primes_up_to,primality,python,2,"Given a nonnegative integer n, count how many prime numbers are at most n.","def count_primes_up_to(output):
    value = 0
    for item in range(2, output + 1):
        counter = True
        current = 2
        while current * current <= item:
            if item % current == 0:
                counter = False
                break
            current += 1
        if counter:
            value += 1
    return value",fast_offsets,False,27,27,93,92,True,0.34075577990987094,0.0748225711286068,0.5606596610493431,31.349531751708128,0.40644348003005015,0.07926706597208977,0.7499405415399618,37.392800162764615,0.8942903604196466,0.9888531267642975,0.9906099153601605,0.7717391304347826,0.4782608695652174,45,13,0.3778493192359027,0.47459278282342265,0.9782608695652174,0.6807500102419869
first_even_index__nl__v3,first_even_index,first_match_index,nl,3,"Given a list of integers, return the index of the first even value, or minus one if none exists.","Process the list from the beginning while tracking the current index. Whenever an even value is encountered, return its index. If the end is reached with no match, return minus one.",fast_offsets,False,34,34,37,36,True,0.9865266652729284,0.9872165322303772,0.6972167300051207,35.514959949825425,1.1037614830517366,1.0598766803741455,0.8215221408899254,39.735413389862515,0.6820554956793785,0.7026759386062622,0.9842521018452115,0.3333333333333333,0.027777777777777776,3,1,0.5260732401794355,0.6182485583304826,0.9444444444444444,1.3933792881083111
chunks_pairs__nl__v3,chunks_pairs,chunking,nl,3,"Given a list, split it into consecutive chunks containing at most two elements.",Initialize an empty result list. Move a starting index through the input two positions at a time. Place the slice containing that position and the next one if present. Produce the result.,fast_offsets,False,25,25,37,36,True,1.2842558526123564,1.3930925130844116,0.7351054679198882,46.23321069404483,1.5187880089506507,1.6516078114509583,0.9216352075686064,54.676368322223425,0.6033154469397333,0.5097334384918213,0.9649490349822574,0.19444444444444445,0.05555555555555555,2,2,0.8450266874262264,1.0603238614542143,0.8611111111111112,2.7762787722749636
first_negative_index__python__v1,first_negative_index,first_match_index,python,1,"Given a list of numbers, return the index of the first negative value, or minus one if none exists.","def first_negative_index(values):
    for index, value in enumerate(values):
        if value < 0:
            return index
    return -1",fast_offsets,False,33,33,38,37,True,0.3644810680048682,0.05525696277618408,0.54784753716954,13.485799516180123,0.4113901413582278,0.05545351281762123,0.6522448662742794,15.221435230254428,0.8862331719011873,0.9908093214035034,0.9942361164737392,0.6756756756756757,0.5675675675675675,23,8,0.3278257336880617,0.391611633458524,0.972972972972973,0.4021566540574428
ordered_intersection__nl__v2,ordered_intersection,ordered_intersection,nl,2,"Given two lists, return values from the first list that also occur in the second list, preserving duplicates and order from the first list.","Build an empty result. Inspect each value in the first list. If that value occurs in the second list, add it to the result. Output the result.",fast_offsets,False,40,40,33,32,True,0.8469853450078517,0.7181949615478516,0.6563102281625578,27.103531040251255,0.9903953792527318,0.8101524412631989,0.8080327029807095,31.692652136087418,0.7420715764164925,0.8366390764713287,0.9816929791122675,0.40625,0.0,5,0,0.6150496664547151,0.7271219549640533,1.0,1.1880227472865954
is_prime__python__v3,is_prime,primality,python,3,"Given an integer n, determine whether it is prime.","def is_prime(entry):
    if entry < 2:
        return False
    element = 2
    while element * element <= entry:
        if entry % element == 0:
            return False
        element += 1
    return True",fast_offsets,False,21,21,58,57,True,0.26440308344950736,0.07664096355438232,0.40102294215811646,15.07097575662192,0.2973768971737866,0.07673336565494537,0.4792285837080586,16.950483138905838,0.9292854070663452,0.9881067276000977,0.9962626015930846,0.7894736842105263,0.45614035087719296,28,9,0.27218725727288984,0.30755137410181177,0.9649122807017544,0.6050585041575368
binary_to_integer__python__v3,binary_to_integer,base_conversion,python,3,"Given a string of binary digits, convert it to a nonnegative integer.","def binary_to_integer(x):
    entry = 0
    for element in x:
        entry = entry * 2 + int(element)
    return entry",fast_offsets,False,26,26,39,38,True,0.6239344989390749,0.4317569434642792,0.6506174416940783,23.70951095968485,0.7277454881144589,0.4444736987352371,0.8265696103437565,27.65432854834944,0.804689065406197,0.8801898658275604,0.9852550170923534,0.5,0.3157894736842105,11,3,0.5565369125153568,0.6695316234049765,0.9736842105263158,0.8615569959020879
group_by_first_character__python__v3,group_by_first_character,grouping,python,3,"Given a list of non-empty strings, build a dictionary grouping strings by their first character while preserving input order inside each group.","def group_by_first_character(result):
    element = {}
    for x in result:
        entry = x[0]
        if entry not in element:
            element[entry] = []
        element[entry].append(x)
    return element",fast_offsets,False,38,38,61,60,True,0.4463901124850963,0.15827831625938416,0.6054335523904287,26.78340674910578,0.5159000778434953,0.16013453900814056,0.7344248470720937,30.95400467060972,0.8581521856288116,0.9685037434101105,0.9911064982414246,0.6666666666666666,0.38333333333333336,14,7,0.42147510973203894,0.4917442855717204,0.95,0.9232442819575226
rotate_right_one__python__v3,rotate_right_one,rotation,python,3,"Given a non-empty list, rotate it right by one position.","def rotate_right_one(x):
    element = [x[-1]]
    for entry in x[:-1]:
        element.append(entry)
    return element",fast_offsets,False,25,25,41,40,True,0.5306933770305478,0.22529318928718567,0.5859202509622946,21.22773508122191,0.5982942795119015,0.24890735745429993,0.6895517475025561,23.931771180476062,0.8315137200057506,0.9623129069805145,0.9919019222259522,0.55,0.3,7,4,0.5480394078991734,0.6405285342823331,0.95,1.010239439536599
first_negative_index__nl__v2,first_negative_index,first_match_index,nl,2,"Given a list of numbers, return the index of the first negative value, or minus one if none exists.","Inspect the list from the beginning while tracking the current index. If a negative value is encountered, output its index. When the end is reached with no match, output minus one.",fast_offsets,False,33,33,38,37,True,1.0280823968004789,1.0249261856079102,0.6238041203822249,38.039048681617714,1.1960094589551256,1.1913983821868896,0.7718819502336365,44.25234998133965,0.6849985388485161,0.6996283531188965,0.9780771522908598,0.24324324324324326,0.02702702702702703,3,1,0.4559714879724197,0.5758571206048752,0.918918918918919,1.845071468684182
merge_sorted_descending__nl__v3,merge_sorted_descending,merge_sorted,nl,3,"Given two lists sorted in descending order, merge them into one descending list.",Initialize an empty result and place one index at the start of each list. Repeatedly append the larger current value and advance its index. Place any remaining values and return the result.,fast_offsets,False,27,27,37,36,True,1.1755814206682973,1.1596012115478516,0.6839442824968859,42.320931144058704,1.3930001956307225,1.2506684064865112,0.8730350254439815,50.14800704270601,0.6327515198952622,0.6389375030994415,0.9682371368010839,0.19444444444444445,0.027777777777777776,3,1,0.8712859626327242,1.0470460810831614,0.9444444444444444,2.3621183682892783
selection_sort_ascending__python__v1,selection_sort_ascending,selection_sort,python,1,"Given a list of numbers, sort it in ascending order using selection sort and return the sorted copy.","def selection_sort_ascending(values):
    result = values[:]
    for index in range(len(result)):
        best = index
        for candidate in range(index + 1, len(result)):
            if result[candidate] < result[best]:
                best = candidate
        result[index], result[best] = result[best], result[index]
    return result",fast_offsets,False,31,31,91,90,True,0.2941062203745888,0.026264043524861336,0.5113526899077097,26.469559833712992,0.33009242774100533,0.026552053168416023,0.6234556614899749,29.70831849669048,0.9074288149674733,0.9963721930980682,0.9948902832137214,0.7444444444444445,0.5777777777777777,18,15,0.34536650424575943,0.40290742858052725,0.9888888888888889,0.4262937759137963
group_by_first_character__nl__v3,group_by_first_character,grouping,nl,3,"Given a list of non-empty strings, build a dictionary grouping strings by their first character while preserving input order inside each group.","Initialize with an empty dictionary. Process each string, use its first character as the key, create an empty list for a new key, and append the string to that key's list. Produce the dictionary.",fast_offsets,False,38,38,43,42,True,1.0632910097469686,1.1503053903579712,0.6571129150630224,44.658222409372684,1.2062993081220026,1.2057491540908813,0.8200640031614738,50.66457094112411,0.6635209389385723,0.6659395396709442,0.9788314700126648,0.2857142857142857,0.047619047619047616,3,1,0.7025883196677059,0.810383822201047,0.9285714285714286,1.6984061135801658
running_product__python__v1,running_product,cumulative_scan,python,1,"Given a list of numbers, produce the running product after each position.","def running_product(values):
    product = 1
    result = []
    for value in values:
        product *= value
        result.append(product)
    return result",fast_offsets,False,24,24,42,41,True,0.35818943777121603,0.056543346494436264,0.5576300131054918,14.685766948619857,0.40092724098301513,0.05836356803774834,0.6463940751195171,16.43801688030362,0.8965028484420079,0.9919186234474182,0.9947636781669245,0.7073170731707317,0.5121951219512195,14,10,0.4703785470395815,0.52594050061889,1.0,0.2741705153691838
anti_diagonal_sum__python__v1,anti_diagonal_sum,diagonal_aggregate,python,1,"Given a square matrix, calculate the sum of its anti-diagonal.","def anti_diagonal_sum(matrix):
    total = 0
    size = len(matrix)
    for row in range(size):
        total += matrix[row][size - 1 - row]
    return total",fast_offsets,False,25,25,52,51,True,0.3654495720442284,0.08760731667280197,0.600314287128305,18.63792817425565,0.4073369038798025,0.08847211301326752,0.7064157235951976,20.774182097869925,0.8908697790374943,0.9850742816925049,0.9939843322716507,0.7450980392156863,0.47058823529411764,14,5,0.43070280460990035,0.4941020360821858,1.0,0.38546726825270705
chunks_pairs__python__v1,chunks_pairs,chunking,python,1,"Given a list, split it into consecutive chunks containing at most two elements.","def chunks_pairs(values):
    result = []
    for start in range(0, len(values), 2):
        result.append(values[start:start + 2])
    return result",fast_offsets,False,25,25,48,47,True,0.4390823139104388,0.12354123592376709,0.601068172355838,20.636868753790623,0.5100296836035534,0.1238996759057045,0.7552690901015666,23.97139512936701,0.8596550131097753,0.9737531542778015,0.9903872989593668,0.6170212765957447,0.3404255319148936,7,3,0.48595170271405747,0.58129164998536,0.9574468085106383,0.6599769689341013
matrix_find_position__python__v3,matrix_find_position,matrix_search,python,3,"Given a matrix and a target value, return the row and column of the first occurrence in row-major order, or minus one for both if absent.","def matrix_find_position(entry, result):
    for x in range(len(entry)):
        for element in range(len(entry[x])):
            if entry[x][element] == result:
                return x, element
    return -1, -1",fast_offsets,False,43,43,63,62,True,0.3768178381874496,0.10344067960977554,0.5336608744313017,23.362705967621878,0.4408082374720834,0.11010713875293732,0.6759240250178533,27.330110723269172,0.8810255902428781,0.9833679795265198,0.9916120450342855,0.6935483870967742,0.45161290322580644,12,5,0.360142216658922,0.42621458618764263,0.9516129032258065,1.016735357043217
list_divisors__python__v3,list_divisors,divisors,python,3,"Given a positive integer n, return all positive divisors of n in increasing order.","def list_divisors(entry):
    x = []
    for element in range(1, entry + 1):
        if entry % element == 0:
            x.append(element)
    return x",fast_offsets,False,27,27,50,49,True,0.386925660679592,0.13324783742427826,0.5344672400842707,18.95935737330001,0.45951483249949404,0.13553251326084137,0.6982975542141083,22.51622679247521,0.8915797137484258,0.9792681932449341,0.9905229101375658,0.6938775510204082,0.40816326530612246,16,8,0.3614727959162944,0.44680804783517186,0.9183673469387755,0.9798978387269165
insertion_sort_ascending__nl__v2,insertion_sort_ascending,insertion_sort,nl,2,"Given a list of numbers, sort it in ascending order using insertion sort and return the sorted copy.","Copy the list. Starting with the second element, shift larger earlier values one position right until the current value can be inserted in order. Output the copy.",fast_offsets,False,32,32,31,30,True,1.2773715804020565,1.1742398142814636,0.5908221379526704,38.32114741206169,1.4601341346899668,1.3296297788619995,0.6973902991953832,43.804024040699005,0.6185705532630285,0.6579476594924927,0.9745518346627553,0.13333333333333333,0.0,2,0,0.5726237399824734,0.6843051910400391,0.9333333333333333,2.4124889192481835
scan_min__python__v1,scan_min,scan_extremum,python,1,"Given a non-empty list of numbers, find the smallest value by scanning the list once.","def scan_min(values):
    best = values[0]
    for value in values[1:]:
        if value < best:
            best = value
    return best",fast_offsets,False,30,30,41,40,True,0.4560599485121202,0.08256169781088829,0.658848440576194,18.242397940484807,0.5260651247110217,0.08782118186354637,0.7863267255209166,21.04260498844087,0.8543089926242828,0.9876682758331299,0.9909636065363884,0.65,0.5,13,5,0.41548020016545284,0.4889887698615591,0.975,0.6359554777118319
filter_mapping_by_value__python__v1,filter_mapping_by_value,dictionary_transform,python,1,"Given a dictionary with numeric values and a threshold, return a new dictionary containing only entries whose value is greater than the threshold.","def filter_mapping_by_value(mapping, threshold):
    result = {}
    for key, value in mapping.items():
        if value > threshold:
            result[key] = value
    return result",fast_offsets,False,36,36,48,47,True,0.29238969465455117,0.03489461541175842,0.5119656321429568,13.742315648763906,0.3285388336219686,0.035331256687641144,0.6006892168181501,15.441325180232525,0.9153642920737571,0.9953197240829468,0.9957099671059466,0.7659574468085106,0.5531914893617021,26,21,0.3365341520832811,0.3847253639149763,0.9787234042553191,0.4643466397708138
least_frequent__python__v1,least_frequent,mode_selection,python,1,"Given a non-empty list, return a value with the lowest occurrence count, choosing the first such value on ties.","def least_frequent(values):
    counts = {}
    for value in values:
        counts[value] = counts.get(value, 0) + 1
    best = values[0]
    for value in values:
        if counts[value] < counts[best]:
            best = value
    return best",fast_offsets,False,35,35,76,75,True,0.4119073586066952,0.08398012071847916,0.6206243960019561,30.89305189550214,0.48382127914684436,0.08428458869457245,0.7773187284898333,36.28659593601333,0.8660138203700384,0.9840517044067383,0.9905272571245829,0.72,0.48,17,6,0.4116382221954818,0.5051452485898374,1.0,0.39954894291966414
count_divisors__python__v2,count_divisors,divisors,python,2,"Given a positive integer n, count its positive divisors.","def count_divisors(current):
    item = 0
    for value in range(1, current + 1):
        if current % value == 0:
            item += 1
    return item",fast_offsets,False,22,22,49,48,True,0.4112599983345717,0.11447130143642426,0.5743182037817558,19.740479920059443,0.47778423183020396,0.12448776513338089,0.7159406142319785,22.93364312784979,0.8735944020251433,0.9797671139240265,0.9913102351129055,0.7083333333333334,0.4166666666666667,13,8,0.37806650346263926,0.45428604782965193,0.9583333333333334,0.9079478724724291
insertion_sort_descending__nl__v2,insertion_sort_descending,insertion_sort,nl,2,"Given a list of numbers, sort it in descending order using insertion sort and return the sorted copy.","Copy the list. Starting with the second element, shift smaller earlier values one position right until the current value can be inserted in order. Output the copy.",fast_offsets,False,32,32,31,30,True,1.3205263366301854,1.2729753255844116,0.5805776380730854,39.61579009890556,1.518580961227417,1.3789172768592834,0.687488292014826,45.55742883682251,0.6065469294786453,0.5949501991271973,0.9723754405975342,0.1,0.0,2,0,0.5317376749268894,0.6484422190436001,0.8666666666666667,2.540325765311718
is_prime__python__v1,is_prime,primality,python,1,"Given an integer n, determine whether it is prime.","def is_prime(n):
    if n < 2:
        return False
    divisor = 2
    while divisor * divisor <= n:
        if n % divisor == 0:
            return False
        divisor += 1
    return True",fast_offsets,False,21,21,63,62,True,0.17627806844921584,0.02945883572101593,0.3162557480182119,10.929240243851382,0.18540361404220382,0.03293273597955704,0.33740120096505155,11.495024070616637,0.943368116694112,0.9962064027786255,0.9991454626283338,0.8387096774193549,0.6612903225806451,31,15,0.2168282253257873,0.2242458495767081,1.0,0.1682426010605622
count_divisors__nl__v1,count_divisors,divisors,nl,1,"Given a positive integer n, count its positive divisors.","Start a counter at zero. Examine every integer from one through n. If n is divisible by the current integer, increase the counter. Return the counter.",fast_offsets,False,22,22,33,32,True,1.1929426572751254,1.3428062796592712,0.6219118467638917,38.17416503280401,1.3621474374085665,1.4447330832481384,0.7752311230467913,43.58871799707413,0.6302131125703454,0.6045885682106018,0.9765227735042572,0.1875,0.0,2,0,0.7246152974905506,0.9052067437479573,0.96875,1.6038015777885448
linear_first_index__python__v2,linear_first_index,linear_search,python,2,"Given a list and a target, return the index of the first target occurrence or minus one if absent.","def linear_first_index(output, value):
    for item, current in enumerate(output):
        if current == value:
            return item
    return -1",fast_offsets,False,33,33,39,38,True,0.5144831954944253,0.21795214712619781,0.6147626322675949,19.550361428788165,0.5926539077971891,0.22742848098278046,0.7462113312883456,22.520848496293183,0.8291392600850055,0.9603520631790161,0.990492969751358,0.6052631578947368,0.3157894736842105,12,3,0.41255887082268206,0.49239017449734684,0.9736842105263158,1.3917864861848916
insertion_sort_descending__python__v2,insertion_sort_descending,insertion_sort,python,2,"Given a list of numbers, sort it in descending order using insertion sort and return the sorted copy.","def insertion_sort_descending(counter):
    output = counter[:]
    for value in range(1, len(output)):
        item = output[value]
        current = value - 1
        while current >= 0 and output[current] < item:
            output[current + 1] = output[current]
            current -= 1
        output[current + 1] = item
    return output",fast_offsets,False,32,32,97,96,True,0.27214952948186993,0.04449931159615517,0.4338354601839941,26.126354830259515,0.3017863207427733,0.0445951484143734,0.5061363447742208,28.971486791306233,0.9145749776313702,0.9943393468856812,0.9965614477793375,0.75,0.5520833333333334,38,11,0.30751929194344774,0.3484145919833712,0.9583333333333334,0.5321124507723288
invert_unique_map__python__v1,invert_unique_map,dictionary_transform,python,1,"Given a dictionary whose values are unique, return a new dictionary mapping each original value to its original key.","def invert_unique_map(mapping):
    result = {}
    for key, value in mapping.items():
        result[value] = key
    return result",fast_offsets,False,31,31,38,37,True,0.35476493541264553,0.13221587240695953,0.5056295792478567,13.126302610267885,0.39927140604924866,0.13979363441467285,0.6180728358865408,14.7730420238222,0.888725468435803,0.978681743144989,0.9944172388798481,0.7027027027027027,0.43243243243243246,9,5,0.3924830653122626,0.4460725605442551,0.972972972972973,0.8225986706575723
factorial_iterative__python__v3,factorial_iterative,factorial_product,python,3,"Given a nonnegative integer n, compute n factorial iteratively.","def factorial_iterative(element):
    entry = 1
    for x in range(2, element + 1):
        entry *= x
    return entry",fast_offsets,False,24,24,38,37,True,0.4329505125815804,0.20990554988384247,0.5251036261227003,16.019168965518475,0.5047943309402546,0.22575624287128448,0.6723346611701698,18.67739024478942,0.8777233748822599,0.9644391536712646,0.9903300001814559,0.6486486486486487,0.32432432432432434,6,6,0.46984154710339177,0.5458140201970108,0.9459459459459459,1.043055908763907
bubble_sort_descending__nl__v3,bubble_sort_descending,bubble_sort,nl,3,"Given a list of numbers, sort it in descending order using bubble sort and return the sorted copy.","Proceed as follows. Copy the input list. Repeatedly scan adjacent pairs and swap them when the left value is less than the right value. After enough passes, return the copy.",fast_offsets,False,31,31,38,37,True,1.1665504658846437,1.3364108800888062,0.7331816360093569,43.162367237731814,1.369480583967792,1.4163129329681396,0.9040240935798938,50.670781606808305,0.6428209837224033,0.5972099900245667,0.9695726391431447,0.2702702702702703,0.08108108108108109,3,1,0.8284526145499613,0.9933876895035306,0.8648648648648649,2.280840485756336
partition_by_sign__python__v2,partition_by_sign,partition,python,2,"Given a list of numbers, return two lists: negative values first and nonnegative values second, preserving input order within each group.","def partition_by_sign(output):
    item = []
    value = []
    for current in output:
        if current < 0:
            item.append(current)
        else:
            value.append(current)
    return item, value",fast_offsets,False,37,37,60,59,True,0.45373598483225364,0.06643520295619965,0.6800104637853909,26.770423105102964,0.5332943881561948,0.07170204818248749,0.8365610993020725,31.464368901215494,0.8564319979336302,0.9905245304107666,0.9897183341495062,0.7288135593220338,0.5254237288135594,20,10,0.4732709829695523,0.5672300350772024,0.9322033898305084,0.8349922224726346
rotate_left_one__nl__v2,rotate_left_one,rotation,nl,2,"Given a non-empty list, rotate it left by one position.","Build an empty result list. Add every element except the first in original order, then add the original first element. Output the result.",fast_offsets,False,25,25,27,26,True,1.0827620166998644,0.8467828035354614,0.5801307433019859,28.151812434196472,1.2935843490637267,1.134160041809082,0.7547380829312975,33.63319307565689,0.6552049322770193,0.7117249667644501,0.9709551265606513,0.15384615384615385,0.0,4,0,0.561211576461792,0.673854010105133,0.9615384615384616,2.2528571287313333
rotate_right_one__nl__v3,rotate_right_one,rotation,nl,3,"Given a non-empty list, rotate it right by one position.","Initialize an empty result list. Place the original last element, then append every earlier element in original order. Produce the result.",fast_offsets,False,25,25,26,25,True,1.3618013203144073,1.4977612495422363,0.6548910745522453,34.045033007860184,1.6511818993091583,1.7010717391967773,0.8666308693551381,41.27954748272896,0.5774741131067276,0.49466079473495483,0.9573200750350952,0.16,0.0,1,0,0.7540437603990237,0.9911027525862058,0.88,2.862266204357147
product_one_to_n__nl__v2,product_one_to_n,factorial_product,nl,2,"Given a positive integer n, compute the product of all integers from one through n.","Begin a product at one. Inspect every integer from one through n, multiplying it into the product. Output the final product.",fast_offsets,False,28,28,27,26,True,1.3016314913447087,1.410180687904358,0.6165456058312067,33.842418774962425,1.5072465848464232,1.5908968448638916,0.7752815332729082,39.188411206007004,0.5643593497001208,0.5114877969026566,0.9717357479608976,0.11538461538461539,0.0,1,0,0.7663259947299957,0.9480054163932801,0.9615384615384616,1.7377620521359718
digit_sum__python__v1,digit_sum,digit_aggregate,python,1,"Given a nonnegative integer, compute the sum of its decimal digits.","def digit_sum(number):
    total = 0
    while number > 0:
        total += number % 10
        number //= 10
    return total",fast_offsets,False,25,25,42,41,True,0.3181576048792056,0.05124061927199364,0.5254633662670788,13.04446180004743,0.35418366711737914,0.05271357297897339,0.6004478819037294,14.521530351812544,0.9059553211782037,0.9931014776229858,0.9957703599115697,0.7804878048780488,0.5365853658536586,9,7,0.40718366704750225,0.45378625658013333,1.0,0.2313825230101806
is_subset__nl__v3,is_subset,set_relation,nl,3,"Given two collections, determine whether every value in the first collection occurs in the second.","Process each value in the first collection. If any value is absent from the second collection, return false. Produce true if every value is present.",fast_offsets,False,27,27,30,29,True,0.9728068736349714,0.9560617208480835,0.6096570879638206,28.21139933541417,1.076538685709238,1.068288803100586,0.6713083560635866,31.219621885567904,0.684882026294182,0.6527042984962463,0.9880839750684541,0.27586206896551724,0.06896551724137931,3,2,0.5413339231163263,0.5542175743196692,0.9655172413793104,1.345089954316038
reverse_list__nl__v2,reverse_list,reverse_sequence,nl,2,"Given a list, create a new list containing the same values in reverse order.",Build an empty result list. Inspect the input from the last position to the first and add each value to the result. Output the result.,fast_offsets,False,26,26,29,28,True,1.062787749405418,1.0438991785049438,0.6017727181856495,29.758056983351707,1.1950511767395906,1.1284978985786438,0.6893619844139386,33.461432948708534,0.6576446108520031,0.6491732895374298,0.9835696710007531,0.25,0.0,2,0,0.674205853983208,0.7619832080823404,0.9285714285714286,1.810774285811931
bubble_sort_ascending__python__v3,bubble_sort_ascending,bubble_sort,python,3,"Given a list of numbers, sort it in ascending order using bubble sort and return the sorted copy.","def bubble_sort_ascending(result):
    x = result[:]
    for element in range(len(x) - 1, 0, -1):
        for entry in range(element):
            if x[entry] > x[entry + 1]:
                x[entry], x[entry + 1] = x[entry + 1], x[entry]
    return x",fast_offsets,False,31,31,92,91,True,0.2945473012380487,0.05346434935927391,0.4987958221706583,26.80380441266243,0.3328336584931054,0.05494605004787445,0.6132574432972802,30.28786292287259,0.9055206046982126,0.9921855330467224,0.9949397163076715,0.7912087912087912,0.5274725274725275,26,20,0.3359866378271868,0.38995069460183407,0.9560439560439561,0.660260777233851
scan_max__python__v1,scan_max,scan_extremum,python,1,"Given a non-empty list of numbers, find the largest value by scanning the list once.","def scan_max(values):
    best = values[0]
    for value in values[1:]:
        if value > best:
            best = value
    return best",fast_offsets,False,30,30,41,40,True,0.445137318741763,0.07689975574612617,0.6386499949259979,17.80549274967052,0.5105182713072282,0.08170881867408752,0.7571767571821139,20.420730852289125,0.8608436591923236,0.9888925850391388,0.9917783305048943,0.675,0.5,13,5,0.4231245893483552,0.49964649150243556,0.975,0.581218852325037
linear_last_index__nl__v3,linear_last_index,linear_search,nl,3,"Given a list and a target, return the index of the last target occurrence or minus one if absent.","Initialize a saved index at minus one. Process the list from left to right. For any case in which a value equals the target, replace the saved index with the current index. Produce the saved index after the scan.",fast_offsets,False,33,33,46,45,True,1.1029662680087817,1.1525723934173584,0.7435700930924177,49.63348206039518,1.293051851975421,1.3047819137573242,0.8900266062301483,58.18733333889395,0.6680866493119134,0.7119191884994507,0.9745693710115221,0.26666666666666666,0.08888888888888889,2,1,0.7756545879370109,0.9249065040441399,0.9111111111111111,2.0311700328550715
partition_by_sign__nl__v1,partition_by_sign,partition,nl,1,"Given a list of numbers, return two lists: negative values first and nonnegative values second, preserving input order within each group.",Create an empty negative list and an empty nonnegative list. Examine each number and append it to the appropriate list according to its sign. Return both lists.,fast_offsets,False,37,37,32,31,True,0.8202489071315334,0.7985317707061768,0.560500807192993,25.427716121077538,0.9080416035027273,0.8190107345581055,0.6405319438879901,28.149289708584547,0.7484691801571077,0.8096907734870911,0.9895090595368417,0.2903225806451613,0.0967741935483871,1,1,0.8261188457409541,0.901142546782891,0.967741935483871,1.0938399608937963
remove_digits__nl__v2,remove_digits,string_filter,nl,2,"Given a string, return a new string with all decimal digits removed.","Begin with an empty result string. Inspect each character. If it is not a decimal digit, add it to the result. Output the result.",fast_offsets,False,25,25,30,29,True,0.860432067051016,0.8955638408660889,0.5465651741491557,24.952529944479465,0.9882250047963241,0.9530105590820312,0.6608275897844269,28.6585251390934,0.7262678691025438,0.705690324306488,0.9848257056598005,0.27586206896551724,0.0,3,0,0.5873458082122462,0.6806931357298579,1.0,1.2002853785224001
ordered_unique_intersection__nl__v2,ordered_unique_intersection,ordered_intersection,nl,2,"Given two lists, return distinct values from the first list that also occur in the second list, preserving first-list order.","Build an empty result. Inspect each value in the first list. If it occurs in the second list and is not already in the result, add it. Output the result.",fast_offsets,False,36,36,36,35,True,0.8551680371165276,0.5815209150314331,0.6560619795397435,29.930881299078465,0.9759176726852145,0.7029504776000977,0.7646166379828291,34.157118543982506,0.7277241766452789,0.8676338791847229,0.9853667650903974,0.37142857142857144,0.0,4,0,0.6187275056453312,0.6835684241617427,1.0,1.2747967296413012
matrix_column_sums__python__v2,matrix_column_sums,matrix_aggregate,python,2,"Given a non-empty rectangular matrix of numbers, return a list containing the sum of each column.","def matrix_column_sums(value):
    current = []
    for item in range(len(value[0])):
        counter = 0
        for output in value:
            counter += output[item]
        current.append(counter)
    return current",fast_offsets,False,31,31,62,61,True,0.4336610650910889,0.09871761500835419,0.650568849049121,26.453324970556423,0.5072220140079525,0.10711204260587692,0.8155154589333632,30.940542854485102,0.8637693328935592,0.9861466288566589,0.9888791647113737,0.7213114754098361,0.4262295081967213,17,7,0.4513596811409419,0.5388676334133682,0.9508196721311475,0.9388562630653022
count_unique_words__nl__v2,count_unique_words,word_count,nl,2,"Given a string containing words separated by whitespace, count the distinct words.","Split the string on whitespace, place the words into a set, and output the size of the set.",fast_offsets,False,25,25,22,21,True,0.8220462618129594,0.8328689336776733,0.5848782194848223,17.262971498072147,0.8896979409314337,0.8677008152008057,0.6663388969141704,18.683656759560108,0.7352601970945086,0.7583021521568298,0.9915249234154111,0.38095238095238093,0.047619047619047616,4,1,0.6616414539515972,0.7476991377770901,0.9523809523809523,1.0296322811572325
flatten_lists__nl__v3,flatten_lists,flatten_one_level,nl,3,"Given a list of lists, flatten exactly one level into a single list.","Initialize an empty result list. Process each inner list in order, then append each of its values to the result. Produce the result.",fast_offsets,False,26,26,28,27,True,1.1544766177733738,1.245988368988037,0.6177599001403065,31.170868679881096,1.3403153750631545,1.3701859712600708,0.7506932331049784,36.18851512670517,0.6367757265214566,0.6720674633979797,0.9758390651808845,0.18518518518518517,0.0,2,0,0.6250828126302133,0.7765383491149316,0.8888888888888888,1.8210879243496392
contains_target__nl__v2,contains_target,membership_test,nl,2,"Given a list of values and a target, determine whether the target occurs in the list.","Inspect the values one by one. When the current value equals the target, output true immediately. When the scan finishes without a match, output false.",fast_offsets,False,28,28,32,31,True,0.9935589865067853,1.1466951370239258,0.6675975958623048,30.800328581710346,1.1053522611938176,1.2295514345169067,0.7625356672354011,34.26592009700835,0.6748507830404467,0.6519674062728882,0.9863880084406945,0.3225806451612903,0.16129032258064516,3,2,0.5974968309747055,0.6623623839269082,0.967741935483871,1.7466673741965355
string_palindrome__nl__v2,string_palindrome,palindrome_test,nl,2,"Given a string, determine whether it reads the same forward and backward.",Set one index at the beginning and another at the end. Compare the two characters and move both indices inward. Output false on a mismatch; output true if all mirrored pairs match.,fast_offsets,False,24,24,41,40,True,1.2532299104495905,1.234627604484558,0.6997016611280099,50.12919641798362,1.4661835064645856,1.4357065558433533,0.8898535944056712,58.64734025858343,0.5874422643333673,0.5637993216514587,0.969976469874382,0.15,0.1,2,2,0.762470262292295,0.9276814924027675,0.925,1.9485285237511563
count_odd__python__v1,count_odd,parity_count,python,1,"Given a list of integers, count how many values are odd.","def count_odd(values):
    count = 0
    for value in values:
        if value % 2 != 0:
            count += 1
    return count",fast_offsets,False,24,24,41,40,True,0.3371998656402866,0.06637735292315483,0.5332123592789567,13.487994625611464,0.36667417005373865,0.06679769605398178,0.6000332390386759,14.666966802149545,0.895001458376646,0.9895605146884918,0.9963573262095451,0.75,0.5,13,5,0.34514165443266764,0.37807217786291564,1.0,0.21370865141834655
merge_sorted_ascending__nl__v2,merge_sorted_ascending,merge_sorted,nl,2,"Given two lists sorted in ascending order, merge them into one ascending list.",Build an empty result and place one index at the start of each list. Repeatedly add the smaller current value and advance its index. Add any remaining values and output the result.,fast_offsets,False,27,27,37,36,True,1.1969453968211181,1.2084108591079712,0.6066266369810676,43.09003428556025,1.423568785811464,1.354454219341278,0.7784084895135016,51.248476289212704,0.6354570769601398,0.6485975980758667,0.9687480860286288,0.1388888888888889,0.027777777777777776,1,1,0.728438716594662,0.8658988726990563,0.9166666666666666,2.3332722211424777
invert_unique_map__nl__v3,invert_unique_map,dictionary_transform,nl,3,"Given a dictionary whose values are unique, return a new dictionary mapping each original value to its original key.",Initialize with an empty result dictionary. Process each key and value in the input and assign the original key under the original value in the result. Produce the result.,fast_offsets,False,31,31,33,32,True,0.8852690497878939,0.8842219114303589,0.5349888926737766,28.328609593212605,0.982674348517321,0.9434390664100647,0.6028709441674508,31.445579152554274,0.7196102291345596,0.7364705502986908,0.988889304921031,0.25,0.09375,2,1,0.6649047708319079,0.7634619486428076,0.875,2.2475931945518823
list_palindrome__nl__v3,list_palindrome,palindrome_test,nl,3,"Given a list, determine whether its values read the same forward and backward.",Set one index at the beginning and another at the end. Compare the two values and move both indices inward. Produce false on a mismatch; return true if all mirrored pairs match.,fast_offsets,False,25,25,42,41,True,1.2588175407315536,1.407384991645813,0.724703867630268,51.6115191699937,1.4932371720035629,1.6215870380401611,0.9182619279740876,61.22272405214608,0.5935117555100743,0.5547453761100769,0.967516814790121,0.17073170731707318,0.0975609756097561,2,2,0.764295564731583,0.9455102291889489,0.926829268292683,2.0264673460389933
absolute_values__python__v2,absolute_values,element_transform,python,2,"Given a list of numbers, create a list containing the absolute value of each element.","def absolute_values(current):
    item = []
    for value in current:
        item.append(abs(value))
    return item",fast_offsets,False,27,27,33,32,True,0.4618071549193701,0.10104689747095108,0.5927595443547778,14.777828957419842,0.5259648418359575,0.10336428135633469,0.6975871228620285,16.83087493875064,0.8627554252743721,0.983327329158783,0.9923466891050339,0.6875,0.4375,11,4,0.4592558786333088,0.5254262158076369,0.9375,1.1372899572334063
main_diagonal_sum__nl__v2,main_diagonal_sum,diagonal_aggregate,nl,2,"Given a square matrix, calculate the sum of its main diagonal.","Begin a total at zero. For every index, add the matrix element whose row and column both equal that index. Output the total.",fast_offsets,False,23,23,27,26,True,1.294805764578856,1.3469291925430298,0.6174836861424744,33.664949879050255,1.5068306240897913,1.4622520208358765,0.7940509214801637,39.17759622633457,0.5902449477177399,0.5512158274650574,0.9698340250895574,0.11538461538461539,0.0,1,0,0.7365349161624909,0.9142812883853912,0.8846153846153846,2.329377912199841
absolute_values__nl__v1,absolute_values,element_transform,nl,1,"Given a list of numbers, create a list containing the absolute value of each element.","Create an empty result list. Examine each input number, compute its absolute value, and append that value to the result. Return the result.",fast_offsets,False,27,27,29,28,True,0.7383287684725863,0.565795287489891,0.6079385769186398,20.673205517232418,0.8099249431065151,0.6126817464828491,0.7299293434585088,22.677898406982422,0.7627969043595451,0.8605025410652161,0.9894981703587941,0.42857142857142855,0.03571428571428571,4,1,0.5093841994250262,0.6036781304412417,0.9642857142857143,1.398462742034878
count_vowels__python__v1,count_vowels,char_count,python,1,"Given a lowercase string, count how many characters are vowels.","def count_vowels(text):
    count = 0
    for char in text:
        if char in ""aeiou"":
            count += 1
    return count",fast_offsets,False,25,25,42,41,True,0.3560741260199149,0.08008516579866409,0.5042734526221047,14.59903916681651,0.38491025174507965,0.08351536095142365,0.5556847975036525,15.781320321548264,0.8877284635857838,0.9885204434394836,0.9969649562021581,0.7317073170731707,0.4878048780487805,10,3,0.39545986605226063,0.42833249221148434,1.0,0.335729930041519
selection_sort_descending__python__v1,selection_sort_descending,selection_sort,python,1,"Given a list of numbers, sort it in descending order using selection sort and return the sorted copy.","def selection_sort_descending(values):
    result = values[:]
    for index in range(len(result)):
        best = index
        for candidate in range(index + 1, len(result)):
            if result[candidate] > result[best]:
                best = candidate
        result[index], result[best] = result[best], result[index]
    return result",fast_offsets,False,31,31,91,90,True,0.27007808829205004,0.027084186673164368,0.4512400756358461,24.307027946284506,0.2933992316503362,0.027216557413339615,0.5164674866174095,26.40593084853026,0.9173287017477884,0.9961988627910614,0.997007202439838,0.7444444444444445,0.5666666666666667,28,15,0.3032312943231252,0.33796638131908174,0.9888888888888889,0.39825674902521213
flatten_pairs__nl__v3,flatten_pairs,flatten_one_level,nl,3,"Given a list of two-element pairs, flatten the pairs into one list in pair order.",Initialize an empty result list. Process each pair in order and append its first value followed by its second value. Produce the result.,fast_offsets,False,30,30,27,26,True,0.8806967629263034,0.8085151612758636,0.5162853398075655,22.89811583608389,0.9595373934851243,0.8721533715724945,0.5708405415124155,24.94797223061323,0.737698481633113,0.7893872857093811,0.9913206856984359,0.23076923076923078,0.038461538461538464,2,1,0.5970835191011429,0.6534959083795547,0.9230769230769231,1.8321372690037465
count_below__python__v3,count_below,threshold_count,python,3,"Given a list of numbers and a threshold, count the values less than the threshold.","def count_below(result, entry):
    element = 0
    for x in result:
        if x < entry:
            element += 1
    return element",fast_offsets,False,27,27,40,39,True,0.6190122905715655,0.41152718663215637,0.6298828580743446,24.141479332291055,0.7363987552548329,0.42832139134407043,0.8277841183892342,28.719551454938482,0.8209576847461554,0.9175310134887695,0.984427578938313,0.5128205128205128,0.23076923076923078,9,2,0.5868432468728555,0.7467353897028308,0.9230769230769231,1.2513665554525244
selection_sort_descending__nl__v2,selection_sort_descending,selection_sort,nl,2,"Given a list of numbers, sort it in descending order using selection sort and return the sorted copy.","Copy the list. For each position, find the largest value in the remaining suffix and swap it into the current position. Output the copy.",fast_offsets,False,31,31,28,27,True,1.139338434846313,1.3396351337432861,0.557397755419697,30.76213774085045,1.269567884504795,1.4218100309371948,0.6381389918346564,34.27833288162947,0.6437310344643064,0.629730224609375,0.9830532449263113,0.2222222222222222,0.0,2,0,0.6685745395146884,0.7808581802707452,0.9259259259259259,1.8586823052416246
remove_digits__python__v1,remove_digits,string_filter,python,1,"Given a string, return a new string with all decimal digits removed.","def remove_digits(text):
    result = """"
    for char in text:
        if not char.isdigit():
            result += char
    return result",fast_offsets,False,25,25,39,38,True,0.3496111747762801,0.06861936673521996,0.523003239216239,13.285224641498644,0.4083248082269596,0.07355642877519131,0.6461985684280079,15.516342712624464,0.8984694018175727,0.989891767501831,0.9929030161154898,0.7368421052631579,0.5,15,5,0.41964846352002005,0.47754665521741213,1.0,0.3232150336089513
keep_letters__nl__v3,keep_letters,string_filter,nl,3,"Given a string, return a new string containing only alphabetic characters.","Initialize with an empty result string. Process each character. If it is alphabetic, append it to the result. Produce the result.",fast_offsets,False,26,26,30,29,True,0.8746210687777733,0.8807649612426758,0.5607498768663002,25.36401099455543,0.9685737517188656,0.9779455661773682,0.6272126226996299,28.088638799847104,0.6944094038215177,0.7624322772026062,0.989462766154059,0.27586206896551724,0.10344827586206896,3,2,0.6148804915636512,0.6792525123122947,0.896551724137931,1.5402003337846415
list_palindrome__nl__v2,list_palindrome,palindrome_test,nl,2,"Given a list, determine whether its values read the same forward and backward.",Set one index at the beginning and another at the end. Compare the two values and move both indices inward. Output false on a mismatch; output true if all mirrored pairs match.,fast_offsets,False,25,25,41,40,True,1.3071949869976378,1.4225264191627502,0.7030196007339932,52.287799479905516,1.535448089032434,1.6106206774711609,0.8896609912002333,61.41792356129736,0.5732364609837532,0.5491659939289093,0.9681314527988434,0.15,0.1,2,2,0.6809418437142785,0.8404063936322927,0.925,1.961491160771402
list_divisors__nl__v1,list_divisors,divisors,nl,1,"Given a positive integer n, return all positive divisors of n in increasing order.","Create an empty result list. Examine every integer from one through n. If n is divisible by the current integer, append it. Return the result.",fast_offsets,False,27,27,32,31,True,1.1336308837898317,1.0797388553619385,0.5934408371737813,35.14255739748478,1.292390832016545,1.187727451324463,0.7249920882523488,40.064115792512894,0.6399992492891127,0.6298930644989014,0.9786372819254475,0.16129032258064516,0.0,2,0,0.6762600352366765,0.8313201040029525,0.967741935483871,1.8837883349267706
rotate_left_one__python__v3,rotate_left_one,rotation,python,3,"Given a non-empty list, rotate it left by one position.","def rotate_left_one(x):
    element = []
    for entry in x[1:]:
        element.append(entry)
    element.append(x[0])
    return element",fast_offsets,False,25,25,47,46,True,0.4189404893271706,0.14703432470560074,0.5622365453665493,19.271262509049848,0.48202182986753306,0.1528434231877327,0.6891787911219868,22.17300417390652,0.8814085119444391,0.9713765978813171,0.9919296321661576,0.6739130434782609,0.2826086956521739,17,6,0.42221912279104196,0.5119204463126759,0.9565217391304348,0.8932428688444223
reverse_list__nl__v3,reverse_list,reverse_sequence,nl,3,"Given a list, create a new list containing the same values in reverse order.",Initialize an empty result list. Process the input from the last position to the first and append each value to the result. Produce the result.,fast_offsets,False,26,26,29,28,True,0.9325882989381041,1.058185338973999,0.5905076467236072,26.112472370266914,1.0070927334683282,1.155587911605835,0.6467029612244128,28.19859653711319,0.6916005717856544,0.6750933825969696,0.9912346473761967,0.32142857142857145,0.03571428571428571,3,1,0.6302572389443716,0.6905516650941637,0.9285714285714286,1.8136353712096545
reverse_list__nl__v1,reverse_list,reverse_sequence,nl,1,"Given a list, create a new list containing the same values in reverse order.",Create an empty result list. Examine the input from the last position to the first and append each value to the result. Return the result.,fast_offsets,False,26,26,29,28,True,0.9357198543314423,0.83435919880867,0.5752218577827773,26.200155921280384,1.0140370380665575,0.8712284564971924,0.64076204683536,28.39303706586361,0.6802957749792508,0.6754720211029053,0.990603466119085,0.25,0.0,2,0,0.6495932246799823,0.7211911490669957,0.9642857142857143,1.4343478639077927
running_product__python__v3,running_product,cumulative_scan,python,3,"Given a list of numbers, produce the running product after each position.","def running_product(result):
    element = 1
    entry = []
    for x in result:
        element *= x
        entry.append(element)
    return entry",fast_offsets,False,24,24,42,41,True,0.5397447046721582,0.17296604812145233,0.6870844903785701,22.129532891558483,0.6298304525567446,0.18247076869010925,0.8458358479205682,25.823048554826528,0.8396323926565123,0.9713157415390015,0.9875951830933734,0.5853658536585366,0.36585365853658536,13,5,0.5757531010429375,0.6903118686983362,0.926829268292683,1.012192941081239
anti_diagonal_sum__python__v3,anti_diagonal_sum,diagonal_aggregate,python,3,"Given a square matrix, calculate the sum of its anti-diagonal.","def anti_diagonal_sum(element):
    result = 0
    x = len(element)
    for entry in range(x):
        result += element[entry][x - 1 - entry]
    return result",fast_offsets,False,25,25,52,51,True,0.48629731173152285,0.2850267291069031,0.6161772898336311,24.801162898307666,0.5538775323041003,0.2853255271911621,0.7734689029498046,28.247754147509113,0.8448595965609831,0.9339127540588379,0.9895951467401841,0.5686274509803921,0.37254901960784315,8,5,0.5010516184661538,0.5969674678053707,0.9607843137254902,0.9485638810323971
count_even_digits__python__v1,count_even_digits,digit_count,python,1,"Given a positive integer, count how many of its decimal digits are even.","def count_even_digits(number):
    count = 0
    while number > 0:
        digit = number % 10
        if digit % 2 == 0:
            count += 1
        number //= 10
    return count",fast_offsets,False,26,26,62,61,True,0.26649619976154504,0.026045409962534904,0.4958719675307866,16.256268185454246,0.29207027633340465,0.026414422318339348,0.5585161075090826,17.816286856337683,0.9197562175696014,0.9966168999671936,0.9970445075973136,0.8032786885245902,0.639344262295082,17,13,0.3316390162059785,0.36111680427857207,1.0,0.16156126893087067
sum_negative__nl__v3,sum_negative,sign_sum,nl,3,"Given a list of numbers, sum only the negative values.","Initialize the total at zero. Process every number. For any case in which a number is less than zero, add it to the total. Produce the total after the list has been processed.",fast_offsets,False,22,22,39,38,True,0.9465429429945192,0.9871804714202881,0.6108832162983928,35.96863183379173,1.047776230954026,1.0920469164848328,0.6900559075273032,39.815496776252985,0.6955335861758182,0.7206396758556366,0.988063666381334,0.2894736842105263,0.02631578947368421,3,1,0.6564452805229135,0.7428459273399534,0.9210526315789473,2.1614375842710665
count_words__nl__v2,count_words,word_count,nl,2,"Given a string containing words separated by whitespace, count the words.",Split the string on whitespace and output the number of resulting words.,fast_offsets,False,24,24,14,13,True,1.010452585724684,0.9588896036148071,0.7132550129721633,13.13588361442089,1.075899954025562,0.9914277195930481,0.7644785404549865,13.986699402332306,0.6827675516788776,0.7331028580665588,0.9919795669042147,0.38461538461538464,0.07692307692307693,1,1,0.9772824967900912,1.029411569237709,0.9230769230769231,1.4128689986223786
sum_negative__python__v2,sum_negative,sign_sum,python,2,"Given a list of numbers, sum only the negative values.","def sum_negative(current):
    item = 0
    for value in current:
        if value < 0:
            item += value
    return item",fast_offsets,False,22,22,37,36,True,0.4713633048425739,0.13144221901893616,0.6152806153041067,16.96907897433266,0.5296008427200528,0.1339351385831833,0.7118439702168017,19.065630337921903,0.8508572296963798,0.9756582975387573,0.9927252001232572,0.6666666666666666,0.3333333333333333,20,4,0.4008581650310329,0.4535846632107028,0.9444444444444444,0.9396728235054373
lcm_list__nl__v1,lcm_list,lcm_family,nl,1,"Given a non-empty list of positive integers, compute the least common multiple of all values.",Use the first value as the current lcm. Combine each remaining value with the current lcm by computing their gcd and then the corresponding lcm. Return the final value.,fast_offsets,False,30,30,37,36,True,1.3095939671750076,1.3174606561660767,0.7499014238524732,47.14538281830028,1.6652500375445622,1.5152560472488403,1.0994550770803042,59.94900135160424,0.5918009800629483,0.5949296653270721,0.9470317231284248,0.16666666666666666,0.08333333333333333,1,1,0.798912154111479,1.0364720049580294,0.9166666666666666,1.7543383001385437
adjacent_differences__python__v3,adjacent_differences,adjacent_transform,python,3,"Given a list of numbers, create a list of differences between each value and its predecessor.","def adjacent_differences(x):
    entry = []
    for element in range(1, len(x)):
        entry.append(x[element] - x[element - 1])
    return entry",fast_offsets,False,29,29,49,48,True,0.4725359254419648,0.14337822794914246,0.6150306148862312,22.681724421214312,0.5545372513688562,0.14408593624830246,0.7848895346713849,26.6177880657051,0.8516018899778525,0.968358725309372,0.9892778135836124,0.625,0.3333333333333333,7,3,0.517589333387924,0.6148409072422433,0.9791666666666666,0.7321773775849655
count_unique_words__nl__v3,count_unique_words,word_count,nl,3,"Given a string containing words separated by whitespace, count the distinct words.","Proceed as follows. Split the string on whitespace, place the words into a set, and return the size of the set.",fast_offsets,False,25,25,28,27,True,0.9148506022713803,0.8464683890342712,0.6906549737915711,24.700966261327267,1.0588579337905955,0.9049282670021057,0.8459678576382047,28.589164212346077,0.724232804995996,0.7957960367202759,0.980113720452344,0.3333333333333333,0.037037037037037035,3,1,0.8193211962397282,1.0244764479307027,0.9629629629629629,1.1412571991138436
reverse_string__nl__v1,reverse_string,reverse_sequence,nl,1,"Given a string, create a new string containing the same characters in reverse order.",Start with an empty result string. Examine the input from the last position to the first and append each character to the result. Return the result.,fast_offsets,False,26,26,30,29,True,0.8777589679792009,0.8204362392425537,0.6163465341434018,25.455010071396828,0.968349984108374,0.8640535473823547,0.7015964359639378,28.082149539142847,0.7241455213776951,0.7808483242988586,0.9885862675206415,0.41379310344827586,0.034482758620689655,4,1,0.736538117485387,0.8368827144482306,0.9655172413793104,1.245006569099195
reverse_list__python__v1,reverse_list,reverse_sequence,python,1,"Given a list, create a new list containing the same values in reverse order.","def reverse_list(values):
    result = []
    for index in range(len(values) - 1, -1, -1):
        result.append(values[index])
    return result",fast_offsets,False,26,26,47,46,True,0.31316420026237407,0.08442190289497375,0.4951739339488783,14.405553212069208,0.34502036614171433,0.08729641884565353,0.558291615722334,15.870936842518859,0.9093705337980519,0.9870838522911072,0.9962812027205592,0.7608695652173914,0.4782608695652174,24,8,0.3331929132070703,0.3656467372810261,1.0,0.31102877545432106
filter_mapping_by_value__python__v2,filter_mapping_by_value,dictionary_transform,python,2,"Given a dictionary with numeric values and a threshold, return a new dictionary containing only entries whose value is greater than the threshold.","def filter_mapping_by_value(value, output):
    current = {}
    for item, counter in value.items():
        if counter > output:
            current[item] = counter
    return current",fast_offsets,False,36,36,48,47,True,0.4471899685016437,0.1584082543849945,0.6240074291974611,21.017928519577254,0.5121150483151878,0.1613430231809616,0.7519240426395897,24.069407270813826,0.8607996898762723,0.9728831052780151,0.9917450509172805,0.6808510638297872,0.40425531914893614,13,5,0.5259771177661605,0.6199653745887032,0.9148936170212766,1.5805789693288117
bubble_sort_descending__nl__v1,bubble_sort_descending,bubble_sort,nl,1,"Given a list of numbers, sort it in descending order using bubble sort and return the sorted copy.","Copy the input list. Repeatedly scan adjacent pairs and swap them when the left value is less than the right value. After enough passes, return the copy.",fast_offsets,False,31,31,33,32,True,1.1077525783330202,1.2636531591415405,0.7289656113907864,35.44808250665665,1.2561077986611053,1.4250160455703735,0.8604778702631996,40.19544955715537,0.6430996637791395,0.5824746191501617,0.9788221847265959,0.28125,0.0625,3,1,0.8507199123982461,0.9489313327977734,0.875,2.061157747892139
linear_first_index__python__v3,linear_first_index,linear_search,python,3,"Given a list and a target, return the index of the first target occurrence or minus one if absent.","def linear_first_index(result, entry):
    for element, x in enumerate(result):
        if x == entry:
            return element
    return -1",fast_offsets,False,33,33,39,38,True,0.5326646218768714,0.18663866817951202,0.625783152263573,20.24125563132111,0.6146308273309842,0.19433323293924332,0.7525859561004012,23.3559714385774,0.8246246933152801,0.9642883241176605,0.9902232995158747,0.6052631578947368,0.2894736842105263,12,3,0.4405822075488096,0.5006521645857877,0.8947368421052632,1.5601944523515205
count_words__python__v2,count_words,word_count,python,2,"Given a string containing words separated by whitespace, count the words.","def count_words(item):
    value = item.split()
    return len(value)",fast_offsets,False,24,24,22,21,True,0.5317080497985617,0.27664345502853394,0.5587202062513582,11.165869045769796,0.5852073861751705,0.2881088852882385,0.6374793104709333,12.289355109678581,0.8476030244713738,0.9487616419792175,0.9938564697901408,0.5238095238095238,0.3333333333333333,4,3,0.6161295894300565,0.683550370275043,0.9047619047619048,1.0124976498676308
list_divisors__python__v1,list_divisors,divisors,python,1,"Given a positive integer n, return all positive divisors of n in increasing order.","def list_divisors(n):
    result = []
    for divisor in range(1, n + 1):
        if n % divisor == 0:
            result.append(divisor)
    return result",fast_offsets,False,27,27,54,53,True,0.2860233887251937,0.061158642172813416,0.43638617457686363,15.159239602435264,0.32026892628977605,0.061773043125867844,0.5234276845388632,16.97425309335813,0.9138159993684517,0.9910133481025696,0.9959313577076174,0.7358490566037735,0.5094339622641509,25,9,0.26637848347812765,0.30972331733993574,0.9811320754716981,0.363901221353736
product_one_to_n__python__v2,product_one_to_n,factorial_product,python,2,"Given a positive integer n, compute the product of all integers from one through n.","def product_one_to_n(item):
    value = 1
    for current in range(1, item + 1):
        value *= current
    return value",fast_offsets,False,28,28,40,39,True,0.4460935376954671,0.17946648597717285,0.5404294494249011,17.397647970123217,0.5252284708862694,0.17982608079910278,0.6857470935518472,20.483910364564508,0.8653595439898663,0.9574270248413086,0.9900059440197089,0.5897435897435898,0.2564102564102564,9,5,0.4296335866307153,0.5151537253129247,0.9487179487179487,0.9343487048549249
matrix_row_sums__python__v2,matrix_row_sums,matrix_aggregate,python,2,"Given a matrix of numbers, return a list containing the sum of each row.","def matrix_row_sums(item):
    value = []
    for current in item:
        output = 0
        for counter in current:
            output += counter
        value.append(output)
    return value",fast_offsets,False,26,26,52,51,True,0.4458881911009039,0.13229262828826904,0.6030958355990669,22.740297746146098,0.5182439840179595,0.1379537433385849,0.752103042375758,26.43044318491593,0.8631453964055753,0.9809662103652954,0.9897453971937591,0.6666666666666666,0.35294117647058826,18,7,0.4627972352784127,0.5570686414744705,0.9019607843137255,1.0600140503517526
group_by_first_character__nl__v2,group_by_first_character,grouping,nl,2,"Given a list of non-empty strings, build a dictionary grouping strings by their first character while preserving input order inside each group.","Begin with an empty dictionary. Inspect each string, use its first character as the key, build an empty list for a new key, and add the string to that key's list. Output the dictionary.",fast_offsets,False,38,38,43,42,True,1.0266817982275305,0.9809074699878693,0.6419255968810748,43.12063552555628,1.2008043866593479,1.0532968044281006,0.8266860032151359,50.43378423969261,0.6970910351900828,0.71670001745224,0.9751628381865365,0.2619047619047619,0.023809523809523808,3,1,0.7223407000462275,0.8643306831420376,0.9523809523809523,1.5801869990335988
partition_by_sign__python__v3,partition_by_sign,partition,python,3,"Given a list of numbers, return two lists: negative values first and nonnegative values second, preserving input order within each group.","def partition_by_sign(result):
    element = []
    entry = []
    for x in result:
        if x < 0:
            element.append(x)
        else:
            entry.append(x)
    return element, entry",fast_offsets,False,37,37,60,59,True,0.46610970959517223,0.06950877606868744,0.687425604580106,27.50047286611516,0.5507887871403215,0.06960158050060272,0.8475936814726668,32.49653844127897,0.8535690249527915,0.9886806011199951,0.9889919121386641,0.711864406779661,0.4745762711864407,21,10,0.5001028163623514,0.5987207437263288,0.9491525423728814,0.8974228483702202
ordered_unique_intersection__python__v2,ordered_unique_intersection,ordered_intersection,python,2,"Given two lists, return distinct values from the first list that also occur in the second list, preserving first-list order.","def ordered_unique_intersection(item, current):
    value = []
    for output in item:
        if output in current and output not in value:
            value.append(output)
    return value",fast_offsets,False,36,36,48,47,True,0.5538215318377665,0.2300032377243042,0.6432342262539789,26.029611996375024,0.6864730524731443,0.23040971159934998,0.8866290184812439,32.26423346623778,0.8241189229995647,0.956855297088623,0.9819568344887267,0.574468085106383,0.3829787234042553,13,12,0.4640303425409872,0.6262888141664797,0.8936170212765957,1.4076133339968944
rotate_left_one__python__v2,rotate_left_one,rotation,python,2,"Given a non-empty list, rotate it left by one position.","def rotate_left_one(current):
    item = []
    for value in current[1:]:
        item.append(value)
    item.append(current[0])
    return item",fast_offsets,False,25,25,47,46,True,0.45383258663249487,0.1523626446723938,0.6076822806365217,20.876298985094763,0.5271410057574267,0.15326157212257385,0.7578592655349972,24.24848626484163,0.8638191806233447,0.9692618548870087,0.9900770355825839,0.6739130434782609,0.30434782608695654,17,6,0.47525622200531265,0.5818553995237582,0.9347826086956522,0.9117250603933075
dedupe_last__nl__v1,dedupe_last,deduplication,nl,1,"Given a list, remove duplicate values while keeping the last occurrence of each value and preserving the order of those kept occurrences.","Start with an empty temporary list. Examine the input from right to left. If the current value has not yet been kept, append it to the temporary list. Reverse that list and return it.",fast_offsets,False,38,38,41,40,True,0.9375569055322558,0.8364223837852478,0.6150454473499446,37.50227622129023,1.0189080791547895,0.852733850479126,0.6823051942069599,40.75632316619158,0.6949135296046733,0.7038763463497162,0.9902085363864899,0.275,0.05,3,1,0.7337664590241053,0.8295035450122296,0.95,1.784842049938743
first_negative_index__python__v3,first_negative_index,first_match_index,python,3,"Given a list of numbers, return the index of the first negative value, or minus one if none exists.","def first_negative_index(x):
    for element, entry in enumerate(x):
        if entry < 0:
            return element
    return -1",fast_offsets,False,33,33,38,37,True,0.41577750166077354,0.11972882598638535,0.5102942290385711,15.383767561448622,0.461411724609993,0.12185447663068771,0.6044686254448592,17.07223381056974,0.8620932158586141,0.9802446961402893,0.9946834058374971,0.5945945945945946,0.35135135135135137,8,3,0.39245792385594946,0.45504063636811526,0.9459459459459459,1.0017023603927677
filter_negative__python__v1,filter_negative,sign_filter,python,1,"Given a list of numbers, create a new list containing only negative values.","def filter_negative(values):
    result = []
    for value in values:
        if value < 0:
            result.append(value)
    return result",fast_offsets,False,25,25,39,38,True,0.2980137763829828,0.04292366839945316,0.5153270127562055,11.324523502553347,0.319813764758261,0.04387533664703369,0.5612467008906733,12.152923060813919,0.9113465861270302,0.9942878484725952,0.9976506641036585,0.7894736842105263,0.5526315789473685,23,12,0.3350683926648737,0.361442830929583,1.0,0.2994221440965607
group_by_first_character__python__v1,group_by_first_character,grouping,python,1,"Given a list of non-empty strings, build a dictionary grouping strings by their first character while preserving input order inside each group.","def group_by_first_character(words):
    groups = {}
    for word in words:
        key = word[0]
        if key not in groups:
            groups[key] = []
        groups[key].append(word)
    return groups",fast_offsets,False,38,38,61,60,True,0.3009242940016217,0.058918390423059464,0.4805770047007211,18.055457640097302,0.33278133148148,0.06013653986155987,0.5480749063688671,19.966879888888798,0.9036785006523133,0.9899231791496277,0.9964980751276016,0.75,0.5,14,9,0.317339118826351,0.3446943867340944,1.0,0.26573082217508576
matrix_row_sums__python__v1,matrix_row_sums,matrix_aggregate,python,1,"Given a matrix of numbers, return a list containing the sum of each row.","def matrix_row_sums(matrix):
    result = []
    for row in matrix:
        total = 0
        for value in row:
            total += value
        result.append(total)
    return result",fast_offsets,False,26,26,52,51,True,0.351988300886553,0.09931399673223495,0.5364023795512874,17.951403345214203,0.3840268199062705,0.10952404141426086,0.5961389057265112,19.585367815219797,0.895811472453323,0.9854682087898254,0.9963049841862098,0.7254901960784313,0.45098039215686275,20,7,0.3935485050082207,0.43040753691922873,1.0,0.33731870365876354
rotate_matrix_clockwise__python__v2,rotate_matrix_clockwise,matrix_transform,python,2,"Given a non-empty square matrix, return a new matrix rotated ninety degrees clockwise.","def rotate_matrix_clockwise(value):
    output = []
    total_value = len(value)
    for item in range(total_value):
        current = []
        for counter in range(total_value - 1, -1, -1):
            current.append(value[counter][item])
        output.append(current)
    return output",fast_offsets,False,30,30,86,85,True,0.4524150372017175,0.13517840206623077,0.6283234720084604,38.45527816214599,0.5404190309838776,0.14530684053897858,0.8298550377829508,45.93561763362959,0.8618968735722935,0.9745827317237854,0.9865646853166468,0.6470588235294118,0.3176470588235294,15,4,0.5228223799855359,0.6563036185332403,0.9529411764705882,0.7973840661149713
adjacent_differences__nl__v1,adjacent_differences,adjacent_transform,nl,1,"Given a list of numbers, create a list of differences between each value and its predecessor.","Create an empty result list. Starting with the second input value, subtract the preceding value from the current value and append the difference. Return the result.",fast_offsets,False,29,29,32,31,True,0.9365318351455273,0.9370954036712646,0.561209293407012,29.032486889511347,1.0290413331841268,1.0489990711212158,0.6485865937570492,31.900281328707933,0.6905685451722914,0.7425639629364014,0.9885506283852362,0.22580645161290322,0.06451612903225806,1,1,0.6944958803554376,0.7909378377099832,1.0,1.3091361840901476
is_prime__python__v2,is_prime,primality,python,2,"Given an integer n, determine whether it is prime.","def is_prime(value):
    if value < 2:
        return False
    item = 2
    while item * item <= value:
        if value % item == 0:
            return False
        item += 1
    return True",fast_offsets,False,21,21,58,57,True,0.2627915802530193,0.06494012475013733,0.3963420528492791,14.979120074422099,0.2918235439165871,0.06777980178594589,0.46094086649483995,16.633942003245465,0.9268634047424584,0.9905285239219666,0.9968392054239908,0.7719298245614035,0.5087719298245614,28,9,0.2600190820230637,0.293219271702193,0.9824561403508771,0.4410801642860175
most_frequent__python__v2,most_frequent,mode_selection,python,2,"Given a non-empty list, return a value with the highest occurrence count, choosing the first such value on ties.","def most_frequent(output):
    value = {}
    for current in output:
        value[current] = value.get(current, 0) + 1
    item = output[0]
    for current in output:
        if value[current] > value[item]:
            item = current
    return item",fast_offsets,False,35,35,76,75,True,0.46037885883444685,0.08367086946964264,0.6938328828097596,34.528414412583516,0.5461491373526709,0.08486532419919968,0.8725432141052587,40.961185301450314,0.853702499071757,0.9872595071792603,0.9878991643587748,0.7066666666666667,0.4533333333333333,17,8,0.40114784067181236,0.4999439114055005,0.9466666666666667,0.7479983682716678
merge_sorted_ascending__python__v3,merge_sorted_ascending,merge_sorted,python,3,"Given two lists sorted in ascending order, merge them into one ascending list.","def merge_sorted_ascending(x, n_count):
    result = []
    element = 0
    entry = 0
    while element < len(x) and entry < len(n_count):
        if x[element] <= n_count[entry]:
            result.append(x[element])
            element += 1
        else:
            result.append(n_count[entry])
            entry += 1
    result.extend(x[element:])
    result.extend(n_count[entry:])
    return result",fast_offsets,False,27,27,130,129,True,0.2837978616950658,0.040142230689525604,0.5181212124304112,36.60992415866349,0.3261338744730385,0.04057012498378754,0.6425565510200578,42.07126980702196,0.9069658071957818,0.994124710559845,0.9941341202388438,0.7751937984496124,0.5736434108527132,24,16,0.29691261910784306,0.35524989251516104,0.9767441860465116,0.5757287902886228
is_nondecreasing__python__v1,is_nondecreasing,monotonicity,python,1,"Given a list of numbers, determine whether it is in nondecreasing order.","def is_nondecreasing(values):
    for index in range(1, len(values)):
        if values[index - 1] > values[index]:
            return False
    return True",fast_offsets,False,27,27,46,45,True,0.3018983169272865,0.026617471128702164,0.5024747901276156,13.585424261727894,0.32849829000786285,0.028691962361335754,0.56463514258692,14.782423050353827,0.8937245402071211,0.9962738752365112,0.996993789407942,0.7555555555555555,0.6,16,13,0.3200508729268305,0.3505702432815848,1.0,0.33428385569025826
numeric_palindrome__nl__v2,numeric_palindrome,numeric_reverse,nl,2,"Given a nonnegative integer, determine whether its decimal digits form a palindrome.",Save the original number and build its reversed decimal value digit by digit. Compare the reversed value with the original and output whether they are equal.,fast_offsets,False,28,28,31,30,True,1.1604013946140186,1.253638505935669,0.7422483504373639,34.812041838420555,1.3624210458792125,1.4062859416007996,0.914836750435408,40.872631376376376,0.627380300561587,0.604079931974411,0.972128293911616,0.2,0.1,2,1,0.8722325210973364,1.017504765700292,0.9333333333333333,1.8717127883768019
fibonacci_first_n__python__v3,fibonacci_first_n,fibonacci,python,3,"Given a nonnegative integer n, return the first n Fibonacci values starting with zero and one.","def fibonacci_first_n(result):
    entry = 0
    x = 1
    n_count = []
    for element in range(result):
        n_count.append(entry)
        entry, x = x, entry + x
    return n_count",fast_offsets,False,32,32,66,65,True,0.5583040150021239,0.2621307671070099,0.6717129268049088,36.28976097513805,0.659526172682616,0.28455525636672974,0.870335987409644,42.869201224370045,0.8308870608990009,0.9491207003593445,0.9853588388516352,0.5846153846153846,0.3230769230769231,8,5,0.6036724469440742,0.7586501060188766,0.9384615384615385,1.1794059495464913
binary_search_insertion__python__v2,binary_search_insertion,binary_search,python,2,"Given an ascending sorted list and a target value, return the index where the target could be inserted while preserving order.","def binary_search_insertion(counter, output):
    value = 0
    item = len(counter)
    while value < item:
        current = (value + item) // 2
        if counter[current] < output:
            value = current + 1
        else:
            item = current
    return value",fast_offsets,False,35,35,76,75,True,0.5482928830823706,0.32650643587112427,0.634057490265576,41.121966231177794,0.6224833635549294,0.35035061836242676,0.7847827146770823,46.686252266619704,0.8189644237359365,0.9132574200630188,0.9893813093503316,0.52,0.30666666666666664,12,5,0.5124762977616597,0.6253486639018504,0.9466666666666667,1.0076793419347936
selection_sort_ascending__python__v2,selection_sort_ascending,selection_sort,python,2,"Given a list of numbers, sort it in ascending order using selection sort and return the sorted copy.","def selection_sort_ascending(counter):
    output = counter[:]
    for current in range(len(output)):
        item = current
        for value in range(current + 1, len(output)):
            if output[value] < output[item]:
                item = value
        output[current], output[item] = output[item], output[current]
    return output",fast_offsets,False,31,31,90,89,True,0.34336983213061206,0.061156585812568665,0.5432056643240479,30.559915059624473,0.39413931187218726,0.06168709322810173,0.6797366797284314,35.078398756624665,0.887211850017644,0.9910919070243835,0.9928793023141582,0.7078651685393258,0.5280898876404494,15,15,0.3904568196918593,0.4634662087734217,0.9550561797752809,0.6528233900901622
ordered_intersection__nl__v3,ordered_intersection,ordered_intersection,nl,3,"Given two lists, return values from the first list that also occur in the second list, preserving duplicates and order from the first list.","Initialize an empty result. Process each value in the first list. If that value occurs in the second list, append it to the result. Produce the result.",fast_offsets,False,40,40,33,32,True,0.7293412107974291,0.612287312746048,0.5824996081390094,23.33891874551773,0.8112502578878775,0.6647067964076996,0.652047204482998,25.96000825241208,0.7774282833561301,0.8545384705066681,0.9906643517315388,0.4375,0.09375,5,1,0.609749607982174,0.6759766539739024,0.9375,1.32279341488902
sum_negative__nl__v1,sum_negative,sign_sum,nl,1,"Given a list of numbers, sum only the negative values.","Start the total at zero. Examine every number. Whenever a number is less than zero, add it to the total. Return the total after the list has been processed.",fast_offsets,False,22,22,35,34,True,0.8708162351566202,0.6709988117218018,0.6563256317077462,29.60775199532509,0.9546735803870594,0.7202693223953247,0.7381891342109362,32.45890173316002,0.7247922350378597,0.7855566143989563,0.9895849508397719,0.38235294117647056,0.029411764705882353,4,1,0.7203006882107619,0.7910119125788863,0.9705882352941176,1.5237580883481048
keep_letters__python__v1,keep_letters,string_filter,python,1,"Given a string, return a new string containing only alphabetic characters.","def keep_letters(text):
    result = """"
    for char in text:
        if char.isalpha():
            result += char
    return result",fast_offsets,False,26,26,37,36,True,0.39229086583428496,0.10608983039855957,0.5441610402091248,14.12247117003426,0.4514087595873409,0.1093030646443367,0.6472509461908338,16.250715345144272,0.8846077778273158,0.9827228486537933,0.9932759983672036,0.7222222222222222,0.4444444444444444,13,5,0.4371528589565839,0.5049474758229086,0.9722222222222222,0.6590127829646614
is_strictly_increasing__python__v3,is_strictly_increasing,monotonicity,python,3,"Given a list of numbers, determine whether it is strictly increasing.","def is_strictly_increasing(entry):
    for element in range(1, len(entry)):
        if entry[element - 1] >= entry[element]:
            return False
    return True",fast_offsets,False,23,23,48,47,True,0.28858215672934945,0.042744603008031845,0.4717418339720025,13.563361366279423,0.3184203924617403,0.04290099814534187,0.5447628047847085,14.965758445701795,0.914357694539618,0.9938808083534241,0.9964895590822748,0.8085106382978723,0.6170212765957447,16,9,0.3112857393292791,0.34292441764314985,0.9787234042553191,0.7262627031046635
rotate_right_one__python__v2,rotate_right_one,rotation,python,2,"Given a non-empty list, rotate it right by one position.","def rotate_right_one(current):
    item = [current[-1]]
    for value in current[:-1]:
        item.append(value)
    return item",fast_offsets,False,25,25,41,40,True,0.5594579648808576,0.26228003948926926,0.6359036764832487,22.378318595234305,0.6410918471519835,0.2908135950565338,0.7685924836646011,25.64367388607934,0.8212397120893001,0.9548716843128204,0.9895613566040993,0.55,0.3,7,4,0.6061400897944202,0.7221660920394919,0.95,1.0887994490261916
partition_by_threshold__nl__v3,partition_by_threshold,partition,nl,3,"Given a list of numbers and a threshold, return two lists: values below the threshold and values at least the threshold, preserving order.",Initialize two empty result lists. Process each number and append it to the below-threshold list or the other list according to the comparison. Produce both lists.,fast_offsets,False,38,38,32,31,True,1.078625648132255,1.151174783706665,0.5875122801210573,33.437395092099905,1.184740336071099,1.2503879070281982,0.6548723840245261,36.72695041820407,0.6611650042956875,0.6425507664680481,0.9874917557162624,0.1935483870967742,0.06451612903225806,2,1,0.6436587077875932,0.7119759671390057,0.9032258064516129,2.2678191524539746
adjacent_differences__python__v2,adjacent_differences,adjacent_transform,python,2,"Given a list of numbers, create a list of differences between each value and its predecessor.","def adjacent_differences(current):
    value = []
    for item in range(1, len(current)):
        value.append(current[item] - current[item - 1])
    return value",fast_offsets,False,29,29,49,48,True,0.4830389304397613,0.12127004936337471,0.6280932802002821,23.185868661108543,0.5551443527789767,0.12357861176133156,0.7803372910214392,26.646928933390882,0.8402810910095772,0.9778781235218048,0.9906840473413467,0.625,0.375,7,4,0.5287255416246518,0.6163767762903243,0.9583333333333334,0.8437567216509857
count_unique_words__nl__v1,count_unique_words,word_count,nl,1,"Given a string containing words separated by whitespace, count the distinct words.","Split the string on whitespace, place the words into a set, and return the size of the set.",fast_offsets,False,25,25,22,21,True,0.8131755982481298,0.8328689336776733,0.5897997580153527,17.076687563210726,0.8802668991542998,0.8484458923339844,0.6717733535037883,18.485604882240295,0.736907110327766,0.7673677802085876,0.9915735125541687,0.38095238095238093,0.09523809523809523,4,1,0.6552653547376395,0.7415435746312141,0.9523809523809523,0.750992560648315
count_even__python__v3,count_even,parity_count,python,3,"Given a list of integers, count how many values are even.","def count_even(x):
    element = 0
    for entry in x:
        if entry % 2 == 0:
            element += 1
    return element",fast_offsets,False,24,24,41,40,True,0.4095576966370572,0.12471812218427658,0.5512611301265815,16.38230786548229,0.4590702884073835,0.1278948374092579,0.6430884345254567,18.36281153629534,0.8837635785341262,0.9780190885066986,0.9937581077218056,0.675,0.4,10,4,0.37142207889925116,0.42587420818372035,0.95,0.7448697605662801
filter_mapping_by_value__nl__v3,filter_mapping_by_value,dictionary_transform,nl,3,"Given a dictionary with numeric values and a threshold, return a new dictionary containing only entries whose value is greater than the threshold.","Initialize with an empty result dictionary. Process each key and value. If the value is greater than the threshold, copy that entry into the result. Produce the result.",fast_offsets,False,36,36,34,33,True,0.5456365926021879,0.3389660120010376,0.4444262598320389,18.006007555872202,0.5755357101108088,0.35392796993255615,0.4693847293537081,18.992678433656693,0.8259551651550062,0.9178559184074402,0.9970821702119076,0.5454545454545454,0.09090909090909091,9,1,0.3670851292554289,0.3865349367260933,0.9393939393939394,2.081363290823488
filter_nonnegative__python__v2,filter_nonnegative,sign_filter,python,2,"Given a list of numbers, create a new list containing only values greater than or equal to zero.","def filter_nonnegative(current):
    item = []
    for value in current:
        if value >= 0:
            item.append(value)
    return item",fast_offsets,False,30,30,40,39,True,0.4313638508797456,0.07689838111400604,0.6221687510108679,16.82319018431008,0.4992476036527361,0.077520452439785,0.7571595504625313,19.47065654245671,0.8707573956403977,0.9875806570053101,0.9913208713898292,0.7435897435897436,0.46153846153846156,23,11,0.40925636730696024,0.48106577681794177,0.9487179487179487,1.0908013230967835
ordered_intersection__nl__v1,ordered_intersection,ordered_intersection,nl,1,"Given two lists, return values from the first list that also occur in the second list, preserving duplicates and order from the first list.","Create an empty result. Examine each value in the first list. If that value occurs in the second list, append it to the result. Return the result.",fast_offsets,False,40,40,33,32,True,0.6564461186062545,0.47388407588005066,0.5557402238764743,21.006275795400143,0.7300543943420053,0.5260958969593048,0.6248440447252768,23.361740618944168,0.8045982751064003,0.9063014984130859,0.9917379133403301,0.5625,0.0625,5,2,0.6537415486189627,0.724560082920136,0.96875,1.0385723549115937
string_palindrome__python__v3,string_palindrome,palindrome_test,python,3,"Given a string, determine whether it reads the same forward and backward.","def string_palindrome(x):
    element = 0
    entry = len(x) - 1
    while element < entry:
        if x[element] != x[entry]:
            return False
        element += 1
        entry -= 1
    return True",fast_offsets,False,24,24,65,64,True,0.42279860690609894,0.09392565116286278,0.6249551125286222,27.059110841990332,0.5043909568860272,0.10096819326281548,0.7982332770238167,32.28102124070574,0.8741934914141893,0.9860883355140686,0.988796167075634,0.671875,0.453125,19,9,0.41206127605336307,0.5054384194705303,0.953125,0.7700237227842308
count_unique_words__python__v3,count_unique_words,word_count,python,3,"Given a string containing words separated by whitespace, count the distinct words.","def count_unique_words(element):
    x = element.split()
    entry = set(x)
    return len(entry)",fast_offsets,False,25,25,32,31,True,0.5701695144807379,0.2701892554759979,0.6222646837041719,17.675254948902875,0.6480080410237273,0.28095826506614685,0.7465979858036125,20.08824927173555,0.8294975228847996,0.9488844871520996,0.9899802150264863,0.5161290322580645,0.25806451612903225,4,3,0.620209946623072,0.7313696634024381,0.9032258064516129,1.4811495939249009
gcd_list__python__v1,gcd_list,gcd_family,python,1,"Given a non-empty list of nonnegative integers, compute the greatest common divisor of all values.","def gcd_list(values):
    current = values[0]
    for value in values[1:]:
        a = current
        b = value
        while b != 0:
            a, b = b, a % b
        current = a
    return current",fast_offsets,False,32,32,64,63,True,0.41468711128266206,0.09677790105342865,0.5773290082921614,26.125288010807708,0.48783177459087695,0.10258924216032028,0.7302669483309348,30.73340179922525,0.8694979633603778,0.9859302043914795,0.990709680413443,0.6666666666666666,0.4603174603174603,14,5,0.43351560611007434,0.5246664678430064,0.9682539682539683,0.4588968361669455
dedupe_first__python__v2,dedupe_first,deduplication,python,2,"Given a list, remove duplicate values while keeping the first occurrence of each value.","def dedupe_first(current):
    item = []
    for value in current:
        if value not in item:
            item.append(value)
    return item",fast_offsets,False,27,27,41,40,True,0.4256272380574956,0.12111834436655045,0.6063336786149149,17.025089522299822,0.5157110562518937,0.13596753776073456,0.7804940168395441,20.62844225007575,0.8765214901417494,0.979220062494278,0.9876823544502258,0.7,0.425,23,6,0.351117090229542,0.45448053892677986,0.95,1.1734967450698606
anti_diagonal_sum__nl__v3,anti_diagonal_sum,diagonal_aggregate,nl,3,"Given a square matrix, calculate the sum of its anti-diagonal.","Initialize a total at zero. For every row index, add the element whose column index is the mirrored position from the right. Produce the total.",fast_offsets,False,25,25,32,31,True,1.3111619645008636,1.2572989463806152,0.7490687305484289,40.646020899526775,1.5304345504621104,1.4575064182281494,0.9073740849001566,47.44347106432542,0.5884565504327897,0.564878523349762,0.9684617557833272,0.12903225806451613,0.0967741935483871,2,2,0.800521185559531,0.9278314336203038,0.8709677419354839,2.9783332153137083
matrix_find_position__nl__v1,matrix_find_position,matrix_search,nl,1,"Given a matrix and a target value, return the row and column of the first occurrence in row-major order, or minus one for both if absent.","Scan rows from top to bottom and columns from left to right. When a value equals the target, return its row and column indices. If no match exists, return minus one for both indices.",fast_offsets,False,43,43,40,39,True,0.977959035251003,1.0289617776870728,0.7913797385858553,38.14040237478912,1.1455393886098113,1.0545835494995117,0.9820974438198287,44.67603615578264,0.6894513338040082,0.7111981511116028,0.9752343801351694,0.41025641025641024,0.10256410256410256,5,2,0.6610922160509386,0.7972945982198182,1.0,1.058370806912605
rotate_matrix_clockwise__nl__v2,rotate_matrix_clockwise,matrix_transform,nl,2,"Given a non-empty square matrix, return a new matrix rotated ninety degrees clockwise.","Build an empty result. For each original column from left to right, build a row by reading that column from bottom to top. Add each row and output the result.",fast_offsets,False,30,30,34,33,True,1.3414316707375376,1.3061530590057373,0.7692679005523213,44.26724513433874,1.6794312215889946,1.5779980421066284,1.0537900129844893,55.42123031243682,0.5738380838072661,0.5045967102050781,0.9461156057588982,0.15151515151515152,0.06060606060606061,2,1,0.9435469029704109,1.3092838416341692,0.9393939393939394,2.3285354383953027
matrix_column_sums__nl__v3,matrix_column_sums,matrix_aggregate,nl,3,"Given a non-empty rectangular matrix of numbers, return a list containing the sum of each column.","Initialize an empty result list. For each column index, start a total at zero, add that column's value from every row, and append the total. Produce the result.",fast_offsets,False,31,31,37,36,True,1.1235479089405596,1.0931580662727356,0.576825995960721,40.44772472186014,1.229370283273359,1.1984858512878418,0.6425731717513142,44.25733019784093,0.6311818808317184,0.6227566003799438,0.9873481276962492,0.16666666666666666,0.027777777777777776,2,1,0.5931412786511439,0.6842920258641243,0.9722222222222222,1.9826564311353851
transpose_matrix__python__v1,transpose_matrix,matrix_transform,python,1,"Given a non-empty rectangular matrix, return its transpose.","def transpose_matrix(matrix):
    result = []
    for col in range(len(matrix[0])):
        new_row = []
        for row in matrix:
            new_row.append(row[col])
        result.append(new_row)
    return result",fast_offsets,False,24,24,67,66,True,0.26695381888214,0.035246606916189194,0.49025636739404893,17.61895204622124,0.29733648568137805,0.03564136475324631,0.5633189510016717,19.62420805497095,0.9253571593400204,0.9953359961509705,0.9962636358810194,0.7575757575757576,0.6363636363636364,27,24,0.28700219221287765,0.32605292896399846,1.0,0.25668648669917465
are_disjoint__python__v3,are_disjoint,set_relation,python,3,"Given two collections, determine whether they have no value in common.","def are_disjoint(element, entry):
    for x in element:
        if x in entry:
            return False
    return True",fast_offsets,False,23,23,32,31,True,0.6592816488156396,0.2170204073190689,0.8265863547942804,20.437731113284826,0.8275302178076198,0.23217858374118805,1.1391054219202839,25.653436752036214,0.7977147559004445,0.9562659859657288,0.9733369927252492,0.6129032258064516,0.2903225806451613,16,3,0.604324246942997,0.8205722263082862,0.9354838709677419,1.1766315814325465
sum_positive__python__v1,sum_positive,sign_sum,python,1,"Given a list of numbers, sum only the positive values.","def sum_positive(values):
    total = 0
    for value in values:
        if value > 0:
            total += value
    return total",fast_offsets,False,22,22,38,37,True,0.3271518868647478,0.0617317259311676,0.5062868743925073,12.104619813995669,0.3523476074592877,0.06322619318962097,0.5534836442169397,13.036861475993646,0.8975782040003184,0.9916265606880188,0.9971783596116144,0.7837837837837838,0.5135135135135135,20,6,0.3330998707404231,0.35688139195715646,1.0,0.31273372699237173
reverse_string__python__v1,reverse_string,reverse_sequence,python,1,"Given a string, create a new string containing the same characters in reverse order.","def reverse_string(text):
    result = """"
    for index in range(len(text) - 1, -1, -1):
        result += text[index]
    return result",fast_offsets,False,26,26,45,44,True,0.325846854705808,0.09735998511314392,0.47496618038600086,14.337261607055552,0.34975819392870605,0.10120967030525208,0.5176902366148121,15.389360532863066,0.9025942080400207,0.9855223894119263,0.9974223226308823,0.7272727272727273,0.4318181818181818,22,5,0.39342422859721576,0.4158261274204178,1.0,0.33725866729533166
digit_sum__nl__v3,digit_sum,digit_aggregate,nl,3,"Given a nonnegative integer, compute the sum of its decimal digits.","Initialize a total at zero. While the number is positive, add its last decimal digit to the total and remove that digit using integer division by ten. Produce the total.",fast_offsets,False,25,25,35,34,True,1.1607920880265095,1.3188003897666931,0.6624253544791656,39.466930992901325,1.3210231050410692,1.400041103363037,0.8011871769111092,44.91478557139635,0.6256823386339581,0.5765689313411713,0.9773336298325482,0.17647058823529413,0.029411764705882353,2,1,0.8287858985590212,0.9802107932892713,0.9411764705882353,1.7451731300611488
group_by_length__python__v1,group_by_length,grouping,python,1,"Given a list of strings, build a dictionary grouping strings by their length while preserving input order inside each group.","def group_by_length(words):
    groups = {}
    for word in words:
        key = len(word)
        if key not in groups:
            groups[key] = []
        groups[key].append(word)
    return groups",fast_offsets,False,34,34,59,58,True,0.3134157921605069,0.06416099332273006,0.5071463450587751,18.1781159453094,0.349469662164634,0.06538617797195911,0.5855835510497119,20.26924040554877,0.9063321721964869,0.9899527430534363,0.9958248004831117,0.7241379310344828,0.5,14,9,0.3533458793209049,0.399324320729775,1.0,0.23131992154748302
bubble_sort_ascending__nl__v1,bubble_sort_ascending,bubble_sort,nl,1,"Given a list of numbers, sort it in ascending order using bubble sort and return the sorted copy.","Copy the input list. Repeatedly scan adjacent pairs and swap them when the left value is greater than the right value. After enough passes, return the copy.",fast_offsets,False,31,31,33,32,True,1.0888500050641596,1.1908792853355408,0.7230847080310215,34.84320016205311,1.2338368156924844,1.3478938937187195,0.8563825206274779,39.4827781021595,0.6507663680240512,0.6461071968078613,0.9792619477957487,0.3125,0.0625,3,1,0.7911055193793389,0.8839698587694476,0.875,2.0017364942541462
gcd_list__nl__v2,gcd_list,gcd_family,nl,2,"Given a non-empty list of nonnegative integers, compute the greatest common divisor of all values.","Take the first value as the current gcd. For each remaining value, repeatedly apply the Euclidean algorithm to combine it with the current gcd. Output the final gcd.",fast_offsets,False,32,32,38,37,True,1.177044864114676,1.3970235586166382,0.7894896906710892,43.55065997224301,1.4114979425369687,1.5022258758544922,1.0016205552827449,52.22542387386784,0.6329965752524298,0.5713051557540894,0.9651380422953013,0.2972972972972973,0.13513513513513514,5,1,0.7503251605667174,0.9322343219537288,0.9459459459459459,1.2738325474105345
lcm_list__nl__v2,lcm_list,lcm_family,nl,2,"Given a non-empty list of positive integers, compute the least common multiple of all values.",Take the first value as the current lcm. Combine each remaining value with the current lcm by computing their gcd and then the corresponding lcm. Output the final value.,fast_offsets,False,30,30,37,36,True,1.2817789507098496,1.3488342761993408,0.7213051110981669,46.144042225554585,1.5597384235524159,1.5269801020622253,0.9369711061210242,56.15058324788697,0.5996700645320945,0.52927365899086,0.9602848324510787,0.16666666666666666,0.08333333333333333,1,1,0.7630070225468704,0.968647787653442,0.9444444444444444,1.7827947628502443
running_product__python__v2,running_product,cumulative_scan,python,2,"Given a list of numbers, produce the running product after each position.","def running_product(output):
    item = 1
    value = []
    for current in output:
        item *= current
        value.append(item)
    return value",fast_offsets,False,24,24,42,41,True,0.5083032346148861,0.15220266580581665,0.6569224027664259,20.840432619210333,0.589445043593736,0.15886951982975006,0.8035048311005732,24.167246787343174,0.845992485197579,0.9758647084236145,0.9890220601384233,0.6097560975609756,0.3902439024390244,13,10,0.5234250852605328,0.6292874135542661,0.9024390243902439,0.9082954204194077
count_primes_up_to__nl__v3,count_primes_up_to,primality,nl,3,"Given a nonnegative integer n, count how many prime numbers are at most n.","Initialize a prime counter at zero. For every candidate from two through n, test divisors up to its square root. Increase the counter when no divisor is found. Produce the counter.",fast_offsets,False,27,27,40,39,True,1.1222452712364686,1.068291425704956,0.7534752367868598,43.767565578222275,1.3144051912121284,1.2852128744125366,0.9077156081998338,51.261802457273006,0.655583259004813,0.6774396896362305,0.9731358763499137,0.3076923076923077,0.05128205128205128,3,1,0.8155479650748404,0.9699135881505514,0.9230769230769231,2.3813079970602233
clamp_values__nl__v3,clamp_values,bounded_numeric_transform,nl,3,"Given a list of numbers and lower and upper bounds, clamp each value into the inclusive interval.","Initialize an empty result list. Process each value. Replace values below the lower bound with the lower bound, values above the upper bound with the upper bound, and keep all others unchanged. Produce the result.",fast_offsets,False,30,30,44,43,True,0.75574971596862,0.7328253984451294,0.5950426996619748,32.49723778665066,0.8267719375705996,0.8441573977470398,0.6578492234228883,35.551193315535784,0.7628078994362854,0.8306725025177002,0.9919227583463802,0.4418604651162791,0.13953488372093023,8,3,0.45912016466969535,0.5054509483632588,0.9534883720930233,1.477652285464628
lcm_list__python__v3,lcm_list,lcm_family,python,3,"Given a non-empty list of positive integers, compute the least common multiple of all values.","def lcm_list(n_count):
    x = n_count[0]
    for result in n_count[1:]:
        element = x
        entry = result
        while entry != 0:
            element, entry = entry, element % entry
        x = (x // element) * result
    return x",fast_offsets,False,30,30,76,75,True,0.6065851517386424,0.3266591429710388,0.6437639489459951,45.49388638039818,0.7140289892683116,0.35424429178237915,0.8365329863295119,53.55217419512337,0.8013746442397436,0.9219547510147095,0.985646481513977,0.56,0.22666666666666666,7,2,0.6091579170189672,0.7556243288107343,0.9466666666666667,1.2223271171182084
least_frequent__nl__v3,least_frequent,mode_selection,nl,3,"Given a non-empty list, return a value with the lowest occurrence count, choosing the first such value on ties.",Initialize occurrence counts. Then scan the original list while tracking the best value and lowest count seen. Replace the best only when a strictly lower count is found. Produce the best value.,fast_offsets,False,35,35,39,38,True,1.348061460217363,1.2809674739837646,0.6116974859620253,51.22633548825979,1.6995631209329556,1.7087637186050415,0.8330794775088546,64.58339859545231,0.5883111840015963,0.623534619808197,0.9489087744763023,0.07894736842105263,0.0,2,0,0.5416066570056451,0.7723248157952283,0.8421052631578947,2.639336640995584
lcm_two__nl__v2,lcm_two,lcm_family,nl,2,"Given two positive integers, compute their least common multiple using their greatest common divisor.","Compute the greatest common divisor with the Euclidean algorithm, then divide one input by that gcd and multiply by the other input. Output the product.",fast_offsets,False,28,28,34,33,True,0.9105053883412797,0.952802836894989,0.673096029777606,30.04667781526223,1.0618079661561006,1.1004486083984375,0.7991899936686323,35.03966288315132,0.7115127155275056,0.7336268424987793,0.9813081369255529,0.2727272727272727,0.18181818181818182,3,1,0.6614811633189674,0.735966923617525,0.9696969696969697,1.2835927801788785
square_values__nl__v2,square_values,element_transform,nl,2,"Given a list of numbers, create a list containing the square of each element.","Build an empty result list. Inspect each input number, multiply it by itself, and add the product to the result. Output the result.",fast_offsets,False,26,26,30,29,True,0.9208152712932949,0.9307489991188049,0.5775479353540818,26.70364286750555,1.0328406203409721,0.9730509519577026,0.6837708423573622,29.95237798988819,0.7088663670523413,0.7648257613182068,0.9864738706884713,0.3103448275862069,0.034482758620689655,4,1,0.4663643405905792,0.5653179660439491,1.0,1.631125480402261
running_sum__nl__v2,running_sum,cumulative_scan,nl,2,"Given a list of numbers, produce the running sum after each position.",Begin a total at zero and build an empty result list. Inspect the numbers in order. Include each value to the total and add the updated total to the result. Output the result.,fast_offsets,False,24,24,39,38,True,1.2703842197201753,1.308655560016632,0.5985651903036006,48.274600349366665,1.4861775417076915,1.4785422086715698,0.7435119797225095,56.47474658489227,0.5889632458749571,0.6145929992198944,0.9705168573479903,0.13157894736842105,0.0,3,0,0.5505281102818411,0.7177452283936578,0.9736842105263158,2.0632921269065454
moving_average_three__nl__v2,moving_average_three,sliding_window,nl,2,"Given a list of numbers, return the average of every consecutive window of three values.","Build an empty result list. For each starting index that leaves three values available, add those three values, divide by three, and add the average. Output the result.",fast_offsets,False,27,27,34,33,True,1.2820477973331104,1.074350357055664,0.7188353980414228,42.307577311992645,1.518176105889407,1.0813935995101929,0.9166691464024014,50.09981149435043,0.5974019540078712,0.6441869139671326,0.9652052810697844,0.09090909090909091,0.0,1,0,0.7373678609728813,0.9441723972558975,0.9696969696969697,2.1604170189662413
partition_by_threshold__python__v2,partition_by_threshold,partition,python,2,"Given a list of numbers and a threshold, return two lists: values below the threshold and values at least the threshold, preserving order.","def partition_by_threshold(counter, current):
    value = []
    item = []
    for output in counter:
        if output < current:
            value.append(output)
        else:
            item.append(output)
    return value, item",fast_offsets,False,38,38,61,60,True,0.5112268087900399,0.10515967383980751,0.7085620924713968,30.673608527402394,0.6405018901646448,0.10749543458223343,0.9568768884744061,38.430113409878686,0.8422861461838086,0.9818879067897797,0.9818189213673274,0.6,0.43333333333333335,12,10,0.5218418749972736,0.674063231819704,0.9166666666666666,1.143704121587507
merge_sorted_descending__python__v2,merge_sorted_descending,merge_sorted,python,2,"Given two lists sorted in descending order, merge them into one descending list.","def merge_sorted_descending(current, counter):
    output = []
    item = 0
    value = 0
    while item < len(current) and value < len(counter):
        if current[item] >= counter[value]:
            output.append(current[item])
            item += 1
        else:
            output.append(counter[value])
            value += 1
    output.extend(current[item:])
    output.extend(counter[value:])
    return output",fast_offsets,False,27,27,120,119,True,0.2852432057179536,0.03792637586593628,0.4974728828968944,33.94394148043648,0.32516572581449554,0.03806449845433235,0.6055067248541504,38.69472137192497,0.9063292233382955,0.9939277172088623,0.9949075168922168,0.7983193277310925,0.5714285714285714,41,18,0.2657525206556429,0.3240661240701753,0.9663865546218487,0.5119255655870252
anti_diagonal_sum__python__v2,anti_diagonal_sum,diagonal_aggregate,python,2,"Given a square matrix, calculate the sum of its anti-diagonal.","def anti_diagonal_sum(item):
    output = 0
    current = len(item)
    for value in range(current):
        output += item[value][current - 1 - value]
    return output",fast_offsets,False,25,25,52,51,True,0.46268848293260034,0.14900080859661102,0.6147023259662263,23.597112629562616,0.5305094937451512,0.14944565296173096,0.7739583118555164,27.055984181002714,0.8557997857238732,0.9665586948394775,0.9895028214828641,0.6078431372549019,0.4117647058823529,8,5,0.5005236760247499,0.5934332669107243,0.9411764705882353,1.1860189266159318
matrix_column_sums__python__v1,matrix_column_sums,matrix_aggregate,python,1,"Given a non-empty rectangular matrix of numbers, return a list containing the sum of each column.","def matrix_column_sums(matrix):
    result = []
    for col in range(len(matrix[0])):
        total = 0
        for row in matrix:
            total += row[col]
        result.append(total)
    return result",fast_offsets,False,31,31,62,61,True,0.3400741421720624,0.06129928305745125,0.5644859218128228,20.744522672495805,0.37759468773929555,0.06997731328010559,0.6464492882047912,23.03327595209703,0.8960522168972453,0.9911457896232605,0.9953034705803042,0.7377049180327869,0.5409836065573771,21,7,0.3678094434202649,0.4097230402054265,1.0,0.2857724392548543
fibonacci_first_n__nl__v3,fibonacci_first_n,fibonacci,nl,3,"Given a nonnegative integer n, return the first n Fibonacci values starting with zero and one.","Initialize with zero and one and an empty result list. Repeat n times, append the current first value, then replace the pair with the second value and their sum. Produce the result.",fast_offsets,False,32,32,39,38,True,1.4089766134949107,1.4408243298530579,0.6680690927339287,53.541111312806606,1.6643860325413316,1.671290397644043,0.8430261108463211,63.2466692365706,0.5507352007062811,0.5120944976806641,0.9618526838327709,0.10526315789473684,0.05263157894736842,2,1,0.8194614475643313,1.0489816438104655,0.8947368421052632,2.2329412091547916
count_equal_neighbors__python__v1,count_equal_neighbors,adjacent_analysis,python,1,"Given a list, count how many adjacent pairs contain equal values.","def count_equal_neighbors(values):
    count = 0
    for index in range(1, len(values)):
        if values[index] == values[index - 1]:
            count += 1
    return count",fast_offsets,False,23,23,56,55,True,0.3381427623982414,0.053442031145095825,0.5151212896175804,18.59785193190328,0.38093211455879183,0.05717456713318825,0.616333149437292,20.95126630073355,0.8959604425863786,0.992583692073822,0.9947278185324235,0.7090909090909091,0.5272727272727272,13,10,0.3642663828030453,0.41150103158940543,1.0,0.2991647132521476
running_sum__python__v3,running_sum,cumulative_scan,python,3,"Given a list of numbers, produce the running sum after each position.","def running_sum(result):
    entry = 0
    element = []
    for x in result:
        entry += x
        element.append(entry)
    return element",fast_offsets,False,24,24,42,41,True,0.5241413144167604,0.1553734391927719,0.658292345591855,21.489793891087174,0.6071085991485544,0.1624709516763687,0.7833351280448456,24.89145256509073,0.8496085819674701,0.9691146612167358,0.9896812060984169,0.6097560975609756,0.36585365853658536,13,5,0.6009516717516817,0.7047278667101636,0.926829268292683,1.0371817167892359
running_sum__python__v2,running_sum,cumulative_scan,python,2,"Given a list of numbers, produce the running sum after each position.","def running_sum(output):
    value = 0
    item = []
    for current in output:
        value += current
        item.append(value)
    return item",fast_offsets,False,24,24,42,41,True,0.5313082212900243,0.16600866615772247,0.6714286974540526,21.783637072890997,0.615063811271883,0.17425788938999176,0.8048488216811325,25.217616262147203,0.8415384696024221,0.9677975177764893,0.9891876476566966,0.6097560975609756,0.34146341463414637,13,5,0.5702408989425749,0.6720094352727756,0.926829268292683,0.915227641700412
fibonacci_nth__nl__v1,fibonacci_nth,fibonacci,nl,1,"Given a nonnegative integer n with F0 equal to zero and F1 equal to one, return Fn iteratively.","Start with the pair zero and one. Repeat n times, replacing the pair with the second value and the sum of the two values. Return the first value.",fast_offsets,False,35,35,33,32,True,1.3378488455200568,1.4718140363693237,0.671516067686776,42.81116305664182,1.6055121106328443,1.6729034185409546,0.9089087820607151,51.37638754025102,0.5692572146654129,0.5585539937019348,0.9586587864905596,0.125,0.03125,2,1,0.7614543868168708,1.0429148556243988,0.9375,1.6898602862638654
scan_min__python__v2,scan_min,scan_extremum,python,2,"Given a non-empty list of numbers, find the smallest value by scanning the list once.","def scan_min(current):
    item = current[0]
    for value in current[1:]:
        if value < item:
            item = value
    return item",fast_offsets,False,30,30,41,40,True,0.46906100962660274,0.07367558777332306,0.6692084250087634,18.76244038506411,0.5450499809579924,0.07594313099980354,0.8129257301374617,21.801999238319695,0.8568169228732586,0.9898861348628998,0.9898019924759864,0.65,0.5,12,8,0.43611727207182693,0.525007259243956,0.95,0.9212633253009699
product_one_to_n__nl__v1,product_one_to_n,factorial_product,nl,1,"Given a positive integer n, compute the product of all integers from one through n.","Start a product at one. Examine every integer from one through n, multiplying it into the product. Return the final product.",fast_offsets,False,28,28,27,26,True,1.2437857521268039,1.3656983971595764,0.5969200818140539,32.3384295552969,1.4107460861022656,1.604228913784027,0.7071572563821883,36.679398238658905,0.5799332295472805,0.5573831498622894,0.978130613382046,0.19230769230769232,0.0,1,0,0.6940033376216889,0.8043796753883362,0.9615384615384616,1.4797102397737594
count_even__nl__v2,count_even,parity_count,nl,2,"Given a list of integers, count how many values are even.","Begin a counter at zero. Inspect every integer. When the current value is even, increase the counter by one. Output the counter after all values are processed.",fast_offsets,False,24,24,33,32,True,1.061038720421493,0.8252225518226624,0.6699471027824262,33.95323905348778,1.187376250512898,0.9775176644325256,0.7693416111633324,37.996040016412735,0.6530290585942566,0.6793097853660583,0.9843251407146454,0.25,0.03125,2,1,0.7021491763091856,0.8042028392514875,1.0,1.9083802067907527
flatten_pairs__python__v2,flatten_pairs,flatten_one_level,python,2,"Given a list of two-element pairs, flatten the pairs into one list in pair order.","def flatten_pairs(value):
    current = []
    for item in value:
        current.append(item[0])
        current.append(item[1])
    return current",fast_offsets,False,30,30,45,44,True,0.38515269492563675,0.05990060418844223,0.5535806485381691,16.946718576728017,0.44598471520492405,0.0608638022094965,0.6767433811326776,19.623327469016658,0.8745282583615996,0.9907880127429962,0.9923564588481729,0.7045454545454546,0.5454545454545454,19,8,0.39529434501039146,0.47204426522123044,0.9545454545454546,0.605841718083618
remove_digits__nl__v3,remove_digits,string_filter,nl,3,"Given a string, return a new string with all decimal digits removed.","Initialize with an empty result string. Process each character. If it is not a decimal digit, append it to the result. Produce the result.",fast_offsets,False,25,25,30,29,True,0.8647933213104462,0.851691484451294,0.5264837985259118,25.07900631800294,0.9744475491601845,0.9587273597717285,0.6150207843277927,28.25897892564535,0.7114956286446802,0.6592342257499695,0.9874219812195877,0.27586206896551724,0.06896551724137931,3,1,0.5910919369863612,0.6743936267282281,0.896551724137931,1.4355801693484957
is_strictly_increasing__python__v2,is_strictly_increasing,monotonicity,python,2,"Given a list of numbers, determine whether it is strictly increasing.","def is_strictly_increasing(value):
    for item in range(1, len(value)):
        if value[item - 1] >= value[item]:
            return False
    return True",fast_offsets,False,23,23,48,47,True,0.27509315130404544,0.03728590905666351,0.4510370628755202,12.929378111290134,0.2992952021930715,0.037483517080545425,0.5098697817872654,14.06687450307436,0.9144052825075515,0.9950128197669983,0.9972722340137401,0.7872340425531915,0.6170212765957447,16,9,0.30348867265417107,0.3290780658374032,0.9787234042553191,0.5868454939371687
count_divisors__nl__v3,count_divisors,divisors,nl,3,"Given a positive integer n, count its positive divisors.","Initialize a counter at zero. Process every integer from one through n. If n is divisible by the current integer, increase the counter. Produce the counter.",fast_offsets,False,22,22,33,32,True,1.1489441410521977,1.2628185749053955,0.6442792425150738,36.766212513670325,1.3055888870730996,1.3546823859214783,0.7719834795055401,41.77884438633919,0.6488004308193922,0.6340508759021759,0.9792390279471874,0.1875,0.0625,2,1,0.664564290955182,0.787416462936709,0.9375,1.9920773327321513
keep_letters__python__v2,keep_letters,string_filter,python,2,"Given a string, return a new string containing only alphabetic characters.","def keep_letters(current):
    value = """"
    for item in current:
        if item.isalpha():
            value += item
    return value",fast_offsets,False,26,26,37,36,True,0.48379340682489175,0.1319202333688736,0.6077112859035918,17.416562645696104,0.5610178369097412,0.13638725876808167,0.7314952234318146,20.196642128750682,0.8572454767094718,0.9752752780914307,0.9908485296699736,0.6944444444444444,0.3611111111111111,7,3,0.5400442408131702,0.6282379506954126,0.9166666666666666,1.1392244627155985
flatten_pairs__python__v3,flatten_pairs,flatten_one_level,python,3,"Given a list of two-element pairs, flatten the pairs into one list in pair order.","def flatten_pairs(entry):
    x = []
    for element in entry:
        x.append(element[0])
        x.append(element[1])
    return x",fast_offsets,False,30,30,45,44,True,0.4219781197256948,0.0829554945230484,0.6031720363717696,18.567037267930573,0.49207357566708443,0.08778475970029831,0.7396357215669936,21.651237329351716,0.8710145469416272,0.9864528775215149,0.990890855138952,0.6818181818181818,0.4090909090909091,19,8,0.45259457870608544,0.5541914485254174,0.9545454545454546,0.761437548239924
rotate_right_one__nl__v2,rotate_right_one,rotation,nl,2,"Given a non-empty list, rotate it right by one position.","Build an empty result list. Add the original last element, then add every earlier element in original order. Output the result.",fast_offsets,False,25,25,25,24,True,1.3598552669088046,1.3009486198425293,0.5508979240501178,32.63652640581131,1.6756534303228061,1.559422492980957,0.738787084851318,40.215682327747345,0.5745116987576088,0.5687953233718872,0.9547808195153872,0.0,0.0,0,0,0.6049126231152079,0.8207030244495558,0.9166666666666666,2.6394647068033614
group_by_first_character__nl__v1,group_by_first_character,grouping,nl,1,"Given a list of non-empty strings, build a dictionary grouping strings by their first character while preserving input order inside each group.","Start with an empty dictionary. Examine each string, use its first character as the key, create an empty list for a new key, and append the string to that key's list. Return the dictionary.",fast_offsets,False,38,38,43,42,True,0.9175556071401972,0.8433476388454437,0.6471149912925678,38.537335499888286,1.0300217611559976,0.9472107291221619,0.7966555582080183,43.260913968551904,0.7235395326500847,0.8022858500480652,0.9837755660216013,0.35714285714285715,0.047619047619047616,3,1,0.7640061996445605,0.87878270117884,0.9761904761904762,1.311247743382756
clamp_values__python__v2,clamp_values,bounded_numeric_transform,python,2,"Given a list of numbers and lower and upper bounds, clamp each value into the inclusive interval.","def clamp_values(counter, item, current):
    value = []
    for output in counter:
        if output < item:
            value.append(item)
        elif output > current:
            value.append(current)
        else:
            value.append(output)
    return value",fast_offsets,False,30,30,70,69,True,0.5661611239732904,0.233574777841568,0.689228823723171,39.06511755415704,0.6574546307716789,0.24866673350334167,0.8611720294013442,45.36436952324584,0.8209996044203856,0.9529762864112854,0.9875829815864563,0.5942028985507246,0.37681159420289856,21,7,0.5436171650482506,0.6667300610501757,0.9420289855072463,1.0522868724191263
fibonacci_nth__python__v2,fibonacci_nth,fibonacci,python,2,"Given a nonnegative integer n with F0 equal to zero and F1 equal to one, return Fn iteratively.","def fibonacci_nth(output):
    value = 0
    current = 1
    for item in range(output):
        value, current = current, value + current
    return value",fast_offsets,False,35,35,46,45,True,0.6553622028893895,0.4378357231616974,0.7094253829351581,29.491299130022526,0.7702351779573493,0.4398680031299591,0.9319463773859067,34.66058300808072,0.795365121629503,0.8903710246086121,0.9821226835250855,0.4666666666666667,0.17777777777777778,4,2,0.6815958096730438,0.8514445043084297,0.9555555555555556,1.1045000933162454
running_product__nl__v1,running_product,cumulative_scan,nl,1,"Given a list of numbers, produce the running product after each position.",Start a product at one and create an empty result list. Examine the numbers in order. Multiply the product by each value and append the updated product to the result. Return the result.,fast_offsets,False,24,24,40,39,True,1.0831485566420433,0.9404619932174683,0.6183557234232598,42.24279370903969,1.248742053906123,0.9899523258209229,0.762872482710474,48.70094010233879,0.663933630937185,0.733133852481842,0.977554515386239,0.1794871794871795,0.02564102564102564,2,1,0.6399795189499855,0.7977750815059009,0.9487179487179487,1.7220593761795988
digit_sum__nl__v2,digit_sum,digit_aggregate,nl,2,"Given a nonnegative integer, compute the sum of its decimal digits.","Begin a total at zero. While the number is positive, add its last decimal digit to the total and remove that digit using integer division by ten. Output the total.",fast_offsets,False,25,25,34,33,True,1.2162484368591597,1.3463432788848877,0.7027777267666611,40.13619841635227,1.4212556488134644,1.5393505096435547,0.8984099805270216,46.901436410844326,0.6062369983304631,0.6127220392227173,0.9694632761406176,0.18181818181818182,0.030303030303030304,2,1,0.9328451184555888,1.143976264167577,0.9393939393939394,1.6827744382405372
frequency_map_chars__nl__v2,frequency_map_chars,frequency_map,nl,2,"Given a string, build a dictionary mapping each character to its occurrence count.","Begin with an empty dictionary. Inspect each character. If it is already a key, increase its count; otherwise build the key with count one. Output the dictionary.",fast_offsets,False,26,26,34,33,True,0.9541771276430651,0.9484653472900391,0.5289944213387483,31.487845212221146,1.0474809092102628,1.047434687614441,0.5718741059944317,34.566870003938675,0.6977117738940499,0.7144668698310852,0.9896255388404384,0.21212121212121213,0.0,2,0,0.5500435158610344,0.603256706148386,0.9696969696969697,1.749422940369131
contains_zero__python__v2,contains_zero,membership_test,python,2,"Given a list of numbers, determine whether zero occurs in the list.","def contains_zero(value):
    for item in value:
        if item == 0:
            return True
    return False",fast_offsets,False,24,24,30,29,True,0.42013476189860177,0.06667202711105347,0.6506323547391036,12.18390809505945,0.46357118344669035,0.06693553179502487,0.7331621942466121,13.443564319954021,0.8695687764677508,0.9912350177764893,0.9946869056800316,0.7586206896551724,0.5517241379310345,19,8,0.3548889684565698,0.4002144368984903,0.9655172413793104,0.6474839643095917
count_vowels__nl__v1,count_vowels,char_count,nl,1,"Given a lowercase string, count how many characters are vowels.","Start a counter at zero. Examine each character. Whenever it is one of a, e, i, o, or u, increase the counter by one. Return the counter.",fast_offsets,False,25,25,37,36,True,0.7464056669268757,0.5971128642559052,0.6629582792738208,26.870604009367526,0.8231250833228437,0.6320682466030121,0.7489145994312143,29.632502999622375,0.7538075600233343,0.8291642069816589,0.9904438224103715,0.3888888888888889,0.16666666666666666,7,4,0.5977054069616965,0.6514009545690247,0.9444444444444444,1.2401397648872161
filter_mapping_by_value__python__v3,filter_mapping_by_value,dictionary_transform,python,3,"Given a dictionary with numeric values and a threshold, return a new dictionary containing only entries whose value is greater than the threshold.","def filter_mapping_by_value(entry, result):
    x = {}
    for element, n_count in entry.items():
        if n_count > result:
            x[element] = n_count
    return x",fast_offsets,False,36,36,54,53,True,0.4342146959971392,0.15001869201660156,0.5189338253710091,23.013378887848376,0.4882516909919499,0.15126337110996246,0.607171351832305,25.877339622573345,0.872130293891115,0.9703778624534607,0.9939494459134228,0.6037735849056604,0.32075471698113206,14,7,0.4053147939444338,0.4685270298846612,0.8867924528301887,1.6679128436167991
string_palindrome__nl__v1,string_palindrome,palindrome_test,nl,1,"Given a string, determine whether it reads the same forward and backward.",Set one index at the beginning and another at the end. Compare the two characters and move both indices inward. Return false on a mismatch; return true if all mirrored pairs match.,fast_offsets,False,24,24,41,40,True,1.2175312147475779,1.128393530845642,0.7017872802203802,48.701248589903116,1.4200213146861642,1.3404719829559326,0.894202605646618,56.80085258744657,0.5996808782219887,0.6403891742229462,0.971433873474598,0.175,0.1,2,2,0.7922625658221734,0.9528123370538919,0.95,1.769811293919338
numeric_palindrome__nl__v1,numeric_palindrome,numeric_reverse,nl,1,"Given a nonnegative integer, determine whether its decimal digits form a palindrome.",Save the original number and build its reversed decimal value digit by digit. Compare the reversed value with the original and return whether they are equal.,fast_offsets,False,28,28,31,30,True,1.1309098381704341,1.2624281644821167,0.7280417754358657,33.92729514511302,1.3295602202725907,1.4008857011795044,0.9036307890199193,39.88680660817772,0.6397313669323921,0.6173504292964935,0.9727028965950012,0.23333333333333334,0.1,2,1,0.8413704440704194,0.9829127191854962,0.9333333333333333,1.660288941800051
count_character__nl__v3,count_character,char_count,nl,3,"Given a string and a character, count how many times that character appears.","Initialize a counter at zero. Process each character in the string. For any case in which it equals the target character, increase the counter by one. Produce the counter.",fast_offsets,False,25,25,35,34,True,0.8584407475941321,0.7470960915088654,0.609600263961868,29.186985418200493,0.9284169622423017,0.7797175645828247,0.6762355016185272,31.56617671623826,0.7218609566197676,0.8060765266418457,0.9918023084892946,0.3235294117647059,0.058823529411764705,5,1,0.7141432319626664,0.7827125496485017,0.9117647058823529,1.9809291763231158
frequency_map_items__python__v3,frequency_map_items,frequency_map,python,3,"Given a list of hashable values, build a dictionary mapping each value to its occurrence count.","def frequency_map_items(x):
    element = {}
    for entry in x:
        if entry in element:
            element[entry] += 1
        else:
            element[entry] = 1
    return element",fast_offsets,False,30,30,54,53,True,0.35157992173632047,0.06866641342639923,0.5860425755741886,18.633735852024984,0.4118154854510959,0.07018624991178513,0.729533840365283,21.826220728908083,0.8952484299551766,0.9897520542144775,0.991995024231245,0.7547169811320755,0.49056603773584906,28,15,0.41352346150177677,0.49503698592273465,0.9622641509433962,0.9742668240697073
chunks_fixed_size__python__v1,chunks_fixed_size,chunking,python,1,"Given a list and a positive chunk size, split the list into consecutive chunks of at most that size.","def chunks_fixed_size(values, size):
    result = []
    for start in range(0, len(values), size):
        result.append(values[start:start + size])
    return result",fast_offsets,False,31,31,49,48,True,0.4028132050389104,0.14578338712453842,0.5333467672666885,19.3350338418677,0.4648147207626607,0.14906107634305954,0.6597353426764553,22.311106596607715,0.877128175770243,0.9731737971305847,0.9922264814376831,0.6458333333333334,0.4166666666666667,11,7,0.41017597144038637,0.49216971441390034,0.9583333333333334,0.6936064488233266
filter_nonnegative__nl__v1,filter_nonnegative,sign_filter,nl,1,"Given a list of numbers, create a new list containing only values greater than or equal to zero.","Start with an empty result list. Examine every number. Whenever a number is at least zero, append it to the result. Return the result after processing the input.",fast_offsets,False,30,30,34,33,True,0.7782063856720924,0.6680299043655396,0.615465534044717,25.68081072717905,0.8425934552920588,0.7348402142524719,0.6915857524393338,27.805584024637938,0.7448882180632967,0.8606772422790527,0.9919441161733685,0.3939393939393939,0.06060606060606061,4,1,0.6862419969402254,0.755411823047325,0.9393939393939394,1.914229879183977
ordered_unique_intersection__python__v1,ordered_unique_intersection,ordered_intersection,python,1,"Given two lists, return distinct values from the first list that also occur in the second list, preserving first-list order.","def ordered_unique_intersection(first, second):
    result = []
    for value in first:
        if value in second and value not in result:
            result.append(value)
    return result",fast_offsets,False,36,36,48,47,True,0.39460967872613806,0.07708627730607986,0.612852914132573,18.546654900128487,0.49546439351484256,0.07906995713710785,0.8292453650530437,23.2868264951976,0.8795131945863683,0.9864174723625183,0.9863482371289679,0.7446808510638298,0.48936170212765956,17,13,0.39227945194832736,0.5001876594184939,0.9787234042553191,0.5203431171176681
transpose_matrix__python__v2,transpose_matrix,matrix_transform,python,2,"Given a non-empty rectangular matrix, return its transpose.","def transpose_matrix(value):
    output = []
    for item in range(len(value[0])):
        current = []
        for counter in value:
            current.append(counter[item])
        output.append(current)
    return output",fast_offsets,False,24,24,61,60,True,0.38513741085965497,0.07394320890307426,0.632882630989336,23.108244651579298,0.4521278230900255,0.08239899948239326,0.7870034926872893,27.127669385401532,0.8811537322898706,0.9889840483665466,0.9901669492324193,0.7333333333333333,0.45,23,7,0.46390428289502733,0.5539209081917622,0.95,0.7581376477715821
flatten_lists__python__v1,flatten_lists,flatten_one_level,python,1,"Given a list of lists, flatten exactly one level into a single list.","def flatten_lists(groups):
    result = []
    for group in groups:
        for value in group:
            result.append(value)
    return result",fast_offsets,False,26,26,39,38,True,0.4454463576701911,0.05245538614690304,0.6348795011406441,16.92696159146726,0.533296112326513,0.053208399564027786,0.7832265625581025,20.265252268407494,0.860411145969441,0.9920320808887482,0.9891013675614407,0.7105263157894737,0.5263157894736842,9,6,0.5261334600178776,0.64924200923761,0.9736842105263158,0.6219379663885584
square_values__python__v2,square_values,element_transform,python,2,"Given a list of numbers, create a list containing the square of each element.","def square_values(current):
    item = []
    for value in current:
        item.append(value * value)
    return item",fast_offsets,False,26,26,33,32,True,0.5086959161126288,0.12723519653081894,0.607743846454421,16.27826931560412,0.5638440665788949,0.12874919176101685,0.6877261150469668,18.043010130524635,0.847133451141417,0.9793249368667603,0.9935848377645016,0.625,0.40625,6,4,0.5133813811586269,0.5780550266105321,0.9375,1.2698215057844209
scan_max__python__v3,scan_max,scan_extremum,python,3,"Given a non-empty list of numbers, find the largest value by scanning the list once.","def scan_max(x):
    element = x[0]
    for entry in x[1:]:
        if entry > element:
            element = entry
    return element",fast_offsets,False,30,30,41,40,True,0.47370702553307636,0.1030825525522232,0.6640839651134913,18.948281021323055,0.5545014037750662,0.11223067343235016,0.8124127612787219,22.180056151002645,0.8524712439626455,0.9831103384494781,0.9890940368175507,0.675,0.4,12,4,0.45022682847980505,0.5461673147212236,0.95,0.8146654203752405
matrix_contains__python__v2,matrix_contains,matrix_search,python,2,"Given a matrix and a target value, determine whether the target occurs anywhere in the matrix.","def matrix_contains(item, current):
    for value in item:
        for output in value:
            if output == current:
                return True
    return False",fast_offsets,False,28,28,39,38,True,0.5128652952047751,0.2685427665710449,0.5939472089134444,19.488881217781454,0.6143883055713224,0.28273023664951324,0.8208263718213019,23.34675561171025,0.8520602672115752,0.942406564950943,0.9836411742787612,0.631578947368421,0.23684210526315788,7,3,0.45282717741321066,0.574694519761849,0.8947368421052632,1.9514494571868501
keep_letters__nl__v1,keep_letters,string_filter,nl,1,"Given a string, return a new string containing only alphabetic characters.","Start with an empty result string. Examine each character. If it is alphabetic, append it to the result. Return the result.",fast_offsets,False,26,26,30,29,True,0.7468229552172927,0.5392470955848694,0.6227731776218368,21.65786570130149,0.8212193868058766,0.6272194385528564,0.6972058125754911,23.81536221737042,0.7457789902029366,0.8806111216545105,0.9913539989241238,0.3793103448275862,0.10344827586206896,3,2,0.6828118359761512,0.7499535076120603,0.9655172413793104,0.9042312415958491
invert_unique_map__nl__v1,invert_unique_map,dictionary_transform,nl,1,"Given a dictionary whose values are unique, return a new dictionary mapping each original value to its original key.",Start with an empty result dictionary. Examine each key and value in the input and assign the original key under the original value in the result. Return the result.,fast_offsets,False,31,31,33,32,True,0.7863261897582561,0.7228471636772156,0.5255602196838611,25.162438072264194,0.8689211445162073,0.7768134474754333,0.6012737604132764,27.805476624518633,0.7604120122268796,0.8268069922924042,0.9904252830892801,0.28125,0.09375,1,1,0.7319986123231149,0.8263494841033413,0.9375,1.6289517581753898
running_sum__python__v1,running_sum,cumulative_scan,python,1,"Given a list of numbers, produce the running sum after each position.","def running_sum(values):
    total = 0
    result = []
    for value in values:
        total += value
        result.append(total)
    return result",fast_offsets,False,24,24,42,41,True,0.3650590709876269,0.06411941349506378,0.5897795525577915,14.967421910492703,0.4099956803299237,0.06430457532405853,0.6778786651117271,16.80982289352687,0.8963888229393377,0.9906575679779053,0.9946754036880121,0.7804878048780488,0.5121951219512195,20,5,0.49106415297137573,0.5515176654647803,1.0,0.3257151736239704
numeric_palindrome__python__v1,numeric_palindrome,numeric_reverse,python,1,"Given a nonnegative integer, determine whether its decimal digits form a palindrome.","def numeric_palindrome(number):
    original = number
    reversed_number = 0
    while number > 0:
        digit = number % 10
        reversed_number = reversed_number * 10 + digit
        number //= 10
    return original == reversed_number",fast_offsets,False,28,28,75,74,True,0.29884755859703743,0.038749948143959045,0.45381377234850606,22.11471933618077,0.33669054842366186,0.03958969563245773,0.535203519397041,24.915100583350977,0.9011998333641,0.9948840439319611,0.9955944853859979,0.7027027027027027,0.5675675675675675,13,8,0.32087014486767484,0.37029639105978823,0.9864864864864865,0.37706312914137746
running_product__nl__v2,running_product,cumulative_scan,nl,2,"Given a list of numbers, produce the running product after each position.",Begin a product at one and build an empty result list. Inspect the numbers in order. Multiply the product by each value and add the updated product to the result. Output the result.,fast_offsets,False,24,24,40,39,True,1.2291198461674726,1.181581974029541,0.664485547229627,47.935674000531435,1.4590680477901912,1.3775129318237305,0.840740226473934,56.90365386381745,0.6049564350873996,0.6281123757362366,0.9671817727577992,0.15384615384615385,0.02564102564102564,3,1,0.5642705612668866,0.7368889958842805,0.9743589743589743,2.1055617194431715
dedupe_last__nl__v3,dedupe_last,deduplication,nl,3,"Given a list, remove duplicate values while keeping the last occurrence of each value and preserving the order of those kept occurrences.","Initialize with an empty temporary list. Process the input from right to left. If the current value has not yet been kept, append it to the temporary list. Reverse that list and return it.",fast_offsets,False,38,38,40,39,True,0.9663251762111218,0.8117831349372864,0.5760005198360765,37.68668187223375,1.0701173599809408,0.8673965930938721,0.6534189653121564,41.73457703925669,0.6909917722909878,0.7058859467506409,0.9875943416204208,0.20512820512820512,0.07692307692307693,2,1,0.6462410873684444,0.7460763716187916,0.9230769230769231,2.003975380450869
merge_sorted_ascending__nl__v3,merge_sorted_ascending,merge_sorted,nl,3,"Given two lists sorted in ascending order, merge them into one ascending list.",Initialize an empty result and place one index at the start of each list. Repeatedly append the smaller current value and advance its index. Place any remaining values and return the result.,fast_offsets,False,27,27,37,36,True,1.164008099404681,1.1332878470420837,0.6631244191667592,41.90429157856852,1.3698929880435269,1.2921959161758423,0.8582938688208674,49.316147569566965,0.6343386131856177,0.6584133505821228,0.9697408957613839,0.16666666666666666,0.027777777777777776,1,1,0.8281111644314868,1.0154116202677999,0.9444444444444444,2.326218790080424
integer_to_binary__nl__v1,integer_to_binary,base_conversion,nl,1,"Given a positive integer, return its binary representation as a string without a prefix.","Start with an empty digit list. Repeatedly append the remainder after division by two and divide the number by two. Reverse the collected digits, join them, and return the string.",fast_offsets,False,26,26,39,38,True,1.1343724274315479,1.054973304271698,0.7200613458673615,43.10615224239882,1.3521209222350368,1.265096664428711,0.9198978906505466,51.3805950449314,0.6332592168136647,0.6514595150947571,0.968424357865986,0.23684210526315788,0.05263157894736842,2,1,0.8349135450427294,1.0952989675633207,0.8947368421052632,2.0181169534258325
main_diagonal_sum__nl__v3,main_diagonal_sum,diagonal_aggregate,nl,3,"Given a square matrix, calculate the sum of its main diagonal.","Initialize a total at zero. For every index, add the matrix element whose row and column both equal that index. Produce the total.",fast_offsets,False,23,23,28,27,True,1.1735120815811333,1.2202022075653076,0.5585781859975966,31.6848262026906,1.305723904804499,1.3370640277862549,0.6718661828495595,35.254545429721475,0.6110852592521243,0.6045747399330139,0.9824460237114517,0.1111111111111111,0.037037037037037035,1,1,0.6269768126882039,0.7325808008989463,0.8888888888888888,2.555897747416532
gcd_list__python__v3,gcd_list,gcd_family,python,3,"Given a non-empty list of nonnegative integers, compute the greatest common divisor of all values.","def gcd_list(n_count):
    x = n_count[0]
    for result in n_count[1:]:
        element = x
        entry = result
        while entry != 0:
            element, entry = entry, element % entry
        x = element
    return x",fast_offsets,False,32,32,70,69,True,0.5317238375217236,0.31490108370780945,0.5998037777321484,36.688944788998924,0.6253133629139959,0.3219999372959137,0.7653595897422788,43.14662204106571,0.8426324571820273,0.9319738149642944,0.9882083889366924,0.5942028985507246,0.2753623188405797,9,4,0.5501240493424976,0.6653974744378288,0.9420289855072463,1.1587686421489576
count_divisors__python__v3,count_divisors,divisors,python,3,"Given a positive integer n, count its positive divisors.","def count_divisors(x):
    element = 0
    for entry in range(1, x + 1):
        if x % entry == 0:
            element += 1
    return element",fast_offsets,False,22,22,49,48,True,0.38186018530177535,0.12053076922893524,0.5457936735574708,18.329288894485217,0.43771042009454203,0.14429736882448196,0.6652865411663482,21.010100164538017,0.8811744479462504,0.9790812432765961,0.9927895627915859,0.7291666666666666,0.375,16,6,0.34939203684049797,0.40967101847103976,0.9583333333333334,0.8243714442266233
count_above__python__v3,count_above,threshold_count,python,3,"Given a list of numbers and a threshold, count the values greater than the threshold.","def count_above(result, entry):
    element = 0
    for x in result:
        if x > entry:
            element += 1
    return element",fast_offsets,False,27,27,40,39,True,0.6374813656140572,0.45117640495300293,0.636704936093586,24.861773258948233,0.7553843644907315,0.45486101508140564,0.8287430533760809,29.459990215138532,0.8095654566318561,0.9029063582420349,0.9845761045431479,0.5384615384615384,0.23076923076923078,9,2,0.5640391443249475,0.7072969519864082,0.9230769230769231,1.2048157381067517
fibonacci_first_n__nl__v1,fibonacci_first_n,fibonacci,nl,1,"Given a nonnegative integer n, return the first n Fibonacci values starting with zero and one.","Start with zero and one and an empty result list. Repeat n times, append the current first value, then replace the pair with the second value and their sum. Return the result.",fast_offsets,False,32,32,38,37,True,1.3781074402300086,1.502565622329712,0.6750287275318061,50.98997528851032,1.6184443835471127,1.7018989324569702,0.8458505024935116,59.88244219124317,0.5551507738796441,0.5302107930183411,0.9638225065695273,0.13513513513513514,0.02702702702702703,2,1,0.8353218229280578,1.072530787024233,0.9459459459459459,1.9542767176454938
gcd_two__python__v2,gcd_two,gcd_family,python,2,"Given two nonnegative integers, compute their greatest common divisor using the Euclidean algorithm.","def gcd_two(item, value):
    while value != 0:
        item, value = value, item % value
    return item",fast_offsets,False,31,31,33,32,True,0.5053370678724605,0.13193362206220627,0.6726817821082803,16.170786171918735,0.6500543911142813,0.14165450632572174,0.9850312353243067,20.801740515657002,0.8418507664464414,0.9762023389339447,0.978813910856843,0.6875,0.34375,12,5,0.5306223628651952,0.7853615327434044,0.90625,1.185752561119898
group_by_length__nl__v1,group_by_length,grouping,nl,1,"Given a list of strings, build a dictionary grouping strings by their length while preserving input order inside each group.","Start with an empty dictionary. Examine each string, use its length as the key, create an empty list for a new key, and append the string to that key's list. Return the dictionary.",fast_offsets,False,34,34,42,41,True,0.9038618499038332,0.7906445264816284,0.6583437370979679,37.05833584605716,1.0166224788323543,0.8703076839447021,0.8288446438446962,41.68152163212653,0.7274174973732088,0.8148953318595886,0.9826900232128981,0.34146341463414637,0.07317073170731707,3,1,0.8135926586692221,0.9385585520241875,0.9512195121951219,1.364943269264697
moving_average_three__nl__v3,moving_average_three,sliding_window,nl,3,"Given a list of numbers, return the average of every consecutive window of three values.","Initialize an empty result list. For each starting index that leaves three values available, add those three values, divide by three, and append the average. Produce the result.",fast_offsets,False,27,27,35,34,True,1.1648456362240456,0.9013761878013611,0.7290401332096558,39.604751631617546,1.3375494019950138,1.0808774828910828,0.8840199407961034,45.47667966783047,0.6386968160376829,0.6974177062511444,0.975382932845284,0.17647058823529413,0.0,1,0,0.6784861295512228,0.8436421634572925,0.9705882352941176,2.0971474681487856
first_even_index__python__v1,first_even_index,first_match_index,python,1,"Given a list of integers, return the index of the first even value, or minus one if none exists.","def first_even_index(values):
    for index, value in enumerate(values):
        if value % 2 == 0:
            return index
    return -1",fast_offsets,False,34,34,41,40,True,0.2883688794640875,0.03285577427595854,0.4732093848301927,11.5347551785635,0.31573477282872775,0.03535977192223072,0.5357350048149083,12.629390913149109,0.9130080781877041,0.9958349466323853,0.9968933537602425,0.75,0.6,26,11,0.2554533243836396,0.29156480681372043,1.0,0.3126581865997025
count_below__python__v2,count_below,threshold_count,python,2,"Given a list of numbers and a threshold, count the values less than the threshold.","def count_below(output, value):
    item = 0
    for current in output:
        if current < value:
            item += 1
    return item",fast_offsets,False,27,27,40,39,True,0.5254820256571596,0.20125925540924072,0.6161881796594187,20.493799000629224,0.6344312579786697,0.21066412329673767,0.7860528354468216,24.74281906116812,0.847889108535571,0.956757664680481,0.9860238876098242,0.5897435897435898,0.3076923076923077,16,3,0.4648140886688213,0.5714493341135829,0.9230769230769231,1.1472139874690934
main_diagonal_sum__python__v1,main_diagonal_sum,diagonal_aggregate,python,1,"Given a square matrix, calculate the sum of its main diagonal.","def main_diagonal_sum(matrix):
    total = 0
    for index in range(len(matrix)):
        total += matrix[index][index]
    return total",fast_offsets,False,23,23,41,40,True,0.33475203216803495,0.04455341212451458,0.537701341650948,13.390081286721397,0.3607622550407541,0.04986194148659706,0.5983680834792703,14.430490201630164,0.8982496611773968,0.993819922208786,0.9966672316193581,0.725,0.6,20,8,0.3537256146381155,0.38825051692457724,1.0,0.32819106484653277
rotate_right_one__python__v1,rotate_right_one,rotation,python,1,"Given a non-empty list, rotate it right by one position.","def rotate_right_one(values):
    result = [values[-1]]
    for value in values[:-1]:
        result.append(value)
    return result",fast_offsets,False,25,25,41,40,True,0.5102399907889776,0.24950166791677475,0.6240935137553597,20.409599631559104,0.574031172071409,0.2564663738012314,0.7343970135226887,22.961246882856358,0.8289905123412609,0.9466285407543182,0.9920550167560578,0.65,0.375,15,6,0.5503936328519231,0.626077642935949,0.975,0.6636038953398383
frequency_map_items__python__v1,frequency_map_items,frequency_map,python,1,"Given a list of hashable values, build a dictionary mapping each value to its occurrence count.","def frequency_map_items(values):
    counts = {}
    for value in values:
        if value in counts:
            counts[value] += 1
        else:
            counts[value] = 1
    return counts",fast_offsets,False,30,30,54,53,True,0.2919836492073955,0.018446944653987885,0.5578487586113968,15.475133407991962,0.33901798983314846,0.020054908469319344,0.6938266760206274,17.967953461156867,0.908552607275405,0.9974223971366882,0.9935713860223878,0.7735849056603774,0.6037735849056604,28,16,0.3645847508915512,0.42608525173524797,0.9811320754716981,0.5783925975009587
count_above__nl__v2,count_above,threshold_count,nl,2,"Given a list of numbers and a threshold, count the values greater than the threshold.","Begin a counter at zero. Inspect every value. When the current value is greater than the threshold, increase the counter by one. Output the counter.",fast_offsets,False,27,27,31,30,True,0.9111767172813415,0.754797488451004,0.6620842114588898,27.335301518440247,1.012225840985775,0.7766724824905396,0.7552010914206063,30.36677522957325,0.6972059900561969,0.7950029373168945,0.9878934264183045,0.3333333333333333,0.06666666666666667,7,1,0.5900751424246821,0.6625798488485402,0.9666666666666667,1.6191461294268568
bubble_sort_descending__python__v3,bubble_sort_descending,bubble_sort,python,3,"Given a list of numbers, sort it in descending order using bubble sort and return the sorted copy.","def bubble_sort_descending(result):
    x = result[:]
    for element in range(len(x) - 1, 0, -1):
        for entry in range(element):
            if x[entry] < x[entry + 1]:
                x[entry], x[entry + 1] = x[entry + 1], x[entry]
    return x",fast_offsets,False,31,31,92,91,True,0.2783894681776004,0.05477286875247955,0.4408378895430028,25.333441604161635,0.3026766765818408,0.054813895374536514,0.49798289703149107,27.543577568947512,0.908734972005362,0.9913391470909119,0.9972243800268068,0.7912087912087912,0.5274725274725275,26,20,0.3149976798488448,0.3442736528737846,0.9560439560439561,0.6371902467113879
dedupe_last__nl__v2,dedupe_last,deduplication,nl,2,"Given a list, remove duplicate values while keeping the last occurrence of each value and preserving the order of those kept occurrences.","Begin with an empty temporary list. Inspect the input from right to left. When the current value has not yet been kept, add it to the temporary list. Reverse that list and output it.",fast_offsets,False,38,38,41,40,True,1.0624759346013888,1.0100536942481995,0.6503140393177385,42.499037384055555,1.1929530371911823,1.124567449092865,0.747583512820392,47.718121487647295,0.656653368100524,0.657952755689621,0.9836642548441887,0.225,0.05,3,1,0.6918899501458957,0.8089256338202037,0.925,2.083561631271732
lcm_list__python__v1,lcm_list,lcm_family,python,1,"Given a non-empty list of positive integers, compute the least common multiple of all values.","def lcm_list(values):
    current = values[0]
    for value in values[1:]:
        a = current
        b = value
        while b != 0:
            a, b = b, a % b
        current = (current // a) * value
    return current",fast_offsets,False,30,30,70,69,True,0.4467404787428677,0.133329838514328,0.6096981134848054,30.825093033257872,0.529381115053632,0.13355523347854614,0.7975501828353307,36.5272969387006,0.8596133030411126,0.9773574471473694,0.9885153347167416,0.6666666666666666,0.42028985507246375,11,5,0.45843649500816624,0.5733961203094462,0.9710144927536232,0.5567874095163923
gcd_list__nl__v3,gcd_list,gcd_family,nl,3,"Given a non-empty list of nonnegative integers, compute the greatest common divisor of all values.","Set the first value as the current gcd. For each remaining value, repeatedly apply the Euclidean algorithm to combine it with the current gcd. Produce the final gcd.",fast_offsets,False,32,32,39,38,True,1.1861928462197906,1.274157166481018,0.7821550315309956,45.07532815635204,1.4442902126619102,1.4342694878578186,1.0509314512603594,54.88302808115259,0.6290469251965222,0.633290559053421,0.9606270429335142,0.2631578947368421,0.15789473684210525,3,1,0.7593459221156867,0.9518519660860703,0.9473684210526315,1.371488236256578
filter_negative__nl__v3,filter_negative,sign_filter,nl,3,"Given a list of numbers, create a new list containing only negative values.","Initialize with an empty result list. Process every number. For any case in which a number is less than zero, append it to the result. Produce the result after processing the input.",fast_offsets,False,25,25,38,37,True,0.9049428194962643,0.8435786962509155,0.5403913872960877,33.48288432136178,0.9986649666585632,0.9407159090042114,0.607033426673944,36.95060376636684,0.71377591023574,0.723150372505188,0.9894356872584369,0.24324324324324326,0.02702702702702703,3,1,0.5553824427641101,0.6168996585119102,0.8918918918918919,2.5118018300209597
sum_positive__nl__v3,sum_positive,sign_sum,nl,3,"Given a list of numbers, sum only the positive values.","Initialize the total at zero. Process every number. For any case in which a number is greater than zero, add it to the total. Produce the total after the list has been processed.",fast_offsets,False,22,22,39,38,True,0.9581953151837775,0.9892329275608063,0.599754532146509,36.41142197698355,1.0643305055012828,1.0774421095848083,0.6800402902911887,40.44455920904875,0.6987643665389011,0.7266402244567871,0.9875062609973707,0.2894736842105263,0.02631578947368421,3,1,0.6500110557755908,0.746541883897137,0.9210526315789473,2.1674286367273643
is_strictly_increasing__nl__v3,is_strictly_increasing,monotonicity,nl,3,"Given a list of numbers, determine whether it is strictly increasing.","Process each adjacent pair from left to right. If an earlier value is greater than or equal to the following value, return false. Produce true if every pair increases.",fast_offsets,False,23,23,34,33,True,0.9559288571842692,1.0439532995224,0.5954663841100043,31.545652287080884,1.0680815499050147,1.128652572631836,0.6873765931347345,35.24669114686549,0.6831921618996244,0.6868349313735962,0.9863926045822374,0.30303030303030304,0.06060606060606061,2,1,0.6192301939008757,0.7030830349540338,0.9393939393939394,1.9129150703119002
window_sum_three__nl__v3,window_sum_three,sliding_window,nl,3,"Given a list of numbers, return the sum of every consecutive window of three values.","Initialize an empty result list. For each starting index that leaves three values available, add those three values and append the sum. Produce the result.",fast_offsets,False,27,27,30,29,True,1.320621246921605,1.3058451414108276,0.7234638300746391,38.29801616072655,1.5348778844907367,1.4372267723083496,0.8883541268771981,44.51145865023136,0.590954005204398,0.5224646925926208,0.9686284537973076,0.13793103448275862,0.0,1,0,0.796449390905244,0.9704693970935685,0.9310344827586207,2.363819887668922
rotate_left_one__python__v1,rotate_left_one,rotation,python,1,"Given a non-empty list, rotate it left by one position.","def rotate_left_one(values):
    result = []
    for value in values[1:]:
        result.append(value)
    result.append(values[0])
    return result",fast_offsets,False,25,25,47,46,True,0.44223298166331876,0.1772918477654457,0.6084293731718449,20.342717156512663,0.5102048451688302,0.17832441627979279,0.7623118581609658,23.469422877766192,0.8646685367693072,0.9683830440044403,0.9903436056945635,0.6956521739130435,0.3695652173913043,22,6,0.4828283887873921,0.5871493961248133,0.9782608695652174,0.5265993138276351
is_nondecreasing__nl__v1,is_nondecreasing,monotonicity,nl,1,"Given a list of numbers, determine whether it is in nondecreasing order.","Examine each adjacent pair from left to right. If an earlier value is greater than the following value, return false. Return true if no such pair exists.",fast_offsets,False,27,27,32,31,True,0.9171237874055101,1.037524938583374,0.5262107617305295,28.430837409570813,1.0004299458176378,1.1295537948608398,0.5770794303978284,31.013328320346773,0.6963859748455786,0.7346729040145874,0.9904263904017787,0.2903225806451613,0.06451612903225806,2,1,0.6581821003307898,0.7053423112258315,1.0,1.2991193779180907
count_words__nl__v3,count_words,word_count,nl,3,"Given a string containing words separated by whitespace, count the words.",Proceed as follows. Split the string on whitespace and return the number of resulting words.,fast_offsets,False,24,24,20,19,True,1.0360513760855323,0.8599658012390137,0.7820861044768165,19.684976145625114,1.188556625654823,1.0823192596435547,0.8926174791092928,22.582575887441635,0.6920667306372994,0.8028592467308044,0.9795546751273306,0.3157894736842105,0.05263157894736842,2,1,0.9407377673519982,1.1089878380298615,1.0,1.6106687849877697
count_odd__python__v3,count_odd,parity_count,python,3,"Given a list of integers, count how many values are odd.","def count_odd(x):
    element = 0
    for entry in x:
        if entry % 2 != 0:
            element += 1
    return element",fast_offsets,False,24,24,41,40,True,0.43259712208164275,0.14116572588682175,0.5556605567718466,17.30388488326571,0.48715477120131256,0.1418650895357132,0.6564117043693967,19.4861908480525,0.8712278246879578,0.9696135222911835,0.9929406508803368,0.65,0.35,6,4,0.3825919451027846,0.4405203681343641,0.95,0.7596511356906376
minmax_normalize__python__v1,minmax_normalize,bounded_numeric_transform,python,1,"Given a non-empty list of numbers with distinct minimum and maximum values, scale each value into the interval from zero to one using min-max normalization.","def minmax_normalize(values):
    low = min(values)
    high = max(values)
    result = []
    for value in values:
        result.append((value - low) / (high - low))
    return result",fast_offsets,False,42,42,57,56,True,0.3250969297402792,0.024565312545746565,0.5304779161414552,18.205428065455635,0.3463904043357096,0.024675379507243633,0.5802785735533681,19.397862642799737,0.8850650148732322,0.9967043101787567,0.9975169130734035,0.7142857142857143,0.6071428571428571,17,12,0.3920700463228224,0.4267627963447012,1.0,0.35538487042772104
binary_to_integer__python__v1,binary_to_integer,base_conversion,python,1,"Given a string of binary digits, convert it to a nonnegative integer.","def binary_to_integer(text):
    result = 0
    for char in text:
        result = result * 2 + int(char)
    return result",fast_offsets,False,26,26,39,38,True,0.5530263456136086,0.1982225626707077,0.6536326066369238,21.015001133317128,0.6318746938394677,0.202828511595726,0.7921695116119964,24.01123836589977,0.8266877351622832,0.9586263000965118,0.9894230946114189,0.5526315789473685,0.3684210526315789,7,3,0.5243903648083073,0.6183573701544791,0.9736842105263158,0.5404783502936449
matrix_find_position__python__v1,matrix_find_position,matrix_search,python,1,"Given a matrix and a target value, return the row and column of the first occurrence in row-major order, or minus one for both if absent.","def matrix_find_position(matrix, target):
    for row in range(len(matrix)):
        for col in range(len(matrix[row])):
            if matrix[row][col] == target:
                return row, col
    return -1, -1",fast_offsets,False,43,43,63,62,True,0.2645072966786815,0.026136616244912148,0.4305554375621815,16.399452394078253,0.29638084282651694,0.027233936823904514,0.5015451152992438,18.37561225524405,0.9206076966178033,0.996637225151062,0.996366374915646,0.7258064516129032,0.5806451612903226,18,6,0.23486586598408424,0.27283224985995863,1.0,0.4040089858640239
lcm_list__python__v2,lcm_list,lcm_family,python,2,"Given a non-empty list of positive integers, compute the least common multiple of all values.","def lcm_list(counter):
    current = counter[0]
    for output in counter[1:]:
        item = current
        value = output
        while value != 0:
            item, value = value, item % value
        current = (current // item) * output
    return current",fast_offsets,False,30,30,70,69,True,0.6166530054170585,0.3266591429710388,0.6703757300984396,42.54905737377703,0.7396919858385471,0.3403083384037018,0.899794162209082,51.03874702285975,0.8024017959833145,0.9236849546432495,0.9822879001714181,0.5652173913043478,0.21739130434782608,8,4,0.601862508474904,0.7678600307280088,0.927536231884058,1.1667912479091869
partition_by_threshold__nl__v1,partition_by_threshold,partition,nl,1,"Given a list of numbers and a threshold, return two lists: values below the threshold and values at least the threshold, preserving order.",Create two empty result lists. Examine each number and append it to the below-threshold list or the other list according to the comparison. Return both lists.,fast_offsets,False,38,38,32,31,True,1.013739819007535,1.0153858661651611,0.5804748968858017,31.42593438923359,1.1167390685408347,1.0548994541168213,0.6550057684043561,34.61891112476587,0.6818734599697974,0.682783305644989,0.9878045397420083,0.1935483870967742,0.0,2,0,0.6906803528467814,0.769982939461867,0.9354838709677419,1.8460177572504166
most_frequent__python__v3,most_frequent,mode_selection,python,3,"Given a non-empty list, return a value with the highest occurrence count, choosing the first such value on ties.","def most_frequent(result):
    entry = {}
    for x in result:
        entry[x] = entry.get(x, 0) + 1
    element = result[0]
    for x in result:
        if entry[x] > entry[element]:
            element = x
    return element",fast_offsets,False,35,35,76,75,True,0.4542803324476699,0.1177096962928772,0.6824208279098508,34.071024933575245,0.5338910034968285,0.11807451397180557,0.8466585840915096,40.04182526226214,0.8552403261264165,0.9789115190505981,0.9888806748390198,0.72,0.41333333333333333,17,8,0.4481905656054575,0.5415525640816446,0.96,0.7548856076480054
count_below__nl__v2,count_below,threshold_count,nl,2,"Given a list of numbers and a threshold, count the values less than the threshold.","Begin a counter at zero. Inspect every value. When the current value is less than the threshold, increase the counter by one. Output the counter.",fast_offsets,False,27,27,31,30,True,0.8997890425225099,0.7423980832099915,0.6584728007654521,26.993671275675297,1.0018466892341773,0.8007710874080658,0.7511720803463111,30.055400677025318,0.6997024496396382,0.7845725417137146,0.987816164890925,0.36666666666666664,0.06666666666666667,7,1,0.591627391761747,0.6608159619158712,0.9666666666666667,1.6413297762162984
most_frequent__python__v1,most_frequent,mode_selection,python,1,"Given a non-empty list, return a value with the highest occurrence count, choosing the first such value on ties.","def most_frequent(values):
    counts = {}
    for value in values:
        counts[value] = counts.get(value, 0) + 1
    best = values[0]
    for value in values:
        if counts[value] > counts[best]:
            best = value
    return best",fast_offsets,False,35,35,76,75,True,0.3601815589392208,0.051718663424253464,0.5798555391378964,27.013616920441564,0.41172551683324854,0.05184902250766754,0.7019388043261529,30.87941376249364,0.8867577310403189,0.9920060634613037,0.9933591119448344,0.7333333333333333,0.5333333333333333,17,8,0.37221524543526135,0.444409979333884,0.9866666666666667,0.4358162942961644
merge_sorted_descending__nl__v1,merge_sorted_descending,merge_sorted,nl,1,"Given two lists sorted in descending order, merge them into one descending list.",Create an empty result and place one index at the start of each list. Repeatedly append the larger current value and advance its index. Append any remaining values and return the result.,fast_offsets,False,27,27,37,36,True,1.120932216807786,0.9941650629043579,0.6942527864270985,40.353559805080295,1.3037626066038177,1.1787412762641907,0.8513399150594755,46.93545383773744,0.6529395071168741,0.6920544505119324,0.9736624028947618,0.25,0.027777777777777776,2,1,0.8650341077574661,1.014180363608258,0.9444444444444444,2.1593556193531387
reverse_integer__python__v1,reverse_integer,numeric_reverse,python,1,"Given a nonnegative integer, reverse the order of its decimal digits.","def reverse_integer(number):
    result = 0
    while number > 0:
        digit = number % 10
        result = result * 10 + digit
        number //= 10
    return result",fast_offsets,False,25,25,53,52,True,0.36925682831301504,0.07626469805836678,0.5923273471150398,19.201355072276783,0.4301971621243865,0.0782405473291874,0.7347391710898604,22.3702524304681,0.8850758345081255,0.9884912669658661,0.99156398498095,0.75,0.4807692307692308,9,8,0.5249074588046985,0.6279432649750436,1.0,0.2983660179024285
rotate_matrix_clockwise__nl__v1,rotate_matrix_clockwise,matrix_transform,nl,1,"Given a non-empty square matrix, return a new matrix rotated ninety degrees clockwise.","Create an empty result. For each original column from left to right, build a row by reading that column from bottom to top. Append each row and return the result.",fast_offsets,False,30,30,34,33,True,1.2474127257186356,1.274235486984253,0.7554062828163851,41.16461994871497,1.5290524447619012,1.4582247734069824,1.0084618909719052,50.45873067714274,0.6068236394362017,0.643160343170166,0.9555783398223646,0.15151515151515152,0.06060606060606061,2,1,0.9248538969550282,1.2306030442705378,0.9393939393939394,2.1631975531239402
running_sum__nl__v1,running_sum,cumulative_scan,nl,1,"Given a list of numbers, produce the running sum after each position.",Start a total at zero and create an empty result list. Examine the numbers in order. Add each value to the total and append the updated total to the result. Return the result.,fast_offsets,False,24,24,38,37,True,1.0473192418749269,0.9208561182022095,0.6158993003214298,38.75081194937229,1.1802179430787627,1.0178775787353516,0.7427992805311407,43.66806389391422,0.6667778612794103,0.7190347909927368,0.9824438739467312,0.1891891891891892,0.0,4,0,0.583619716266791,0.7127096760604117,0.9459459459459459,1.5540009966824908
adjacent_sums__nl__v3,adjacent_sums,adjacent_transform,nl,3,"Given a list of numbers, create a list containing the sum of each adjacent pair.","Initialize an empty result list. Starting with the second input value, add it to the preceding value and append the sum. Produce the result.",fast_offsets,False,27,27,30,29,True,0.9260186539432997,0.9695308804512024,0.5979908986300453,26.854540964355692,1.0323840843770524,1.0206762552261353,0.7221646441104804,29.93913844693452,0.7176497876644135,0.7191439867019653,0.9860044594468742,0.3103448275862069,0.034482758620689655,3,1,0.7200938001707462,0.8452335699195308,0.9655172413793104,1.9644284289528953
sum_positive__python__v2,sum_positive,sign_sum,python,2,"Given a list of numbers, sum only the positive values.","def sum_positive(current):
    item = 0
    for value in current:
        if value > 0:
            item += value
    return item",fast_offsets,False,22,22,38,37,True,0.5150177980760565,0.11710357666015625,0.652394483206872,19.055658528814092,0.5753178940834226,0.11805490404367447,0.7604493758118247,21.286762081086636,0.8321164065116161,0.9762381911277771,0.9921289199107403,0.6216216216216216,0.35135135135135137,9,6,0.4441911722921456,0.49893309817545944,0.9459459459459459,0.9951597093816884
count_equal_neighbors__nl__v3,count_equal_neighbors,adjacent_analysis,nl,3,"Given a list, count how many adjacent pairs contain equal values.",Initialize a counter at zero. Compare each value after the first with its predecessor. Increase the counter when the two values are equal. Produce the counter.,fast_offsets,False,23,23,34,33,True,1.079890872154272,1.2649788856506348,0.637708658590075,35.636398781090975,1.1841600204563953,1.3673985004425049,0.7125698674435093,39.07728067506105,0.6378349327679836,0.6254860758781433,0.9871378215876493,0.21212121212121213,0.09090909090909091,3,1,0.7761154815088958,0.8692057409207337,0.9090909090909091,1.976731510025054
count_vowels__nl__v2,count_vowels,char_count,nl,2,"Given a lowercase string, count how many characters are vowels.","Begin a counter at zero. Inspect each character. If it is one of a, e, i, o, or u, increase the counter by one. Output the counter.",fast_offsets,False,25,25,37,36,True,0.8147241446034362,0.6883336305618286,0.676095223459165,29.330069205723703,0.9142661817216625,0.7321139872074127,0.7766022698335655,32.91358254197985,0.7366500687268045,0.8015337586402893,0.987663072016504,0.3888888888888889,0.16666666666666666,7,4,0.5647865845156568,0.6243484763694661,1.0,1.1313806533685744
digit_sum__python__v2,digit_sum,digit_aggregate,python,2,"Given a nonnegative integer, compute the sum of its decimal digits.","def digit_sum(item):
    value = 0
    while item > 0:
        value += item % 10
        item //= 10
    return value",fast_offsets,False,25,25,42,41,True,0.3559262230280693,0.06938619166612625,0.5248693604521518,14.592975144150842,0.4004969733838906,0.07044456154108047,0.6109539873981003,16.420375908739516,0.8954908586129909,0.9880813360214233,0.9947661335875349,0.7560975609756098,0.4878048780487805,9,6,0.43026441253787195,0.4918282679791446,0.9512195121951219,0.5747164751703788
moving_average_three__python__v2,moving_average_three,sliding_window,python,2,"Given a list of numbers, return the average of every consecutive window of three values.","def moving_average_three(output):
    current = []
    for value in range(len(output) - 2):
        item = (output[value] + output[value + 1] + output[value + 2]) / 3
        current.append(item)
    return current",fast_offsets,False,27,27,70,69,True,0.4725602990829561,0.12744742631912231,0.6832422902390765,32.60666063672397,0.5456740242914985,0.1277504861354828,0.8523820858876866,37.6515076761134,0.8484029403847196,0.9773040413856506,0.9893667369649031,0.6376811594202898,0.4492753623188406,11,6,0.5331304458017899,0.6391472523511552,0.9565217391304348,0.8261156683673081
count_odd__nl__v2,count_odd,parity_count,nl,2,"Given a list of integers, count how many values are odd.","Begin a counter at zero. Inspect every integer. When the current value is odd, increase the counter by one. Output the counter after all values are processed.",fast_offsets,False,24,24,33,32,True,1.0491747332271188,0.8151196539402008,0.6816232965207063,33.5735914632678,1.177462971303612,0.9388204216957092,0.7821320315942818,37.678815081715584,0.6545825838111341,0.6630353927612305,0.9841179102659225,0.28125,0.03125,3,1,0.6975229132559991,0.7967048876227871,1.0,1.8768081656016875
count_divisors__nl__v2,count_divisors,divisors,nl,2,"Given a positive integer n, count its positive divisors.","Begin a counter at zero. Inspect every integer from one through n. If n is divisible by the current integer, increase the counter. Output the counter.",fast_offsets,False,22,22,33,32,True,1.266056916443631,1.382138431072235,0.5992467574308288,40.513821326196194,1.4777353529352695,1.5753042697906494,0.7701853985381595,47.28753129392862,0.6172544886358082,0.58466637134552,0.9710283782333136,0.15625,0.0,2,0,0.6783084778055068,0.8750510537816633,0.96875,1.8670872054062784
gcd_two__python__v3,gcd_two,gcd_family,python,3,"Given two nonnegative integers, compute their greatest common divisor using the Euclidean algorithm.","def gcd_two(element, entry):
    while entry != 0:
        element, entry = entry, element % entry
    return element",fast_offsets,False,31,31,33,32,True,0.5206162151689568,0.14528946578502655,0.6781516531228657,16.65971888540662,0.6626511795057013,0.15406504273414612,0.9668609354880348,21.20483774418244,0.8368596364744008,0.974867433309555,0.9798623137176037,0.65625,0.375,12,4,0.5338021858478896,0.7850749927024627,0.90625,1.4302918116314345
insertion_sort_ascending__python__v3,insertion_sort_ascending,insertion_sort,python,3,"Given a list of numbers, sort it in ascending order using insertion sort and return the sorted copy.","def insertion_sort_ascending(n_count):
    result = n_count[:]
    for entry in range(1, len(result)):
        element = result[entry]
        x = entry - 1
        while x >= 0 and result[x] > element:
            result[x + 1] = result[x]
            x -= 1
        result[x + 1] = element
    return result",fast_offsets,False,32,32,101,100,True,0.2859520771125244,0.0501337256282568,0.48568988576938105,28.595207711252442,0.3260250677642034,0.05098648928105831,0.5952773259637666,32.60250677642034,0.9058589769899845,0.9923367500305176,0.9949262851476669,0.77,0.52,26,11,0.35299073828950484,0.4108443381436783,0.96,0.6611546347429248
dedupe_last__python__v3,dedupe_last,deduplication,python,3,"Given a list, remove duplicate values while keeping the last occurrence of each value and preserving the order of those kept occurrences.","def dedupe_last(x):
    element = []
    for entry in reversed(x):
        if entry not in element:
            element.append(entry)
    element.reverse()
    return element",fast_offsets,False,38,38,50,49,True,0.44951938661391494,0.11820318549871445,0.6334769514872305,22.026449944081833,0.544844344840088,0.12148283421993256,0.8201972646502591,26.697372897164314,0.8658437576829171,0.9798667430877686,0.9870774636463243,0.6938775510204082,0.3673469387755102,22,5,0.374670771078551,0.47713281830813986,0.9591836734693877,0.9975907529978569
window_sum_three__nl__v1,window_sum_three,sliding_window,nl,1,"Given a list of numbers, return the sum of every consecutive window of three values.","Create an empty result list. For each starting index that leaves three values available, add those three values and append the sum. Return the result.",fast_offsets,False,27,27,29,28,True,1.2753331174275704,1.0844593048095703,0.7139272365389578,35.70932728797197,1.4809020182916097,1.1082971692085266,0.8780094633422035,41.46525651216507,0.6012589356728962,0.6551743149757385,0.9700230487755367,0.07142857142857142,0.0,1,0,0.8035821975381287,0.9755936927265592,1.0,2.051607580057212
count_even__python__v1,count_even,parity_count,python,1,"Given a list of integers, count how many values are even.","def count_even(values):
    count = 0
    for value in values:
        if value % 2 == 0:
            count += 1
    return count",fast_offsets,False,24,24,41,40,True,0.30836603995412587,0.051387641578912735,0.5205359454617651,12.334641598165035,0.3349861659276939,0.051554858684539795,0.5793702163572201,13.399446637107758,0.9080372773110866,0.9922982454299927,0.996841362118721,0.775,0.55,24,9,0.31002481033404666,0.3389100203759228,1.0,0.1927831834220342
frequency_map_items__nl__v1,frequency_map_items,frequency_map,nl,1,"Given a list of hashable values, build a dictionary mapping each value to its occurrence count.","Start with an empty dictionary. Examine each value. If it is already a key, increase its count; otherwise create the key with count one. Return the dictionary.",fast_offsets,False,30,30,34,33,True,0.6809326386022748,0.6473258137702942,0.49207649902363376,22.47077707387507,0.7093261085789312,0.6612008810043335,0.510547511009708,23.40776158310473,0.7657118096496119,0.816540002822876,0.997134217710206,0.3939393939393939,0.12121212121212122,3,1,0.5955629287054762,0.6170183181529865,0.9696969696969697,1.449474860328447
binary_search_exact__python__v3,binary_search_exact,binary_search,python,3,"Given an ascending sorted list and a target value, return the target index or minus one if absent.","def binary_search_exact(n_count, result):
    entry = 0
    element = len(n_count) - 1
    while entry <= element:
        x = (entry + element) // 2
        if n_count[x] == result:
            return x
        if n_count[x] < result:
            entry = x + 1
        else:
            element = x - 1
    return -1",fast_offsets,False,32,32,105,104,True,0.4463120019511105,0.09896291792392731,0.6456867818820204,46.41644820291549,0.5392100638665362,0.10215334221720695,0.8696664846211802,56.077846642119766,0.8588571253304298,0.9842379093170166,0.9857445273261803,0.6634615384615384,0.4230769230769231,12,10,0.46339509305284243,0.6115491246777116,0.9423076923076923,0.7992443789083225
adjacent_sums__nl__v1,adjacent_sums,adjacent_transform,nl,1,"Given a list of numbers, create a list containing the sum of each adjacent pair.","Create an empty result list. Starting with the second input value, add it to the preceding value and append the sum. Return the result.",fast_offsets,False,27,27,29,28,True,0.90049172412338,0.935854583978653,0.5615917518144832,25.21376827545464,0.9886931173386984,1.0167180895805359,0.6575182552718931,27.683407285483554,0.7163685219628471,0.7581918239593506,0.9887224414518901,0.2857142857142857,0.03571428571428571,2,1,0.6811189672185315,0.7898152486283194,1.0,1.6663216298859749
chunks_fixed_size__nl__v1,chunks_fixed_size,chunking,nl,1,"Given a list and a positive chunk size, split the list into consecutive chunks of at most that size.","Create an empty result list. Move a starting index through the input in steps equal to the chunk size. At each step, append the corresponding slice. Return the result.",fast_offsets,False,31,31,34,33,True,0.9958253272555091,0.8246440291404724,0.698648561386592,32.8622357994318,1.1674149070273747,0.9515092968940735,0.848946553787991,38.52469193190336,0.689547036633347,0.7805009484291077,0.9768262288787148,0.3333333333333333,0.0,5,0,0.8912988705560565,1.104019506368786,0.9090909090909091,1.7604895822252289
frequency_map_chars__python__v2,frequency_map_chars,frequency_map,python,2,"Given a string, build a dictionary mapping each character to its occurrence count.","def frequency_map_chars(current):
    value = {}
    for item in current:
        if item in value:
            value[item] += 1
        else:
            value[item] = 1
    return value",fast_offsets,False,26,26,54,53,True,0.39984517766685523,0.07698170840740204,0.6335019451081167,21.191794416343328,0.47379650079968105,0.08341291546821594,0.7947518747248812,25.111214542383095,0.876617356853665,0.9886674880981445,0.9902343232676668,0.6981132075471698,0.49056603773584906,25,15,0.4191353040447351,0.5178246615385154,0.9622641509433962,0.9146502256957628
count_increases__nl__v2,count_increases,adjacent_analysis,nl,2,"Given a list of numbers, count how many positions contain a value larger than the immediately preceding value.",Begin a counter at zero. Compare each value after the first with its predecessor. Increase the counter when the current value is larger. Output the counter.,fast_offsets,False,31,31,33,32,True,1.0635387202491984,1.1453322172164917,0.68277516628234,34.03323904797435,1.1825896191294305,1.2226099967956543,0.7898135129410105,37.842867812141776,0.6354817850515246,0.6173121929168701,0.9840961918234825,0.28125,0.0625,2,1,0.8489756211638451,0.9557525636928696,0.96875,1.3435787194284785
fibonacci_nth__nl__v3,fibonacci_nth,fibonacci,nl,3,"Given a nonnegative integer n with F0 equal to zero and F1 equal to one, return Fn iteratively.","Initialize with the pair zero and one. Repeat n times, replacing the pair with the second value and the sum of the two values. Produce the first value.",fast_offsets,False,35,35,34,33,True,1.3335135646841743,1.503871202468872,0.6703567790296576,44.00594763457775,1.612389654824228,1.6378780603408813,0.9041591588984791,53.208858609199524,0.5889654976852012,0.5572949051856995,0.9574610428376631,0.15151515151515152,0.030303030303030304,2,1,0.7967461636289954,1.040265902876854,0.8787878787878788,2.0073956143336766
fibonacci_first_n__python__v2,fibonacci_first_n,fibonacci,python,2,"Given a nonnegative integer n, return the first n Fibonacci values starting with zero and one.","def fibonacci_first_n(output):
    value = 0
    current = 1
    counter = []
    for item in range(output):
        counter.append(value)
        value, current = current, value + current
    return counter",fast_offsets,False,32,32,60,59,True,0.5171207581978228,0.22699810564517975,0.6673244239203672,30.510124733671546,0.6056452478613641,0.23304051160812378,0.8460050836907762,35.733069623820484,0.8387576356782751,0.9465274214744568,0.9873249540894719,0.6271186440677966,0.3389830508474576,8,3,0.5989561311194095,0.7318575193720132,0.9661016949152542,1.0335841473286687
binary_search_insertion__python__v1,binary_search_insertion,binary_search,python,1,"Given an ascending sorted list and a target value, return the index where the target could be inserted while preserving order.","def binary_search_insertion(values, target):
    low = 0
    high = len(values)
    while low < high:
        middle = (low + high) // 2
        if values[middle] < target:
            low = middle + 1
        else:
            high = middle
    return low",fast_offsets,False,35,35,76,75,True,0.2680171878096492,0.056826718151569366,0.4239168341792913,20.101289085723693,0.2903536861249207,0.057551559060811996,0.478713072565261,21.77652645936905,0.9112114747365315,0.9913366436958313,0.9973978034655253,0.7733333333333333,0.5333333333333333,20,7,0.26898712753805937,0.3009025911028525,0.9866666666666667,0.38505005463981434
group_by_first_character__python__v2,group_by_first_character,grouping,python,2,"Given a list of non-empty strings, build a dictionary grouping strings by their first character while preserving input order inside each group.","def group_by_first_character(output):
    item = {}
    for current in output:
        value = current[0]
        if value not in item:
            item[value] = []
        item[value].append(current)
    return item",fast_offsets,False,38,38,61,60,True,0.4822829582815757,0.13794982433319092,0.6437444905155578,28.936977496894542,0.5502286855626153,0.14800240099430084,0.7628141446074402,33.01372113375692,0.8334025671084722,0.9751194417476654,0.9913065751393636,0.65,0.38333333333333336,11,7,0.4801595489301135,0.5467335978558413,0.95,0.7630963746711131
count_digits__nl__v1,count_digits,digit_count,nl,1,"Given a positive integer, count its decimal digits.","Start a counter at zero. While the number is positive, remove its last digit using integer division by ten and increase the counter by one. Return the counter.",fast_offsets,False,21,21,32,31,True,1.1079523002188052,0.9654906988143921,0.670639123129186,34.34652130678296,1.2534203954762029,1.10174560546875,0.8232832952656448,38.85603225976229,0.6288348484423852,0.6029068231582642,0.9791853677841925,0.16129032258064516,0.06451612903225806,2,1,0.8550719546775023,0.9925768370429675,0.967741935483871,1.332639593120304
rotate_left_one__nl__v3,rotate_left_one,rotation,nl,3,"Given a non-empty list, rotate it left by one position.","Initialize an empty result list. Place every element except the first in original order, then append the original first element. Produce the result.",fast_offsets,False,25,25,28,27,True,1.1887513079025127,1.1314139366149902,0.684221623366033,32.096285313367844,1.3911255068249173,1.340221881866455,0.8320142948313587,37.560388684272766,0.6329123769645337,0.6086871027946472,0.9716550487059133,0.18518518518518517,0.0,4,0,0.7409981901829059,0.9009614449280959,0.8888888888888888,2.6218615233622216
linear_first_index__nl__v1,linear_first_index,linear_search,nl,1,"Given a list and a target, return the index of the first target occurrence or minus one if absent.",Examine the list from left to right while tracking the index. Return the index at the first value equal to the target. Return minus one if no match is found.,fast_offsets,False,33,33,35,34,True,1.1786721069879338,1.2622511386871338,0.7268140279371514,40.074851637589745,1.379908213405596,1.4111961722373962,0.8675083700471725,46.91687925579026,0.6196707649266019,0.6085304319858551,0.9729123553808998,0.23529411764705882,0.08823529411764706,2,1,0.6613496764436025,0.7499153105767838,0.9705882352941176,1.23380709106962
square_values__nl__v1,square_values,element_transform,nl,1,"Given a list of numbers, create a list containing the square of each element.","Create an empty result list. Examine each input number, multiply it by itself, and append the product to the result. Return the result.",fast_offsets,False,26,26,30,29,True,0.6807367352062258,0.5428118705749512,0.5031162199078546,19.74136532098055,0.7272485759237717,0.5805118083953857,0.5474726698802042,21.09020870178938,0.7901097556640362,0.8789961338043213,0.9949820370509707,0.41379310344827586,0.034482758620689655,4,1,0.4147205709346703,0.4473209354494299,0.9655172413793104,1.444381223638253
most_frequent__nl__v3,most_frequent,mode_selection,nl,3,"Given a non-empty list, return a value with the highest occurrence count, choosing the first such value on ties.",Initialize occurrence counts. Then scan the original list while tracking the best value and highest count seen. Replace the best only when a strictly higher count is found. Produce the best value.,fast_offsets,False,35,35,39,38,True,1.3578303401407443,1.3418740034103394,0.5802117870379034,51.59755292534828,1.6658437965731872,1.7972344160079956,0.761058437806963,63.30206426978111,0.5748553452523131,0.5681882798671722,0.9568221208296324,0.07894736842105263,0.0,2,0,0.5212505556441642,0.6979877803776715,0.8421052631578947,2.779859224922563
flatten_lists__nl__v2,flatten_lists,flatten_one_level,nl,2,"Given a list of lists, flatten exactly one level into a single list.","Build an empty result list. Inspect each inner list in order, then add each of its values to the result. Output the result.",fast_offsets,False,26,26,28,27,True,1.2195485885496493,1.1549439430236816,0.5839875063040261,32.92781189084053,1.4549275283460263,1.341768741607666,0.7467604444085558,39.28304326534271,0.6221645380611773,0.6892377734184265,0.9685129523277283,0.14814814814814814,0.0,2,0,0.5886178498084729,0.7462884141848638,0.9629629629629629,1.8744434234168794
rotate_matrix_clockwise__python__v1,rotate_matrix_clockwise,matrix_transform,python,1,"Given a non-empty square matrix, return a new matrix rotated ninety degrees clockwise.","def rotate_matrix_clockwise(matrix):
    result = []
    size = len(matrix)
    for col in range(size):
        new_row = []
        for row in range(size - 1, -1, -1):
            new_row.append(matrix[row][col])
        result.append(new_row)
    return result",fast_offsets,False,30,30,86,85,True,0.29970129955583935,0.0781758725643158,0.5107024036314045,25.474610462246346,0.34782738477121766,0.08528926968574524,0.6419976618074075,29.5653277055535,0.913359720917309,0.9884468913078308,0.993345607028288,0.7647058823529411,0.49411764705882355,33,12,0.34697192886267747,0.4208957412040382,1.0,0.36366384599919804
integer_to_binary__nl__v2,integer_to_binary,base_conversion,nl,2,"Given a positive integer, return its binary representation as a string without a prefix.","Begin with an empty digit list. Repeatedly add the remainder after division by two and divide the number by two. Reverse the collected digits, join them, and output the string.",fast_offsets,False,26,26,39,38,True,1.1479203069006632,0.9978553056716919,0.7389626846991316,43.6209716622252,1.4032165484202683,1.2098475098609924,0.9748126544347164,53.322228839970194,0.6363272945347586,0.6912006139755249,0.9620021236570258,0.18421052631578946,0.05263157894736842,2,1,0.8463538975102475,1.148702009788689,0.8947368421052632,2.162930172946577
count_above__nl__v3,count_above,threshold_count,nl,3,"Given a list of numbers and a threshold, count the values greater than the threshold.","Initialize a counter at zero. Process every value. For any case in which the current value is greater than the threshold, increase the counter by one. Produce the counter.",fast_offsets,False,27,27,35,34,True,0.8098143972456455,0.673700749874115,0.5729401974285891,27.533689506351948,0.8808055535397109,0.7191204130649567,0.6269020881916822,29.94738882035017,0.7397151501739726,0.838871419429779,0.992308539502761,0.35294117647058826,0.029411764705882353,8,1,0.5897696609749938,0.6497225476936861,0.9117647058823529,2.1753367029048283
bubble_sort_descending__nl__v2,bubble_sort_descending,bubble_sort,nl,2,"Given a list of numbers, sort it in descending order using bubble sort and return the sorted copy.","Copy the input list. Repeatedly scan adjacent pairs and swap them when the left value is less than the right value. After enough passes, output the copy.",fast_offsets,False,31,31,33,32,True,1.130471522337757,1.2504790425300598,0.7139483979987136,36.175088714808226,1.284759448026307,1.4256653785705566,0.8441244281801558,41.11230233684182,0.6400536829605699,0.5847329199314117,0.9780796617269516,0.25,0.0625,3,1,0.8305316396778629,0.9261894531307682,0.84375,2.1419556484979694
gcd_list__python__v2,gcd_list,gcd_family,python,2,"Given a non-empty list of nonnegative integers, compute the greatest common divisor of all values.","def gcd_list(counter):
    current = counter[0]
    for output in counter[1:]:
        item = current
        value = output
        while value != 0:
            item, value = value, item % value
        current = item
    return current",fast_offsets,False,32,32,64,63,True,0.5655825747960498,0.31497859954833984,0.6386520835437779,35.63170221215114,0.6769539749486342,0.34738850593566895,0.8332577220363626,42.64810042176396,0.8282466961277856,0.9319221377372742,0.985287260441553,0.5714285714285714,0.30158730158730157,13,5,0.5715233431978812,0.7126328913014262,0.9365079365079365,1.000658559972108
count_even_digits__nl__v1,count_even_digits,digit_count,nl,1,"Given a positive integer, count how many of its decimal digits are even.","Start a counter at zero. While the number is positive, inspect the last digit, increase the counter if it is even, then remove the digit using integer division by ten. Return the counter.",fast_offsets,False,26,26,39,38,True,1.1455611265019368,1.1112691760063171,0.6710499180411515,43.53132280707359,1.3077240445111926,1.224479854106903,0.8410695395554169,49.69351369142532,0.6188774077515853,0.6470993161201477,0.9764568444929624,0.15789473684210525,0.02631578947368421,2,1,0.8070362419695467,0.9873345977551228,0.9473684210526315,1.697547609893311
binary_to_integer__python__v2,binary_to_integer,base_conversion,python,2,"Given a string of binary digits, convert it to a nonnegative integer.","def binary_to_integer(current):
    value = 0
    for item in current:
        value = value * 2 + int(item)
    return value",fast_offsets,False,26,26,39,38,True,0.5717134035351735,0.190049909055233,0.6686092815368376,21.725109334336594,0.6665316556433314,0.19868186861276627,0.8380245668435629,25.328202914446592,0.8226108625531197,0.9595944285392761,0.9869325443318016,0.5526315789473685,0.3157894736842105,7,3,0.5285482503649955,0.6330676787608379,0.9473684210526315,0.8826084547426466
clamp_values__python__v3,clamp_values,bounded_numeric_transform,python,3,"Given a list of numbers and lower and upper bounds, clamp each value into the inclusive interval.","def clamp_values(n_count, element, x):
    entry = []
    for result in n_count:
        if result < element:
            entry.append(element)
        elif result > x:
            entry.append(x)
        else:
            entry.append(result)
    return entry",fast_offsets,False,30,30,74,73,True,0.5151449269391851,0.12487369030714035,0.6888120927535409,37.605579666560516,0.5947964814785001,0.13546901941299438,0.8235064751694829,43.4201431479305,0.8373508081860739,0.9802756309509277,0.9895249360228238,0.6712328767123288,0.3972602739726027,24,10,0.4990213613620856,0.6073502257996652,0.9315068493150684,1.169155905367081
most_frequent__nl__v1,most_frequent,mode_selection,nl,1,"Given a non-empty list, return a value with the highest occurrence count, choosing the first such value on ties.",Build occurrence counts. Then scan the original list while tracking the best value and highest count seen. Replace the best only when a strictly higher count is found. Return the best value.,fast_offsets,False,35,35,38,37,True,1.3976332585553866,1.2709243297576904,0.6914782596721707,51.7124305665493,1.7510951773540393,1.6309819221496582,0.9474617103337806,64.79052156209946,0.5594872099322241,0.5821449756622314,0.9469779665405685,0.08108108108108109,0.0,2,0,0.5725939008924696,0.8081129060851203,0.8918918918918919,2.393762492046163
gcd_two__nl__v1,gcd_two,gcd_family,nl,1,"Given two nonnegative integers, compute their greatest common divisor using the Euclidean algorithm.","While the second value is not zero, replace the pair with the second value and the remainder of the first divided by the second. Return the first value when the second becomes zero.",fast_offsets,False,31,31,36,35,True,0.9992573565670422,0.9883795976638794,0.657075929092809,34.97400747984648,1.1474859129105295,1.0269367694854736,0.8157290396340413,40.162006951868534,0.7044493372951235,0.7437132596969604,0.9789166467530387,0.22857142857142856,0.08571428571428572,3,1,0.6518113946213442,0.7490368866745163,1.0,0.9087611277587712
partition_by_sign__nl__v3,partition_by_sign,partition,nl,3,"Given a list of numbers, return two lists: negative values first and nonnegative values second, preserving input order within each group.",Initialize an empty negative list and an empty nonnegative list. Process each number and append it to the appropriate list according to its sign. Produce both lists.,fast_offsets,False,37,37,32,31,True,0.8259121455372341,0.7978830933570862,0.546256896518801,25.603276511654258,0.903686496278932,0.8698638677597046,0.6063502750984608,28.014281384646893,0.7494138796483317,0.8188686966896057,0.9911841461735387,0.2903225806451613,0.12903225806451613,2,1,0.7725345200548569,0.829648860792319,0.9354838709677419,1.618494694526758
first_even_index__python__v2,first_even_index,first_match_index,python,2,"Given a list of integers, return the index of the first even value, or minus one if none exists.","def first_even_index(current):
    for item, value in enumerate(current):
        if value % 2 == 0:
            return item
    return -1",fast_offsets,False,34,34,41,40,True,0.3323063432540948,0.06319001130759716,0.5005897529172835,13.292253730163793,0.3643793423092575,0.0653186459094286,0.5685943190109835,14.5751736923703,0.8959184125065803,0.9913225471973419,0.996339525282383,0.725,0.525,26,11,0.25830280325653104,0.2898787705388923,0.975,0.818438875856225
is_nondecreasing__python__v2,is_nondecreasing,monotonicity,python,2,"Given a list of numbers, determine whether it is in nondecreasing order.","def is_nondecreasing(value):
    for item in range(1, len(value)):
        if value[item - 1] > value[item]:
            return False
    return True",fast_offsets,False,27,27,46,45,True,0.33100555650986885,0.0390106663107872,0.5113655547172393,14.895250042944099,0.3606093607553501,0.04008322209119797,0.5768732627214957,16.227421233990754,0.8868892239199744,0.9946509599685669,0.9966343508826362,0.7333333333333333,0.6,16,13,0.3347994875333494,0.36769127622028464,0.9777777777777777,0.568229230587561
running_product__nl__v3,running_product,cumulative_scan,nl,3,"Given a list of numbers, produce the running product after each position.",Initialize a product at one and create an empty result list. Process the numbers in order. Multiply the product by each value and append the updated product to the result. Produce the result.,fast_offsets,False,24,24,40,39,True,1.0596360043646433,0.9913837313652039,0.5995256678186527,41.32580417022109,1.2016924554720902,1.1044209003448486,0.7037159944867579,46.86600576341152,0.6715291306758538,0.6808341145515442,0.9821510804005158,0.1794871794871795,0.02564102564102564,2,1,0.567618714547471,0.6914507954528457,0.9487179487179487,1.8166835103422785
count_digits__python__v1,count_digits,digit_count,python,1,"Given a positive integer, count its decimal digits.","def count_digits(number):
    count = 0
    while number > 0:
        number //= 10
        count += 1
    return count",fast_offsets,False,21,21,40,39,True,0.34217541397307427,0.07602700591087341,0.4990904427575249,13.344841144949896,0.37341734124716963,0.07604710012674332,0.5600324707750175,14.563276308639615,0.8936000466346741,0.9874699115753174,0.9964647002709217,0.717948717948718,0.48717948717948717,14,6,0.37311129060674975,0.4032413640743471,1.0,0.2281632984056789
matrix_contains__nl__v2,matrix_contains,matrix_search,nl,2,"Given a matrix and a target value, determine whether the target occurs anywhere in the matrix.",Inspect every row and every value within each row. Output true as soon as a value equals the target. Output false if the whole matrix is scanned without a match.,fast_offsets,False,28,28,35,34,True,1.034460234674899,1.2019429206848145,0.6561506196700705,35.17164797894657,1.1582454144680763,1.264012336730957,0.7525006696426959,39.380344091914594,0.672114479191163,0.615696519613266,0.9847826484371635,0.29411764705882354,0.08823529411764706,2,1,0.7469076289597786,0.8420101463456046,0.9411764705882353,2.1229986521648243
insertion_sort_descending__python__v1,insertion_sort_descending,insertion_sort,python,1,"Given a list of numbers, sort it in descending order using insertion sort and return the sorted copy.","def insertion_sort_descending(values):
    result = values[:]
    for index in range(1, len(result)):
        current = result[index]
        position = index - 1
        while position >= 0 and result[position] < current:
            result[position + 1] = result[position]
            position -= 1
        result[position + 1] = current
    return result",fast_offsets,False,32,32,97,96,True,0.22660626201104606,0.024436417035758495,0.4001039142955314,21.75420115306042,0.24575719092278328,0.02469293773174286,0.44944037914393686,23.592690328587196,0.929577112197876,0.9967706203460693,0.997876393298308,0.7708333333333334,0.6145833333333334,38,14,0.26376155536915913,0.29074110000939596,1.0,0.26819555854351645
is_strictly_increasing__nl__v1,is_strictly_increasing,monotonicity,nl,1,"Given a list of numbers, determine whether it is strictly increasing.","Examine each adjacent pair from left to right. If an earlier value is greater than or equal to the following value, return false. Return true if every pair increases.",fast_offsets,False,23,23,34,33,True,0.9292702075150429,1.0069211721420288,0.5572940389113774,30.665916847996414,1.0175558429380709,1.1370763778686523,0.6223276312142171,33.57934281695634,0.6936569277084235,0.7004215717315674,0.9895445848956252,0.30303030303030304,0.12121212121212122,2,2,0.7055466322344728,0.7630434773745947,0.9696969696969697,1.4423892470570563
count_words__python__v3,count_words,word_count,python,3,"Given a string containing words separated by whitespace, count the words.","def count_words(element):
    entry = element.split()
    return len(entry)",fast_offsets,False,24,24,22,21,True,0.629505082831851,0.5497517585754395,0.6244443875520607,13.219606739468873,0.7055791094899178,0.5677044987678528,0.7289307091691898,14.817161299288273,0.8229600191116333,0.866418719291687,0.9907101421129136,0.47619047619047616,0.2857142857142857,4,3,0.6328509802930057,0.7329714185558259,0.9047619047619048,1.3126894188171718
fibonacci_first_n__python__v1,fibonacci_first_n,fibonacci,python,1,"Given a nonnegative integer n, return the first n Fibonacci values starting with zero and one.","def fibonacci_first_n(n):
    a = 0
    b = 1
    result = []
    for _ in range(n):
        result.append(a)
        a, b = b, a + b
    return result",fast_offsets,False,32,32,60,59,True,0.3374948368518282,0.109453484416008,0.514225184081089,19.912195374257863,0.3812616821654709,0.11091341078281403,0.6170897669866322,22.494439247762784,0.8883330397686716,0.9836233258247375,0.9943872053744429,0.7457627118644068,0.4576271186440678,15,6,0.40048837295637046,0.46218062918793795,1.0,0.3409726384845148
dedupe_first__nl__v2,dedupe_first,deduplication,nl,2,"Given a list, remove duplicate values while keeping the first occurrence of each value.","Begin with an empty result list. Inspect the input values in order. When the current value is not already in the result, add it. Output the result after the scan.",fast_offsets,False,27,27,36,35,True,1.0737933163131987,1.1367377042770386,0.5880176003153315,37.58276607096195,1.1774206789476531,1.1800079345703125,0.6657016963289308,41.20972376316786,0.659890649999891,0.6491574645042419,0.9873550108500889,0.14285714285714285,0.05714285714285714,2,1,0.6514111406662885,0.7394184088882279,0.9714285714285714,1.7114120902493597
count_primes_up_to__python__v3,count_primes_up_to,primality,python,3,"Given a nonnegative integer n, count how many prime numbers are at most n.","def count_primes_up_to(result):
    entry = 0
    for element in range(2, result + 1):
        n_count = True
        x = 2
        while x * x <= element:
            if element % x == 0:
                n_count = False
                break
            x += 1
        if n_count:
            entry += 1
    return entry",fast_offsets,False,27,27,99,98,True,0.40792005042771495,0.1214202493429184,0.6071614170867917,39.97616494191607,0.4899789972201985,0.12671297043561935,0.8332533363811461,48.017941727579455,0.8745263018170182,0.9793674945831299,0.9875868972466917,0.7040816326530612,0.3877551020408163,25,6,0.438833846351325,0.5667283493604214,0.9489795918367347,0.9379881401591031
linear_last_index__nl__v1,linear_last_index,linear_search,nl,1,"Given a list and a target, return the index of the last target occurrence or minus one if absent.","Start a saved index at minus one. Examine the list from left to right. Whenever a value equals the target, replace the saved index with the current index. Return the saved index after the scan.",fast_offsets,False,33,33,42,41,True,1.117043708064934,1.0572125911712646,0.7730367797610844,45.7987920306623,1.331951310676409,1.2345387935638428,0.9652793145037416,54.61000373773277,0.6571648320773753,0.6926734447479248,0.9691755291892261,0.2926829268292683,0.07317073170731707,2,1,0.7399293141439557,0.9019649134017527,0.9512195121951219,1.6621487385979512
count_even_digits__python__v2,count_even_digits,digit_count,python,2,"Given a positive integer, count how many of its decimal digits are even.","def count_even_digits(current):
    item = 0
    while current > 0:
        value = current % 10
        if value % 2 == 0:
            item += 1
        current //= 10
    return item",fast_offsets,False,26,26,62,61,True,0.3543748880810959,0.0688311904668808,0.5445610223850222,21.61686817294685,0.3999549962445897,0.06892542541027069,0.6480484308660053,24.39725477091997,0.8913263849547652,0.9902304410934448,0.9942854134762873,0.7540983606557377,0.5081967213114754,17,9,0.3757180326482436,0.43071300467199763,0.9508196721311475,0.6414485851476411
count_vowels__nl__v3,count_vowels,char_count,nl,3,"Given a lowercase string, count how many characters are vowels.","Initialize a counter at zero. Process each character. For any case in which it is one of a, e, i, o, or u, increase the counter by one. Produce the counter.",fast_offsets,False,25,25,41,40,True,0.869913422409445,0.7867715060710907,0.6714904382989241,34.7965368963778,0.9899115211563185,0.8630688190460205,0.782937187599026,39.59646084625274,0.7248399823904037,0.797762393951416,0.9850488349795341,0.325,0.15,5,4,0.5987886226712129,0.7144717107503078,0.95,1.7293696470849682
reverse_string__python__v3,reverse_string,reverse_sequence,python,3,"Given a string, create a new string containing the same characters in reverse order.","def reverse_string(x):
    entry = """"
    for element in range(len(x) - 1, -1, -1):
        entry += x[element]
    return entry",fast_offsets,False,26,26,45,44,True,0.3841341110475531,0.13845111429691315,0.525542128537346,16.901900886092335,0.42350944808938285,0.15496817976236343,0.5943514219464162,18.634415715932846,0.8855833756652746,0.9774730503559113,0.9952992715618827,0.7272727272727273,0.36363636363636365,13,5,0.415856251514755,0.44801583171410614,0.9772727272727273,0.7830894268392347
ordered_intersection__python__v2,ordered_intersection,ordered_intersection,python,2,"Given two lists, return values from the first list that also occur in the second list, preserving duplicates and order from the first list.","def ordered_intersection(item, current):
    value = []
    for output in item:
        if output in current:
            value.append(output)
    return value",fast_offsets,False,40,40,41,40,True,0.5520018325652927,0.22752324491739273,0.6436805920133094,22.08007330261171,0.685202414408559,0.23956840485334396,0.8560137658148994,27.40809657634236,0.8269844852387905,0.9479074776172638,0.9826163843274116,0.675,0.325,20,5,0.5012336056918288,0.6572385880594643,0.875,1.3887930847537064
count_primes_up_to__python__v1,count_primes_up_to,primality,python,1,"Given a nonnegative integer n, count how many prime numbers are at most n.","def count_primes_up_to(n):
    count = 0
    for candidate in range(2, n + 1):
        prime = True
        divisor = 2
        while divisor * divisor <= candidate:
            if candidate % divisor == 0:
                prime = False
                break
            divisor += 1
        if prime:
            count += 1
    return count",fast_offsets,False,27,27,98,97,True,0.2274554206840961,0.03707631304860115,0.4427232521848608,22.06317580635732,0.2611223600899543,0.03749452903866768,0.565704362124248,25.32886892872557,0.9305609923969839,0.9946221113204956,0.9955338522331002,0.8556701030927835,0.5670103092783505,48,10,0.2929557143569734,0.3489227952472144,1.0,0.2796362989151942
contains_target__nl__v3,contains_target,membership_test,nl,3,"Given a list of values and a target, determine whether the target occurs in the list.","Process the values one by one. If the current value equals the target, return true immediately. If the scan finishes without a match, return false.",fast_offsets,False,28,28,31,30,True,0.8521102358955734,1.0561159253120422,0.640468665867416,25.563307076867204,0.9282928395861139,1.081458866596222,0.701361994568986,27.848785187583417,0.7366380631923676,0.6721576750278473,0.9913323283195495,0.4,0.16666666666666666,5,2,0.5572002907644893,0.5933019822334935,1.0,1.0221381695228047
square_values__nl__v3,square_values,element_transform,nl,3,"Given a list of numbers, create a list containing the square of each element.","Initialize an empty result list. Process each input number, multiply it by itself, and append the product to the result. Produce the result.",fast_offsets,False,26,26,30,29,True,0.7395035713140307,0.5984198451042175,0.5300101772932311,21.44560356810689,0.7927990045783848,0.6285043358802795,0.5959016950232923,22.99117113277316,0.7635577855439022,0.7973779439926147,0.9937360307265972,0.3103448275862069,0.10344827586206896,4,1,0.4249170302812542,0.48129457368382383,0.9310344827586207,1.810989671507208
group_by_length__python__v3,group_by_length,grouping,python,3,"Given a list of strings, build a dictionary grouping strings by their length while preserving input order inside each group.","def group_by_length(result):
    element = {}
    for x in result:
        entry = len(x)
        if entry not in element:
            element[entry] = []
        element[entry].append(x)
    return element",fast_offsets,False,34,34,59,58,True,0.4697277077307106,0.14020830392837524,0.6443930282883583,27.244207048381213,0.5514375865178439,0.14174408465623856,0.8037916985986735,31.98338001803495,0.859580736992688,0.9755589365959167,0.9887371135169062,0.6724137931034483,0.3793103448275862,11,6,0.44629257513626824,0.5408846511865002,0.9482758620689655,0.868046491055103
matrix_contains__nl__v1,matrix_contains,matrix_search,nl,1,"Given a matrix and a target value, determine whether the target occurs anywhere in the matrix.",Examine every row and every value within each row. Return true as soon as a value equals the target. Return false if the whole matrix is scanned without a match.,fast_offsets,False,28,28,35,34,True,0.987694378983339,1.1089011430740356,0.6425441725550437,33.581608885433525,1.0909797768930303,1.1652724146842957,0.7169745297709083,37.09331241436303,0.6793404256596285,0.6501652896404266,0.9875360709779403,0.29411764705882354,0.11764705882352941,2,2,0.7577975761766235,0.8309888547342835,1.0,1.5928697162359158
count_even__nl__v3,count_even,parity_count,nl,3,"Given a list of integers, count how many values are even.","Initialize a counter at zero. Process every integer. For any case in which the current value is even, increase the counter by one. Produce the counter after all values are processed.",fast_offsets,False,24,24,37,36,True,0.9795809416617784,0.7950489521026611,0.5913979324933231,35.26491389982402,1.0797954234294593,0.9082823395729065,0.6618270832218762,38.872635243460536,0.6795370545652177,0.7104071974754333,0.9883809569809172,0.16666666666666666,0.027777777777777776,3,1,0.6042257207844939,0.6799902942563806,0.9166666666666666,2.2722409801079064
fibonacci_nth__nl__v2,fibonacci_nth,fibonacci,nl,2,"Given a nonnegative integer n with F0 equal to zero and F1 equal to one, return Fn iteratively.","Begin with the pair zero and one. Repeat n times, replacing the pair with the second value and the sum of the two values. Output the first value.",fast_offsets,False,35,35,33,32,True,1.3705399257596582,1.440040647983551,0.7021709366719572,43.85727762430906,1.6604531276971102,1.6033034920692444,0.9641767246291478,53.134500086307526,0.5572528261691332,0.5294732749462128,0.9538162015378475,0.125,0.0,2,0,0.8282217253600398,1.1354723361230665,0.9375,1.6565423156134784
count_digits__nl__v3,count_digits,digit_count,nl,3,"Given a positive integer, count its decimal digits.","Initialize a counter at zero. While the number is positive, remove its last digit using integer division by ten and increase the counter by one. Produce the counter.",fast_offsets,False,21,21,33,32,True,1.0575249140383676,0.9889317750930786,0.6673752065497008,33.84079724922776,1.1955242219846696,1.0481034517288208,0.8085307540524446,38.256775103509426,0.6417247890494764,0.662563145160675,0.9807042498141527,0.1875,0.03125,2,1,0.8302010333826465,0.9461503648950208,0.9375,1.7183267365180654
count_odd__python__v2,count_odd,parity_count,python,2,"Given a list of integers, count how many values are odd.","def count_odd(current):
    item = 0
    for value in current:
        if value % 2 != 0:
            item += 1
    return item",fast_offsets,False,24,24,41,40,True,0.4750197801291506,0.1451152339577675,0.619274755155944,19.000791205166024,0.5357445508398087,0.1493624523282051,0.7367820629038215,21.429782033592346,0.8562379322946072,0.9697248041629791,0.99192496240139,0.65,0.35,13,4,0.4240390837919385,0.4924583871265312,0.95,0.8931401586228276
count_equal_neighbors__python__v3,count_equal_neighbors,adjacent_analysis,python,3,"Given a list, count how many adjacent pairs contain equal values.","def count_equal_neighbors(x):
    element = 0
    for entry in range(1, len(x)):
        if x[entry] == x[entry - 1]:
            element += 1
    return element",fast_offsets,False,23,23,56,55,True,0.4389361272439022,0.17811733484268188,0.5650630006821814,24.14148699841462,0.5046815502637235,0.18023622035980225,0.6945670297980684,27.757485264504794,0.8724610111930153,0.9644159078598022,0.9915700674057006,0.6727272727272727,0.3090909090909091,13,3,0.45921762792083126,0.5350640115513535,0.9636363636363636,0.8473645526079053
product_one_to_n__python__v1,product_one_to_n,factorial_product,python,1,"Given a positive integer n, compute the product of all integers from one through n.","def product_one_to_n(n):
    product = 1
    for value in range(1, n + 1):
        product *= value
    return product",fast_offsets,False,28,28,40,39,True,0.34326699839827296,0.12442126125097275,0.49182222021815925,13.387412937532645,0.3948290291054246,0.13851232826709747,0.5930815909434902,15.39833213511156,0.8998153232611142,0.9813088178634644,0.993961574175419,0.6923076923076923,0.41025641025641024,9,6,0.3653120351373218,0.41512932102379735,1.0,0.45221766940103875
are_disjoint__python__v1,are_disjoint,set_relation,python,1,"Given two collections, determine whether they have no value in common.","def are_disjoint(first, second):
    for value in first:
        if value in second:
            return False
    return True",fast_offsets,False,23,23,32,31,True,0.5057354142829296,0.06907323002815247,0.7839473587601523,15.677797842770815,0.602575951345986,0.07017675042152405,0.9723528057092626,18.679854491725564,0.8542570563093308,0.9899367094039917,0.9861096086040619,0.7419354838709677,0.4838709677419355,18,9,0.4806351368625959,0.5579763529201348,1.0,0.4696796333920511
reverse_integer__python__v3,reverse_integer,numeric_reverse,python,3,"Given a nonnegative integer, reverse the order of its decimal digits.","def reverse_integer(entry):
    x = 0
    while entry > 0:
        element = entry % 10
        x = x * 10 + element
        entry //= 10
    return x",fast_offsets,False,25,25,53,52,True,0.417979903383429,0.115742988884449,0.6288734527774862,21.734954975938308,0.5052041653664043,0.11961814761161804,0.8350396479548493,26.270616599053028,0.8710126796594033,0.9802689552307129,0.9868848862556311,0.75,0.40384615384615385,9,8,0.5670643838410101,0.7147140164258113,0.9423076923076923,0.7983017605553798
clamp_values__python__v1,clamp_values,bounded_numeric_transform,python,1,"Given a list of numbers and lower and upper bounds, clamp each value into the inclusive interval.","def clamp_values(values, lower, upper):
    result = []
    for value in values:
        if value < lower:
            result.append(lower)
        elif value > upper:
            result.append(upper)
        else:
            result.append(value)
    return result",fast_offsets,False,30,30,70,69,True,0.22705039945161104,0.012796636670827866,0.45957186429931446,15.666477562161162,0.24714226879354945,0.013349585235118866,0.5103492946592205,17.05281654675491,0.9234127721924713,0.9984378218650818,0.9977157072744508,0.8115942028985508,0.7101449275362319,41,24,0.2807474806956152,0.3063734160900554,1.0,0.12768713566317497
flatten_lists__python__v2,flatten_lists,flatten_one_level,python,2,"Given a list of lists, flatten exactly one level into a single list.","def flatten_lists(value):
    current = []
    for item in value:
        for output in item:
            current.append(output)
    return current",fast_offsets,False,26,26,39,38,True,0.5283315188962182,0.10249889269471169,0.6863045689958188,20.07659771805629,0.6414913979457005,0.11311497911810875,0.875723093753748,24.37667312193662,0.8367604589775989,0.9817601144313812,0.9848510293584121,0.631578947368421,0.42105263157894735,9,6,0.5667485357136339,0.7317736014421727,0.9210526315789473,1.1435943896166894
reverse_list__python__v2,reverse_list,reverse_sequence,python,2,"Given a list, create a new list containing the same values in reverse order.","def reverse_list(current):
    value = []
    for item in range(len(current) - 1, -1, -1):
        value.append(current[item])
    return value",fast_offsets,False,26,26,47,46,True,0.34149412280353514,0.08514675870537758,0.540308980541129,15.708729648962617,0.3859790991485605,0.09018613398075104,0.6358120026802272,17.755038560833782,0.8990947053484295,0.9870149195194244,0.9943786989087644,0.782608695652174,0.45652173913043476,24,8,0.3527336873114109,0.4041052382439375,0.9565217391304348,0.7228795571596571
numeric_palindrome__python__v3,numeric_palindrome,numeric_reverse,python,3,"Given a nonnegative integer, determine whether its decimal digits form a palindrome.","def numeric_palindrome(entry):
    x = entry
    result = 0
    while entry > 0:
        element = entry % 10
        result = result * 10 + element
        entry //= 10
    return x == result",fast_offsets,False,28,28,63,62,True,0.443717425663518,0.10821803659200668,0.6134813783581329,27.510480391138117,0.5320561399549338,0.10936537012457848,0.8147668775247351,32.987480677205895,0.8605098034585675,0.979101300239563,0.9871624112129211,0.6612903225806451,0.41935483870967744,9,8,0.5517813946987831,0.701052811647313,0.9354838709677419,0.897315353687726
invert_unique_map__python__v2,invert_unique_map,dictionary_transform,python,2,"Given a dictionary whose values are unique, return a new dictionary mapping each original value to its original key.","def invert_unique_map(value):
    current = {}
    for item, output in value.items():
        current[output] = item
    return current",fast_offsets,False,31,31,38,37,True,0.4311335678149417,0.16117310523986816,0.549264503594029,15.951942009152845,0.5016641519158274,0.16136512160301208,0.6832501842735842,18.56157362088561,0.8650196967898188,0.9720487594604492,0.9913742912782205,0.6756756756756757,0.32432432432432434,9,5,0.4385892832781085,0.5227151842684381,0.8918918918918919,1.6641764526819414
digit_product__python__v1,digit_product,digit_aggregate,python,1,"Given a positive integer, compute the product of its decimal digits.","def digit_product(number):
    product = 1
    while number > 0:
        product *= number % 10
        number //= 10
    return product",fast_offsets,False,24,24,42,41,True,0.35097814998676413,0.05070742219686508,0.5528206829670501,14.39010414945733,0.3928840577732999,0.055953629314899445,0.6461979245861317,16.108246368705295,0.8927994901087226,0.9931751489639282,0.9947336868541997,0.7073170731707317,0.5365853658536586,8,7,0.477368964872403,0.5330370092662633,1.0,0.2820783602544951
gcd_list__nl__v1,gcd_list,gcd_family,nl,1,"Given a non-empty list of nonnegative integers, compute the greatest common divisor of all values.","Use the first value as the current gcd. For each remaining value, repeatedly apply the Euclidean algorithm to combine it with the current gcd. Return the final gcd.",fast_offsets,False,32,32,38,37,True,1.1936950296780247,1.20693039894104,0.8223835488659501,44.16671609808691,1.4941122500332877,1.4109525680541992,1.1314644345552793,55.28215325123165,0.6276365168191291,0.6501674652099609,0.9533604335140538,0.2702702702702703,0.16216216216216217,3,1,0.820918929284542,1.0551662592721793,0.9459459459459459,1.362007643556894
is_subset__python__v1,is_subset,set_relation,python,1,"Given two collections, determine whether every value in the first collection occurs in the second.","def is_subset(first, second):
    for value in first:
        if value not in second:
            return False
    return True",fast_offsets,False,27,27,32,31,True,0.483163068823952,0.046924784779548645,0.7944272979695619,14.978055133542512,0.5914873247553084,0.047051239758729935,1.0402629746121048,18.33610706741456,0.8487606788835218,0.9931008219718933,0.9832170509522961,0.7419354838709677,0.6129032258064516,19,9,0.4228364195014971,0.5236635485275959,1.0,0.35296252982093834
count_even__nl__v1,count_even,parity_count,nl,1,"Given a list of integers, count how many values are even.","Start a counter at zero. Examine every integer. Whenever the current value is even, increase the counter by one. Return the counter after all values are processed.",fast_offsets,False,24,24,33,32,True,0.9534515568520874,0.7202125191688538,0.6697687313629359,30.510449819266796,1.0311605313327163,0.7301464974880219,0.7388434933004473,32.99713700264692,0.6774680819362402,0.7144052684307098,0.9904450420290232,0.3125,0.0625,3,1,0.7118063344349784,0.7787558901454171,1.0,1.7432165590143995
insertion_sort_ascending__python__v2,insertion_sort_ascending,insertion_sort,python,2,"Given a list of numbers, sort it in ascending order using insertion sort and return the sorted copy.","def insertion_sort_ascending(counter):
    output = counter[:]
    for value in range(1, len(output)):
        item = output[value]
        current = value - 1
        while current >= 0 and output[current] > item:
            output[current + 1] = output[current]
            current -= 1
        output[current + 1] = item
    return output",fast_offsets,False,32,32,97,96,True,0.2766438982157524,0.050458334386348724,0.46488485747048247,26.557814228712232,0.3166237175163739,0.05062323436141014,0.5748808259818411,30.395876881571894,0.9123676242306828,0.9922270178794861,0.9949186649173498,0.7708333333333334,0.53125,38,11,0.32224155775436786,0.38128652994867146,0.96875,0.5732927479615574
is_subset__nl__v2,is_subset,set_relation,nl,2,"Given two collections, determine whether every value in the first collection occurs in the second.","Inspect each value in the first collection. If any value is absent from the second collection, output false. Output true if every value is present.",fast_offsets,False,27,27,30,29,True,0.9588903890729978,1.0034449100494385,0.6156506815018505,27.807821283116937,1.0631917822977592,1.0726969242095947,0.7240104770676883,30.832561686635017,0.6824495242587452,0.6549725532531738,0.987169715864905,0.27586206896551724,0.06896551724137931,3,2,0.5781522407861692,0.610386263313038,0.9310344827586207,1.3563434153409868
merge_sorted_ascending__nl__v1,merge_sorted_ascending,merge_sorted,nl,1,"Given two lists sorted in ascending order, merge them into one ascending list.",Create an empty result and place one index at the start of each list. Repeatedly append the smaller current value and advance its index. Append any remaining values and return the result.,fast_offsets,False,27,27,37,36,True,1.0870515499781404,1.0457953214645386,0.6530876247147981,39.13385579921305,1.2552784159779549,1.1685535311698914,0.8070292571682482,45.190022975206375,0.6659063626494672,0.7033617496490479,0.9759077462885115,0.2777777777777778,0.027777777777777776,2,1,0.8100721490170274,0.9362527183123998,0.9444444444444444,2.130516992830154
list_palindrome__python__v3,list_palindrome,palindrome_test,python,3,"Given a list, determine whether its values read the same forward and backward.","def list_palindrome(x):
    element = 0
    entry = len(x) - 1
    while element < entry:
        if x[element] != x[entry]:
            return False
        element += 1
        entry -= 1
    return True",fast_offsets,False,25,25,65,64,True,0.45060259893898547,0.10499585419893265,0.6671129349312368,28.83856633209507,0.5387899916031529,0.10745735466480255,0.8508905553216526,34.482559462601785,0.8606716257054359,0.9821416437625885,0.9878161903470755,0.6875,0.453125,19,9,0.4425802227813706,0.5426992257994171,0.96875,0.6967278214031865
lcm_two__nl__v1,lcm_two,lcm_family,nl,1,"Given two positive integers, compute their least common multiple using their greatest common divisor.","Compute the greatest common divisor with the Euclidean algorithm, then divide one input by that gcd and multiply by the other input. Return the product.",fast_offsets,False,28,28,34,33,True,0.9129462232248802,0.9688019156455994,0.672096268155124,30.127225366421044,1.0675079855277683,1.1333487033843994,0.7975015526480795,35.22776352241635,0.7102608089194153,0.7343590259552002,0.9809067375732191,0.2727272727272727,0.18181818181818182,3,1,0.6759263111161999,0.756599755724892,1.0,1.2011506765892122
transpose_matrix__nl__v2,transpose_matrix,matrix_transform,nl,2,"Given a non-empty rectangular matrix, return its transpose.","Build an empty result. For every column index, build a new row by taking that column value from each original row. Add each new row and output the result.",fast_offsets,False,24,24,33,32,True,1.3169271391816437,1.3343276977539062,0.6298523705636602,42.1416684538126,1.566511451266706,1.5250903367996216,0.7763077436568513,50.12836644053459,0.6040735063143075,0.649234801530838,0.9653299618512392,0.125,0.0,2,0,0.6339853800112202,0.7980746203853238,0.9375,2.4472590420627967
string_palindrome__python__v1,string_palindrome,palindrome_test,python,1,"Given a string, determine whether it reads the same forward and backward.","def string_palindrome(text):
    left = 0
    right = len(text) - 1
    while left < right:
        if text[left] != text[right]:
            return False
        left += 1
        right -= 1
    return True",fast_offsets,False,24,24,65,64,True,0.23753309482435725,0.0338575504720211,0.4761911289427253,15.202118068758864,0.28005712753042644,0.035792773589491844,0.5930374169361884,17.923656161947292,0.9273104695603251,0.9958044588565826,0.994728053919971,0.859375,0.625,37,9,0.2186071951707293,0.25477699488022604,0.984375,0.3843848805409209
absolute_values__nl__v3,absolute_values,element_transform,nl,3,"Given a list of numbers, create a list containing the absolute value of each element.","Initialize an empty result list. Process each input number, compute its absolute value, and append that value to the result. Produce the result.",fast_offsets,False,27,27,29,28,True,0.7747396927193871,0.7435029447078705,0.6347509926477706,21.69271139614284,0.850675342671041,0.7581773698329926,0.7822015835664327,23.818909594789147,0.7447381072810718,0.7849437892436981,0.9880759928907666,0.39285714285714285,0.10714285714285714,4,1,0.5325223815937837,0.6392993765572706,0.9285714285714286,1.8141959962168974
first_negative_index__python__v2,first_negative_index,first_match_index,python,2,"Given a list of numbers, return the index of the first negative value, or minus one if none exists.","def first_negative_index(current):
    for item, value in enumerate(current):
        if value < 0:
            return item
    return -1",fast_offsets,False,33,33,38,37,True,0.43904372875761977,0.11466336250305176,0.5811044648334085,16.24461796403193,0.4938888430034559,0.11745741963386536,0.6965683827471366,18.27388719112787,0.8568676146301063,0.9821999073028564,0.9930666556229463,0.6486486486486487,0.40540540540540543,13,5,0.3712682983536474,0.44165586335212637,0.972972972972973,0.9670182970058532
ordered_intersection__python__v3,ordered_intersection,ordered_intersection,python,3,"Given two lists, return values from the first list that also occur in the second list, preserving duplicates and order from the first list.","def ordered_intersection(element, x):
    entry = []
    for result in element:
        if result in x:
            entry.append(result)
    return entry",fast_offsets,False,40,40,41,40,True,0.5584003712167032,0.22058508545160294,0.6761749201651507,22.33601484866813,0.7222304479335435,0.22984683513641357,0.9471567043447829,28.88921791734174,0.8493108183145524,0.9560099542140961,0.977387449145317,0.625,0.225,15,5,0.576098480548423,0.7659649078805859,0.875,1.5604493725018984
filter_nonnegative__python__v1,filter_nonnegative,sign_filter,python,1,"Given a list of numbers, create a new list containing only values greater than or equal to zero.","def filter_nonnegative(values):
    result = []
    for value in values:
        if value >= 0:
            result.append(value)
    return result",fast_offsets,False,30,30,40,39,True,0.32402329844719646,0.0420447438955307,0.5361693961381964,12.636908639440662,0.3722248309812783,0.0435209684073925,0.6577834071918579,14.516768408269854,0.9078512810743772,0.9943295121192932,0.9938515256612729,0.7948717948717948,0.5384615384615384,23,12,0.37969554094429203,0.4329980643156695,1.0,0.47683297696439464
scan_max__nl__v3,scan_max,scan_extremum,nl,3,"Given a non-empty list of numbers, find the largest value by scanning the list once.","Set the first value as the current maximum. Process each remaining value. If a value is larger than the current maximum, replace the current maximum with it. Produce the current maximum after the scan.",fast_offsets,False,30,30,40,39,True,1.0628852490813305,1.097342610359192,0.6610029656140614,41.452524714171886,1.1556747962649052,1.1004228591918945,0.7458040807918304,45.0713170543313,0.6442406208087237,0.5657538175582886,0.9883378728842124,0.2564102564102564,0.05128205128205128,4,1,0.6525012321378055,0.709670612294423,0.9487179487179487,1.5161535752316315
contains_target__python__v3,contains_target,membership_test,python,3,"Given a list of values and a target, determine whether the target occurs in the list.","def contains_target(x, element):
    for entry in x:
        if entry == element:
            return True
    return False",fast_offsets,False,28,28,31,30,True,0.5382919928990304,0.07211734727025032,0.7392285828813334,16.148759786970913,0.6217264206614346,0.07581882923841476,0.8787934663650229,18.651792619843036,0.8364362860719363,0.9892419874668121,0.9891001681486765,0.6333333333333333,0.5,11,6,0.42352517684600477,0.4984298091991965,0.9333333333333333,0.8617162374527348
insertion_sort_ascending__python__v1,insertion_sort_ascending,insertion_sort,python,1,"Given a list of numbers, sort it in ascending order using insertion sort and return the sorted copy.","def insertion_sort_ascending(values):
    result = values[:]
    for index in range(1, len(result)):
        current = result[index]
        position = index - 1
        while position >= 0 and result[position] > current:
            result[position + 1] = result[position]
            position -= 1
        result[position + 1] = current
    return result",fast_offsets,False,32,32,97,96,True,0.22882875183559767,0.025773433037102222,0.4233792532142146,21.967560176217376,0.25660223201007665,0.025848887860774994,0.5095699340955092,24.633814272967356,0.9279736373573542,0.996527224779129,0.9965689834207296,0.8020833333333334,0.59375,41,14,0.27411197032649254,0.3166158533550563,1.0,0.31253610673244125
chunks_pairs__python__v2,chunks_pairs,chunking,python,2,"Given a list, split it into consecutive chunks containing at most two elements.","def chunks_pairs(current):
    item = []
    for value in range(0, len(current), 2):
        item.append(current[value:value + 2])
    return item",fast_offsets,False,25,25,48,47,True,0.5183589658749468,0.24729305505752563,0.6466022095739663,24.3628713961225,0.6083271097406705,0.262542724609375,0.83668332949586,28.591374157811515,0.8434822968346007,0.9518417716026306,0.9868162908452622,0.5957446808510638,0.2978723404255319,7,3,0.49122305280205025,0.5924022972188971,0.9361702127659575,1.2843036814846662
matrix_row_sums__nl__v3,matrix_row_sums,matrix_aggregate,nl,3,"Given a matrix of numbers, return a list containing the sum of each row.","Initialize an empty result list. For each row, start a row total at zero, add every value in the row, and append the row total. Produce the result.",fast_offsets,False,26,26,35,34,True,0.9758815462974941,0.9479924142360687,0.5620244753026642,33.1799725741148,1.0449814820552574,1.0034545958042145,0.6170716302287702,35.52937038987875,0.6726274455294889,0.7059056460857391,0.9920922342468711,0.23529411764705882,0.0,3,0,0.5405745316635479,0.6101934056390416,0.9705882352941176,1.844193306422847
insertion_sort_ascending__nl__v3,insertion_sort_ascending,insertion_sort,nl,3,"Given a list of numbers, sort it in ascending order using insertion sort and return the sorted copy.","Copy the list. Starting with the second element, shift larger earlier values one position right until the current value can be inserted in order. Produce the copy.",fast_offsets,False,32,32,32,31,True,1.2775848623244994,1.1799235343933105,0.6208540155342548,39.60513073205948,1.4538583313265154,1.3016129732131958,0.7430178044140018,45.06960827112198,0.6096193338594129,0.6380448937416077,0.9750672598038951,0.16129032258064516,0.0,2,0,0.5944072395563126,0.7258218189080556,0.9354838709677419,2.5755989662101193
keep_letters__nl__v2,keep_letters,string_filter,nl,2,"Given a string, return a new string containing only alphabetic characters.","Begin with an empty result string. Inspect each character. If it is alphabetic, add it to the result. Output the result.",fast_offsets,False,26,26,30,29,True,0.8166574260384519,0.8178621530532837,0.598599650001423,23.683065355115104,0.9212273317790622,0.887489914894104,0.6869890934836789,26.715592621592805,0.7374531575318041,0.7800273895263672,0.9877690713981102,0.3448275862068966,0.06896551724137931,4,2,0.6348324524296913,0.7124678311769718,0.9310344827586207,1.1778348595743693
dedupe_last__python__v2,dedupe_last,deduplication,python,2,"Given a list, remove duplicate values while keeping the last occurrence of each value and preserving the order of those kept occurrences.","def dedupe_last(current):
    item = []
    for value in reversed(current):
        if value not in item:
            item.append(value)
    item.reverse()
    return item",fast_offsets,False,38,38,50,49,True,0.4340871551146253,0.11808731406927109,0.5985815959002161,21.27027060061664,0.5314539375641307,0.13810120522975922,0.7999712865928789,26.041242940642405,0.8701660572266092,0.9793131947517395,0.9865016572329462,0.673469387755102,0.3469387755102041,13,5,0.35597886765299336,0.4815430011440185,0.9591836734693877,1.0767245959984153
bubble_sort_ascending__nl__v2,bubble_sort_ascending,bubble_sort,nl,2,"Given a list of numbers, sort it in ascending order using bubble sort and return the sorted copy.","Copy the input list. Repeatedly scan adjacent pairs and swap them when the left value is greater than the right value. After enough passes, output the copy.",fast_offsets,False,31,31,33,32,True,1.1019225008203648,1.191516399383545,0.715629537719451,35.261520026251674,1.2506128760869615,1.3478900790214539,0.8466208970372865,40.01961203478277,0.6495614349842072,0.6517058610916138,0.9788543228060007,0.28125,0.0625,3,1,0.7848322508075545,0.874048423983397,0.84375,2.1251034271044773
selection_sort_ascending__python__v3,selection_sort_ascending,selection_sort,python,3,"Given a list of numbers, sort it in ascending order using selection sort and return the sorted copy.","def selection_sort_ascending(n_count):
    result = n_count[:]
    for x in range(len(result)):
        element = x
        for entry in range(x + 1, len(result)):
            if result[entry] < result[element]:
                element = entry
        result[x], result[element] = result[element], result[x]
    return result",fast_offsets,False,31,31,94,93,True,0.3050046254419446,0.05929974094033241,0.4846239788100804,28.36543016610085,0.3437897537926322,0.05944988131523132,0.5838179002329159,31.972447102714796,0.9023677110671997,0.990975022315979,0.9951154076924889,0.7634408602150538,0.5483870967741935,20,14,0.3710512901009718,0.4250322153991716,0.967741935483871,0.7485715084387696
frequency_map_chars__nl__v1,frequency_map_chars,frequency_map,nl,1,"Given a string, build a dictionary mapping each character to its occurrence count.","Start with an empty dictionary. Examine each character. If it is already a key, increase its count; otherwise create the key with count one. Return the dictionary.",fast_offsets,False,26,26,34,33,True,0.8123581550563826,0.7809766530990601,0.539007070224582,26.807819116860628,0.8713171287919536,0.8493943214416504,0.5764165744133541,28.753465250134468,0.7286305716543486,0.7663698196411133,0.9935504469004545,0.3333333333333333,0.06060606060606061,2,1,0.623436203924939,0.6648513190448284,0.9696969696969697,1.4079949557499
binary_to_integer__nl__v3,binary_to_integer,base_conversion,nl,3,"Given a string of binary digits, convert it to a nonnegative integer.","Initialize the result at zero. Process the digits from left to right, doubling the result and adding the numeric value of the current digit. Produce the result.",fast_offsets,False,26,26,35,34,True,1.0752962804810309,1.1112669110298157,0.7824718901723501,36.56007353635505,1.224378311623107,1.1656441688537598,0.9405272384060809,41.62886259518564,0.6451411760028671,0.5243996977806091,0.9782353587010327,0.35294117647058826,0.11764705882352941,3,1,0.9070670037727916,1.0725124330457412,0.9117647058823529,1.5652628364409527
filter_negative__nl__v2,filter_negative,sign_filter,nl,2,"Given a list of numbers, create a new list containing only negative values.","Begin with an empty result list. Inspect every number. If a number is less than zero, add it to the result. Output the result after processing the input.",fast_offsets,False,25,25,34,33,True,0.7284649962728674,0.50007164478302,0.6013826146829304,24.039344877004623,0.7935409698296677,0.5881277322769165,0.6815410934977771,26.186852004379034,0.762861000769066,0.8830500245094299,0.9920323057608171,0.3939393939393939,0.09090909090909091,4,1,0.6034745681099594,0.6679627343546599,0.9393939393939394,1.7597236873469118
first_even_index__nl__v1,first_even_index,first_match_index,nl,1,"Given a list of integers, return the index of the first even value, or minus one if none exists.","Examine the list from the beginning while tracking the current index. When an even value is encountered, return its index. If the end is reached with no match, return minus one.",fast_offsets,False,34,34,38,37,True,0.9761735676470011,0.9492388367652893,0.6814361672432713,36.11842200293904,1.0877016198292777,1.0784424543380737,0.7860652325679938,40.244959933683276,0.6949997294593502,0.7351762056350708,0.9854467205099158,0.32432432432432434,0.02702702702702703,3,1,0.531061131846703,0.6140340915363696,0.9459459459459459,1.2702680263171566
least_frequent__nl__v1,least_frequent,mode_selection,nl,1,"Given a non-empty list, return a value with the lowest occurrence count, choosing the first such value on ties.",Build occurrence counts. Then scan the original list while tracking the best value and lowest count seen. Replace the best only when a strictly lower count is found. Return the best value.,fast_offsets,False,35,35,38,37,True,1.3841804137101044,1.1723450422286987,0.7079580617041307,51.214675307273865,1.7618636408367672,1.5700387954711914,0.9771388349002574,65.18895471096039,0.5712643672485609,0.6496584415435791,0.9428603810233038,0.10810810810810811,0.0,2,0,0.5452849417924881,0.8129011988639832,0.8918918918918919,2.3541417804521485
digit_sum__nl__v1,digit_sum,digit_aggregate,nl,1,"Given a nonnegative integer, compute the sum of its decimal digits.","Start a total at zero. While the number is positive, add its last decimal digit to the total and remove that digit using integer division by ten. Return the total.",fast_offsets,False,25,25,34,33,True,1.1824415761864546,1.153097152709961,0.715774885210892,39.020572014153004,1.3504106770410682,1.274770975112915,0.8752748360530554,44.56355234235525,0.6171276686769543,0.6412530541419983,0.9755198648481658,0.21212121212121213,0.030303030303030304,2,1,0.8695497796870768,1.0465919845737517,1.0,1.4460476492954926
minmax_normalize__nl__v2,minmax_normalize,bounded_numeric_transform,nl,2,"Given a non-empty list of numbers with distinct minimum and maximum values, scale each value into the interval from zero to one using min-max normalization.","Find the minimum and maximum values. Build an empty result list. For each value, subtract the minimum and divide by the difference between maximum and minimum, then add the result. Output the list.",fast_offsets,False,42,42,40,39,True,0.8115785136245764,0.7259759902954102,0.5477634595685476,31.65156203135848,0.9189519090816761,0.7609040141105652,0.6503035939043632,35.83912445418537,0.7467244966672018,0.7988407015800476,0.9869331793907361,0.28205128205128205,0.07692307692307693,3,2,0.6711147107968205,0.8000152033606642,0.9487179487179487,1.631559610993673
count_words__nl__v1,count_words,word_count,nl,1,"Given a string containing words separated by whitespace, count the words.",Split the string on whitespace and return the number of resulting words.,fast_offsets,False,24,24,14,13,True,0.9573152701442058,0.9429879188537598,0.6930458819162004,12.445098511874676,1.0150127780552094,0.9664077758789062,0.7390114656939054,13.195166114717722,0.703900009393692,0.774800181388855,0.9931191022579486,0.38461538461538464,0.07692307692307693,1,1,0.9260614054898421,0.9761378957579533,1.0,0.966497528545845
fibonacci_first_n__nl__v2,fibonacci_first_n,fibonacci,nl,2,"Given a nonnegative integer n, return the first n Fibonacci values starting with zero and one.","Begin with zero and one and an empty result list. Repeat n times, add the current first value, then replace the pair with the second value and their sum. Output the result.",fast_offsets,False,32,32,38,37,True,1.424660694357511,1.395561933517456,0.726656564673443,52.71244569122791,1.7121740434620831,1.5172271728515625,0.9481334968092974,63.350439608097076,0.5478189333870604,0.5396577715873718,0.9544568077937977,0.13513513513513514,0.0,2,0,0.9909727647900581,1.3081895146105025,0.8918918918918919,2.197783525504575
rotate_left_one__nl__v1,rotate_left_one,rotation,nl,1,"Given a non-empty list, rotate it left by one position.","Create an empty result list. Append every element except the first in original order, then append the original first element. Return the result.",fast_offsets,False,25,25,27,26,True,1.020153657748149,0.8021156787872314,0.5845647435545759,26.523995101451874,1.1822796578590686,0.9924018085002899,0.712947158234514,30.739271104335785,0.6663942508972608,0.7419994175434113,0.9776523525898273,0.15384615384615385,0.0,4,0,0.5536074447631836,0.6503927803039551,0.9615384615384616,1.9330462926568894
count_equal_neighbors__python__v2,count_equal_neighbors,adjacent_analysis,python,2,"Given a list, count how many adjacent pairs contain equal values.","def count_equal_neighbors(current):
    item = 0
    for value in range(1, len(current)):
        if current[value] == current[value - 1]:
            item += 1
    return item",fast_offsets,False,23,23,56,55,True,0.43037018373989583,0.1260886788368225,0.5507412272445583,23.67036010569427,0.4936603432965719,0.13644564151763916,0.6784688502828786,27.151318881311454,0.872919698195024,0.9759978652000427,0.9919240236282348,0.6727272727272727,0.3090909090909091,10,3,0.4563572036093791,0.5301376445589725,0.9636363636363636,0.9620954790659281
moving_average_three__python__v3,moving_average_three,sliding_window,python,3,"Given a list of numbers, return the average of every consecutive window of three values.","def moving_average_three(result):
    x = []
    for entry in range(len(result) - 2):
        element = (result[entry] + result[entry + 1] + result[entry + 2]) / 3
        x.append(element)
    return x",fast_offsets,False,27,27,70,69,True,0.4621436932120823,0.13278552889823914,0.6463125094830464,31.88791483163368,0.5354893880987378,0.13374795019626617,0.8095834070868371,36.94876777881291,0.852657897748809,0.9767650961875916,0.9895387240078138,0.6521739130434783,0.4057971014492754,14,6,0.5718392821556122,0.6785400983336491,0.9420289855072463,0.7755567264646452
matrix_contains__python__v1,matrix_contains,matrix_search,python,1,"Given a matrix and a target value, determine whether the target occurs anywhere in the matrix.","def matrix_contains(matrix, target):
    for row in matrix:
        for value in row:
            if value == target:
                return True
    return False",fast_offsets,False,28,28,39,38,True,0.33337086179342706,0.026497427374124527,0.565685153570097,12.66809274815023,0.3711963258561139,0.02876979485154152,0.6339553231714409,14.105460382532328,0.8943455270246455,0.9964907169342041,0.9957938555039858,0.7631578947368421,0.6052631578947368,19,9,0.31263743946958034,0.3444184625546473,1.0,0.4198010396955253
first_negative_index__nl__v3,first_negative_index,first_match_index,nl,3,"Given a list of numbers, return the index of the first negative value, or minus one if none exists.","Process the list from the beginning while tracking the current index. Whenever a negative value is encountered, return its index. If the end is reached with no match, return minus one.",fast_offsets,False,33,33,37,36,True,1.006285919141697,1.0207892060279846,0.6565482782934469,36.22629308910109,1.1380206130108692,1.1963415145874023,0.7756564035453548,40.96874206839129,0.6802662312984467,0.6244900226593018,0.9826242211792204,0.3055555555555556,0.027777777777777776,4,1,0.5032957569696009,0.6014141676947474,0.9166666666666666,1.46206157026063
main_diagonal_sum__python__v2,main_diagonal_sum,diagonal_aggregate,python,2,"Given a square matrix, calculate the sum of its main diagonal.","def main_diagonal_sum(value):
    current = 0
    for item in range(len(value)):
        current += value[item][item]
    return current",fast_offsets,False,23,23,41,40,True,0.41572915059223303,0.07575139030814171,0.6050328211107022,16.629166023689322,0.4705517960886937,0.0783299021422863,0.7162717841111842,18.822071843547747,0.8773907199501991,0.9888082146644592,0.9924524515867233,0.7,0.475,18,5,0.4306418656741675,0.4891976752700523,0.95,0.8257837147169994
frequency_map_items__python__v2,frequency_map_items,frequency_map,python,2,"Given a list of hashable values, build a dictionary mapping each value to its occurrence count.","def frequency_map_items(current):
    item = {}
    for value in current:
        if value in item:
            item[value] += 1
        else:
            item[value] = 1
    return item",fast_offsets,False,30,30,54,53,True,0.3443556685958339,0.04671084135770798,0.6114388490679271,18.250850435579196,0.410257260397215,0.05204891413450241,0.773951092078562,21.743634801052394,0.8999255777529951,0.9933592677116394,0.9907452374134423,0.7924528301886793,0.5471698113207547,28,16,0.4397079445278415,0.5333187541719571,0.9433962264150944,1.034786142046457
list_palindrome__python__v1,list_palindrome,palindrome_test,python,1,"Given a list, determine whether its values read the same forward and backward.","def list_palindrome(values):
    left = 0
    right = len(values) - 1
    while left < right:
        if values[left] != values[right]:
            return False
        left += 1
        right -= 1
    return True",fast_offsets,False,25,25,65,64,True,0.27206048040329733,0.03724515065550804,0.5498264722129493,17.41187074581103,0.3284465926185476,0.04051193408668041,0.6943539047469893,21.020581927587045,0.9187616982962936,0.9949542582035065,0.9928572745993733,0.84375,0.5625,36,7,0.26497822565383217,0.3213563295726162,1.0,0.3227471705816214
matrix_row_sums__nl__v2,matrix_row_sums,matrix_aggregate,nl,2,"Given a matrix of numbers, return a list containing the sum of each row.","Build an empty result list. For each row, start a row total at zero, add every value in the row, and add the row total. Output the result.",fast_offsets,False,26,26,34,33,True,1.111884205178781,1.05190110206604,0.5670994944730883,36.69217877089977,1.2356685377431638,1.160810112953186,0.6533764597299232,40.777061745524406,0.6296058504870443,0.6439275741577148,0.9847949309782549,0.15151515151515152,0.030303030303030304,2,1,0.5993827423080802,0.7222973322495818,0.9393939393939394,1.9742472220889546
ordered_unique_intersection__nl__v1,ordered_unique_intersection,ordered_intersection,nl,1,"Given two lists, return distinct values from the first list that also occur in the second list, preserving first-list order.","Create an empty result. Examine each value in the first list. If it occurs in the second list and is not already in the result, append it. Return the result.",fast_offsets,False,36,36,36,35,True,0.6923029052359717,0.45469847321510315,0.5863928165973568,24.23060168325901,0.7571965109024729,0.509061872959137,0.6369421353932092,26.50187788158655,0.7872986469949995,0.8972681164741516,0.9930010199546814,0.4857142857142857,0.02857142857142857,4,1,0.6847793433596107,0.739351700333988,0.9714285714285714,1.1078509369066782
least_frequent__python__v2,least_frequent,mode_selection,python,2,"Given a non-empty list, return a value with the lowest occurrence count, choosing the first such value on ties.","def least_frequent(output):
    value = {}
    for current in output:
        value[current] = value.get(current, 0) + 1
    item = output[0]
    for current in output:
        if value[current] < value[item]:
            item = current
    return item",fast_offsets,False,35,35,76,75,True,0.4979419447519467,0.14465981721878052,0.71726150696081,37.345645856396004,0.6051220579028207,0.14782077074050903,0.9344231786802611,45.384154342711554,0.842649193406105,0.9737234711647034,0.9845346808433533,0.7066666666666667,0.4266666666666667,17,6,0.4411780626021052,0.5642211766865551,0.9466666666666667,0.7356559945639188
reverse_string__nl__v3,reverse_string,reverse_sequence,nl,3,"Given a string, create a new string containing the same characters in reverse order.",Initialize with an empty result string. Process the input from the last position to the first and append each character to the result. Produce the result.,fast_offsets,False,26,26,30,29,True,1.0212942053531777,0.9289191961288452,0.6186988227879754,29.617531955242157,1.1433182014473553,1.0545296669006348,0.6983346977509745,33.156227841973305,0.6601734634103447,0.7514071464538574,0.9850290993164326,0.3103448275862069,0.034482758620689655,4,1,0.6406610224928174,0.7246181166597775,0.896551724137931,1.940496408492969
minmax_normalize__python__v2,minmax_normalize,bounded_numeric_transform,python,2,"Given a non-empty list of numbers with distinct minimum and maximum values, scale each value into the interval from zero to one using min-max normalization.","def minmax_normalize(counter):
    value = min(counter)
    item = max(counter)
    current = []
    for output in counter:
        current.append((output - value) / (item - value))
    return current",fast_offsets,False,42,42,57,56,True,0.5102798725420143,0.22567564994096756,0.6597041170287582,28.575672862352803,0.5839821250202866,0.2307482361793518,0.7816422478493027,32.70299900113605,0.8344832344778946,0.9563275575637817,0.9904968185084206,0.6071428571428571,0.39285714285714285,10,7,0.5788419545628131,0.672115889005363,0.9107142857142857,1.2260946457728485
frequency_map_chars__nl__v3,frequency_map_chars,frequency_map,nl,3,"Given a string, build a dictionary mapping each character to its occurrence count.","Initialize with an empty dictionary. Process each character. If it is already a key, increase its count; otherwise create the key with count one. Produce the dictionary.",fast_offsets,False,26,26,34,33,True,0.9806259557266127,0.8902060389518738,0.5335282253639346,32.36065653897822,1.076828569399588,0.9140813946723938,0.5961568604835044,35.535342790186405,0.6720493968689081,0.691064178943634,0.9888570453181411,0.18181818181818182,0.09090909090909091,1,1,0.5792909351876006,0.6378603368066251,0.9090909090909091,1.9379406176140588
minmax_normalize__nl__v1,minmax_normalize,bounded_numeric_transform,nl,1,"Given a non-empty list of numbers with distinct minimum and maximum values, scale each value into the interval from zero to one using min-max normalization.","Find the minimum and maximum values. Create an empty result list. For each value, subtract the minimum and divide by the difference between maximum and minimum, then append the result. Return the list.",fast_offsets,False,42,42,40,39,True,0.7252748034034784,0.6688323020935059,0.518240780685485,28.285717332735658,0.7972601268153924,0.7245042324066162,0.6001091797097032,31.093144945800304,0.7755723763734866,0.8219021558761597,0.9914254546165466,0.358974358974359,0.10256410256410256,4,2,0.6131465059558028,0.6994344572487631,1.0,1.1080226997952336
merge_sorted_ascending__python__v1,merge_sorted_ascending,merge_sorted,python,1,"Given two lists sorted in ascending order, merge them into one ascending list.","def merge_sorted_ascending(left_values, right_values):
    result = []
    i = 0
    j = 0
    while i < len(left_values) and j < len(right_values):
        if left_values[i] <= right_values[j]:
            result.append(left_values[i])
            i += 1
        else:
            result.append(right_values[j])
            j += 1
    result.extend(left_values[i:])
    result.extend(right_values[j:])
    return result",fast_offsets,False,27,27,140,139,True,0.17284792217592668,0.006127824075520039,0.38767270490977207,24.02586118245381,0.18859688438617092,0.00647289864718914,0.44146778042761825,26.214966929677757,0.9417230051627262,0.9993529319763184,0.998098982752656,0.8633093525179856,0.7338129496402878,47,21,0.17038598764233082,0.18638858632513564,1.0,0.2418187552612089
count_divisors__python__v1,count_divisors,divisors,python,1,"Given a positive integer n, count its positive divisors.","def count_divisors(n):
    count = 0
    for divisor in range(1, n + 1):
        if n % divisor == 0:
            count += 1
    return count",fast_offsets,False,22,22,51,50,True,0.2511735327122733,0.03419981338083744,0.41083362397400286,12.558676635613665,0.27553882962907666,0.03503181226551533,0.47120417540290355,13.776941481453832,0.9200782209634781,0.9953747391700745,0.99721107006073,0.8,0.58,24,14,0.2511674427731457,0.2760003331825327,1.0,0.2059025625115919
reverse_list__python__v3,reverse_list,reverse_sequence,python,3,"Given a list, create a new list containing the same values in reverse order.","def reverse_list(x):
    entry = []
    for element in range(len(x) - 1, -1, -1):
        entry.append(x[element])
    return entry",fast_offsets,False,26,26,47,46,True,0.34939901288295083,0.105043675750494,0.5148452594597025,16.07235459261574,0.3973103297530147,0.1079084537923336,0.6118353468709624,18.276275168638676,0.9008543303479319,0.9827591776847839,0.9938832599183788,0.7608695652173914,0.391304347826087,24,7,0.3241314264117844,0.36851976255161895,0.9782608695652174,0.6897215359817694
dedupe_first__python__v1,dedupe_first,deduplication,python,1,"Given a list, remove duplicate values while keeping the first occurrence of each value.","def dedupe_first(values):
    result = []
    for value in values:
        if value not in result:
            result.append(value)
    return result",fast_offsets,False,27,27,41,40,True,0.354798991237476,0.036891330033540726,0.5537413742732502,14.19195964949904,0.41458973044427694,0.03773593343794346,0.669705254525496,16.583589217771078,0.8950625468045473,0.9951692819595337,0.992619489133358,0.725,0.55,23,13,0.3088068619567471,0.3822668678446625,1.0,0.5316655372401783
matrix_find_position__python__v2,matrix_find_position,matrix_search,python,2,"Given a matrix and a target value, return the row and column of the first occurrence in row-major order, or minus one for both if absent.","def matrix_find_position(value, output):
    for current in range(len(value)):
        for item in range(len(value[current])):
            if value[current][item] == output:
                return current, item
    return -1, -1",fast_offsets,False,43,43,63,62,True,0.40734270821520757,0.12037669122219086,0.5877913729780108,25.25524790934287,0.48334688627566663,0.12872876226902008,0.7628071969551199,29.96750694909133,0.8806531138477787,0.9809687435626984,0.9891343539760958,0.6774193548387096,0.41935483870967744,13,4,0.4166548434706008,0.5117506787646562,0.9516129032258065,1.1243143860528138
scan_min__nl__v1,scan_min,scan_extremum,nl,1,"Given a non-empty list of numbers, find the smallest value by scanning the list once.","Use the first value as the current minimum. Examine each remaining value. If a value is smaller than the current minimum, replace the current minimum with it. Return the current minimum after the scan.",fast_offsets,False,30,30,40,39,True,1.05537546492922,1.0754938125610352,0.7275095497110194,41.15964313223958,1.2296621340971727,1.1140108108520508,0.9725522465218542,47.956823229789734,0.6455440200292147,0.5903646349906921,0.9748887465550349,0.3076923076923077,0.02564102564102564,4,1,0.7661606549824539,0.9181500438012575,0.9743589743589743,1.1883757086470723
count_odd__nl__v3,count_odd,parity_count,nl,3,"Given a list of integers, count how many values are odd.","Initialize a counter at zero. Process every integer. For any case in which the current value is odd, increase the counter by one. Produce the counter after all values are processed.",fast_offsets,False,24,24,37,36,True,0.9830275975271232,0.8075332343578339,0.6061316982067703,35.388993510976434,1.0891939289867878,0.9571885466575623,0.6770324605298281,39.21098144352436,0.6800653723378977,0.7045572698116302,0.9876874188582102,0.2222222222222222,0.027777777777777776,4,1,0.5951291717588901,0.6768784207957131,0.9166666666666666,2.231409366527158
matrix_column_sums__nl__v2,matrix_column_sums,matrix_aggregate,nl,2,"Given a non-empty rectangular matrix of numbers, return a list containing the sum of each column.","Build an empty result list. For each column index, start a total at zero, add that column's value from every row, and add the total. Output the result.",fast_offsets,False,31,31,36,35,True,1.2580264232121408,1.340511679649353,0.5755691456049297,44.03092481242493,1.4253294573298523,1.4253108501434326,0.6736574648932275,49.88653100654483,0.5839274802378246,0.5480252504348755,0.9787722638675145,0.11428571428571428,0.02857142857142857,1,1,0.6588424294913078,0.7916977784651167,0.9428571428571428,2.1322576113275966
is_prime__nl__v2,is_prime,primality,nl,2,"Given an integer n, determine whether it is prime.",Output false for values below two. Test divisors starting at two while the divisor squared is no greater than n. Output false if any divisor divides n exactly; otherwise output true.,fast_offsets,False,21,21,40,39,True,1.0024796787840433,0.9036992192268372,0.6951688936155896,39.09670747257769,1.1772155444113872,0.974616527557373,0.8792856440517552,45.9114062320441,0.6897459691151594,0.7399287819862366,0.975750466187795,0.3076923076923077,0.07692307692307693,2,1,0.7528373366711956,0.9560328072034999,0.9743589743589743,2.106007502565775
adjacent_differences__python__v1,adjacent_differences,adjacent_transform,python,1,"Given a list of numbers, create a list of differences between each value and its predecessor.","def adjacent_differences(values):
    result = []
    for index in range(1, len(values)):
        result.append(values[index] - values[index - 1])
    return result",fast_offsets,False,29,29,49,48,True,0.387233181649511,0.08715950883924961,0.5815275239400113,18.587192719176528,0.44724264958813365,0.08732719905674458,0.7342375552287219,21.467647180230415,0.8722252116228143,0.9848929643630981,0.9921892248094082,0.6875,0.4791666666666667,11,5,0.43910736838006414,0.5164239742539878,1.0,0.36827754608787205
partition_by_threshold__nl__v2,partition_by_threshold,partition,nl,2,"Given a list of numbers and a threshold, return two lists: values below the threshold and values at least the threshold, preserving order.",Build two empty result lists. Inspect each number and add it to the below-threshold list or the other list according to the comparison. Output both lists.,fast_offsets,False,38,38,32,31,True,1.1456724364430673,1.2077250480651855,0.5594732891941244,35.51584552973509,1.3011930681044055,1.439060091972351,0.6506916701937957,40.33698511123657,0.638291510362779,0.6473585367202759,0.9811248529341913,0.16129032258064516,0.0,2,0,0.6065642222762108,0.7082876722017925,0.9354838709677419,2.0366473614628755
flatten_lists__python__v3,flatten_lists,flatten_one_level,python,3,"Given a list of lists, flatten exactly one level into a single list.","def flatten_lists(entry):
    x = []
    for element in entry:
        for result in element:
            x.append(result)
    return x",fast_offsets,False,26,26,39,38,True,0.5547758089868646,0.11457229405641556,0.7231066246138028,21.081480741500854,0.6693336294449278,0.1270875260233879,0.917290195260096,25.434677918907255,0.8226773491815517,0.9806618094444275,0.9841684730429399,0.631578947368421,0.3157894736842105,9,6,0.6669924060335836,0.8441162669427089,0.9210526315789473,1.2562263162154093
adjacent_differences__nl__v2,adjacent_differences,adjacent_transform,nl,2,"Given a list of numbers, create a list of differences between each value and its predecessor.","Build an empty result list. Starting with the second input value, subtract the preceding value from the current value and add the difference. Output the result.",fast_offsets,False,29,29,32,31,True,1.0699898816284634,1.0737348794937134,0.5923963203066791,33.169686330482364,1.210916875531116,1.1228946447372437,0.7155219375920402,37.53842314146459,0.6450250326625763,0.6336080431938171,0.9818648099899292,0.1935483870967742,0.06451612903225806,1,1,0.7531905284772317,0.889998267715176,0.967741935483871,1.7104728786545176
selection_sort_descending__python__v2,selection_sort_descending,selection_sort,python,2,"Given a list of numbers, sort it in descending order using selection sort and return the sorted copy.","def selection_sort_descending(counter):
    output = counter[:]
    for current in range(len(output)):
        item = current
        for value in range(current + 1, len(output)):
            if output[value] > output[item]:
                item = value
        output[current], output[item] = output[item], output[current]
    return output",fast_offsets,False,31,31,90,89,True,0.3220688447475092,0.05546240136027336,0.4889445376696302,28.66412718252832,0.3585169875753646,0.055663298815488815,0.5808797641482717,31.908011894207448,0.8963307215926353,0.991347074508667,0.9952737059486046,0.6853932584269663,0.5393258426966292,15,15,0.35820992331537127,0.4045799862307666,0.9550561797752809,0.6199871274364014
list_palindrome__python__v2,list_palindrome,palindrome_test,python,2,"Given a list, determine whether its values read the same forward and backward.","def list_palindrome(current):
    item = 0
    value = len(current) - 1
    while item < value:
        if current[item] != current[value]:
            return False
        item += 1
        value -= 1
    return True",fast_offsets,False,25,25,65,64,True,0.45913725901209546,0.10939153283834457,0.7008826669765942,29.38478457677411,0.5530779859568611,0.11521540209650993,0.8983849113412753,35.39699110123911,0.8575805355794728,0.9813545346260071,0.9866030104458332,0.71875,0.4375,33,9,0.46855321992003907,0.5851917296956618,0.953125,0.7503706270198052
sum_negative__python__v3,sum_negative,sign_sum,python,3,"Given a list of numbers, sum only the negative values.","def sum_negative(x):
    element = 0
    for entry in x:
        if entry < 0:
            element += entry
    return element",fast_offsets,False,22,22,37,36,True,0.4618892685458478,0.15073621273040771,0.5699026510746018,16.62801366765052,0.5126207601117332,0.158028744161129,0.6505578949996683,18.454347364022397,0.8616822262605032,0.9742757380008698,0.9939121223158307,0.6944444444444444,0.3611111111111111,20,4,0.3523002253579242,0.3906120981821524,0.9444444444444444,0.8504327664908892
lcm_list__nl__v3,lcm_list,lcm_family,nl,3,"Given a non-empty list of positive integers, compute the least common multiple of all values.",Set the first value as the current lcm. Combine each remaining value with the current lcm by computing their gcd and then the corresponding lcm. Produce the final value.,fast_offsets,False,30,30,38,37,True,1.3054910400894948,1.367923617362976,0.7337409495927232,48.30316848331131,1.6101389716102465,1.6342790126800537,1.0181414413164602,59.57514194957912,0.5878676304946074,0.5453674793243408,0.9550666889628848,0.16216216216216217,0.08108108108108109,1,1,0.7892060706055619,1.0207254333007667,0.918918918918919,1.977124075255061
contains_zero__python__v1,contains_zero,membership_test,python,1,"Given a list of numbers, determine whether zero occurs in the list.","def contains_zero(values):
    for value in values:
        if value == 0:
            return True
    return False",fast_offsets,False,24,24,30,29,True,0.3806775937269337,0.04795588180422783,0.6164907150090809,11.039650218081078,0.4130722336744055,0.05051911622285843,0.6781233565435789,11.979094776557758,0.8900407121099275,0.9936550259590149,0.9962411687291902,0.7586206896551724,0.5862068965517241,19,8,0.31916368571546627,0.3520633052269529,1.0,0.46685603027743067
gcd_two__nl__v3,gcd_two,gcd_family,nl,3,"Given two nonnegative integers, compute their greatest common divisor using the Euclidean algorithm.","While the second value is not zero, replace the pair with the second value and the remainder of the first divided by the second. Produce the first value when the second becomes zero.",fast_offsets,False,31,31,37,36,True,1.036764760191242,1.0107054114341736,0.6531711538761321,37.32353136688471,1.2056225033269987,1.101388692855835,0.8251911401707424,43.40241011977196,0.6945147746139102,0.7378690540790558,0.9760054780377282,0.19444444444444445,0.05555555555555555,3,1,0.7074250889675958,0.8325591146945953,0.9722222222222222,1.1642832270331889
window_sum_three__python__v1,window_sum_three,sliding_window,python,1,"Given a list of numbers, return the sum of every consecutive window of three values.","def window_sum_three(values):
    result = []
    for index in range(len(values) - 2):
        total = values[index] + values[index + 1] + values[index + 2]
        result.append(total)
    return result",fast_offsets,False,27,27,65,64,True,0.32706148507622856,0.041728587821125984,0.540945645441454,20.931935044878628,0.38157265260088025,0.0445367768406868,0.6723342663246261,24.420649766456336,0.8987631401978433,0.9937790930271149,0.9928898410871625,0.734375,0.578125,23,20,0.41618388279762475,0.4970518437450722,0.984375,0.4663616447282948
chunks_pairs__nl__v1,chunks_pairs,chunking,nl,1,"Given a list, split it into consecutive chunks containing at most two elements.",Create an empty result list. Move a starting index through the input two positions at a time. Append the slice containing that position and the next one if present. Return the result.,fast_offsets,False,25,25,36,35,True,1.2177251514579568,1.3018567562103271,0.690328453001719,42.62038030102849,1.4260182569069522,1.4077023267745972,0.8407557859611007,49.910638991743326,0.6247597754001617,0.6281889081001282,0.9702559794698443,0.14285714285714285,0.05714285714285714,2,2,0.7334915016065625,0.9089021706844077,0.9142857142857143,2.3417801124975086
integer_to_binary__python__v2,integer_to_binary,base_conversion,python,2,"Given a positive integer, return its binary representation as a string without a prefix.","def integer_to_binary(value):
    item = []
    while value > 0:
        item.append(str(value % 2))
        value //= 2
    item.reverse()
    return """".join(item)",fast_offsets,False,26,26,57,56,True,0.39272623580317095,0.08623247593641281,0.570835115195722,21.992669204977574,0.44549273952309576,0.0875459834933281,0.6822249006146778,24.94759341329336,0.8703249844589404,0.9851717948913574,0.9933193240846906,0.6964285714285714,0.48214285714285715,9,6,0.4514909206540324,0.5168721150268208,0.9821428571428571,0.5917115579928967
remove_digits__python__v3,remove_digits,string_filter,python,3,"Given a string, return a new string with all decimal digits removed.","def remove_digits(x):
    entry = """"
    for element in x:
        if not element.isdigit():
            entry += element
    return entry",fast_offsets,False,25,25,39,38,True,0.4565632595239501,0.1003626175224781,0.6142275131486008,17.349403861910105,0.5338019470402383,0.10473892092704773,0.742976517602601,20.284473987529054,0.8662555405968114,0.9841285645961761,0.9903141166034498,0.6578947368421053,0.3684210526315789,8,3,0.5080845020711422,0.5796814598017246,0.9736842105263158,0.7907024694141
count_above__python__v1,count_above,threshold_count,python,1,"Given a list of numbers and a threshold, count the values greater than the threshold.","def count_above(values, threshold):
    count = 0
    for value in values:
        if value > threshold:
            count += 1
    return count",fast_offsets,False,27,27,40,39,True,0.32977274623632324,0.04868835583329201,0.5517062555979505,12.861137103216606,0.38049620181771343,0.04976397007703781,0.6466627435811282,14.839351870890823,0.9039832002077347,0.9935737252235413,0.9941972555258335,0.7948717948717948,0.5384615384615384,20,13,0.36283979635137303,0.4010171918160172,1.0,0.25092241800557064
are_disjoint__python__v2,are_disjoint,set_relation,python,2,"Given two collections, determine whether they have no value in common.","def are_disjoint(item, value):
    for current in item:
        if current in value:
            return False
    return True",fast_offsets,False,23,23,32,31,True,0.6567033203318715,0.2991377115249634,0.8043580889758072,20.357802930288017,0.8239963605639434,0.2996630370616913,1.091881182556355,25.543887177482247,0.7935992238983032,0.9367795586585999,0.975116943159411,0.5806451612903226,0.41935483870967744,10,6,0.6173390157520771,0.81261532617112,0.967741935483871,1.0029252170727798
window_sum_three__python__v3,window_sum_three,sliding_window,python,3,"Given a list of numbers, return the sum of every consecutive window of three values.","def window_sum_three(result):
    entry = []
    for element in range(len(result) - 2):
        x = result[element] + result[element + 1] + result[element + 2]
        entry.append(x)
    return entry",fast_offsets,False,27,27,65,64,True,0.4736077096185909,0.12331613898277283,0.6387500591827782,30.310893415589817,0.5570319461767212,0.12583579123020172,0.8096130383336384,35.65004455531016,0.850706776836887,0.978019118309021,0.9883190263062716,0.65625,0.40625,20,6,0.4892048710210633,0.6062063713306709,0.953125,0.935489153488561
transpose_matrix__python__v3,transpose_matrix,matrix_transform,python,3,"Given a non-empty rectangular matrix, return its transpose.","def transpose_matrix(entry):
    result = []
    for element in range(len(entry[0])):
        x = []
        for n_count in entry:
            x.append(n_count[element])
        result.append(x)
    return result",fast_offsets,False,24,24,65,64,True,0.38879787640021846,0.08863842114806175,0.6121904447230875,24.88306408961398,0.4708761501067613,0.09076086059212685,0.7888926005712525,30.136073606832724,0.8902496262453496,0.9855071604251862,0.9880563300102949,0.734375,0.453125,25,8,0.45140123715417946,0.5594722555348227,0.9375,1.0018182594447982
count_above__python__v2,count_above,threshold_count,python,2,"Given a list of numbers and a threshold, count the values greater than the threshold.","def count_above(output, value):
    item = 0
    for current in output:
        if current > value:
            item += 1
    return item",fast_offsets,False,27,27,40,39,True,0.5545976450547385,0.2402198314666748,0.6396221899559431,21.6293081571348,0.6651326564882393,0.24960073828697205,0.8054178035435348,25.94017360304133,0.8296308830762521,0.951693594455719,0.9859148921110691,0.5897435897435898,0.3076923076923077,16,5,0.45338853240307225,0.5417193797168837,0.9230769230769231,1.1041057379929369
count_increases__python__v3,count_increases,adjacent_analysis,python,3,"Given a list of numbers, count how many positions contain a value larger than the immediately preceding value.","def count_increases(x):
    element = 0
    for entry in range(1, len(x)):
        if x[entry] > x[entry - 1]:
            element += 1
    return element",fast_offsets,False,31,31,53,52,True,0.45253385406249436,0.12206233665347099,0.6206987898186704,23.531760411249707,0.5813588017542946,0.12361378222703934,0.9023824882526978,30.230657691223314,0.8665238171815872,0.9776194095611572,0.9820231325351275,0.6730769230769231,0.38461538461538464,13,5,0.46839987324418353,0.6040252175640918,0.9615384615384616,0.747773917700145
sum_negative__python__v1,sum_negative,sign_sum,python,1,"Given a list of numbers, sum only the negative values.","def sum_negative(values):
    total = 0
    for value in values:
        if value < 0:
            total += value
    return total",fast_offsets,False,22,22,37,36,True,0.31972268905600587,0.062168557196855545,0.5085090183930034,11.51001680601621,0.34648899012891987,0.06340175680816174,0.5560769229296333,12.473603644641116,0.9043203824096255,0.9912945330142975,0.9970201137993071,0.7777777777777778,0.5,20,6,0.29472095755793687,0.3194482925081892,1.0,0.3166239327456424
reverse_integer__nl__v1,reverse_integer,numeric_reverse,nl,1,"Given a nonnegative integer, reverse the order of its decimal digits.","Start the reversed value at zero. While the number is positive, take its last digit, append that digit to the reversed value by multiplying by ten and adding, then remove the last input digit. Return the reversed value.",fast_offsets,False,25,25,48,47,True,1.066052677570545,0.9867868423461914,0.7290621737796603,50.104475845815614,1.2509095225423732,1.120729923248291,0.956415361349182,58.792747559491545,0.6636078257827048,0.7166001796722412,0.9709633423926982,0.23404255319148937,0.06382978723404255,2,1,0.7840436532911237,1.0127459763468283,0.9787234042553191,1.7984710431219935
digit_product__nl__v1,digit_product,digit_aggregate,nl,1,"Given a positive integer, compute the product of its decimal digits.","Start a product at one. While the number is positive, multiply the product by its last decimal digit and remove that digit using integer division by ten. Return the product.",fast_offsets,False,24,24,35,34,True,1.096488959128585,1.067781388759613,0.7063491029586515,37.28062461037189,1.2815076030297752,1.2318177819252014,0.889819850686961,43.57125850301236,0.6583710759878159,0.6813406348228455,0.973621971466962,0.29411764705882354,0.029411764705882353,2,1,0.8286277247084812,1.0231091540984132,1.0,1.5725359967704315
moving_average_three__python__v1,moving_average_three,sliding_window,python,1,"Given a list of numbers, return the average of every consecutive window of three values.","def moving_average_three(values):
    result = []
    for index in range(len(values) - 2):
        average = (values[index] + values[index + 1] + values[index + 2]) / 3
        result.append(average)
    return result",fast_offsets,False,27,27,71,70,True,0.3478430549351775,0.050702378153800964,0.5955588927510624,24.349013845462423,0.4022982449253829,0.050798824056982994,0.746908897450666,28.160877144776805,0.8867758408188819,0.9922843277454376,0.9923117799418313,0.7428571428571429,0.5142857142857142,14,6,0.45984423528956986,0.544305641396523,1.0,0.36673314821003117
count_equal_neighbors__nl__v2,count_equal_neighbors,adjacent_analysis,nl,2,"Given a list, count how many adjacent pairs contain equal values.",Begin a counter at zero. Compare each value after the first with its predecessor. Increase the counter when the two values are equal. Output the counter.,fast_offsets,False,23,23,33,32,True,1.1562117923313053,1.2558605074882507,0.6723838624395589,36.99877735460177,1.297354429087136,1.3584482669830322,0.788370881127934,41.51534173078835,0.6219058749265969,0.5990728139877319,0.9810744374990463,0.1875,0.0625,2,1,0.8024019698402093,0.9483996647740564,0.9375,1.7083901415644505
reverse_integer__python__v2,reverse_integer,numeric_reverse,python,2,"Given a nonnegative integer, reverse the order of its decimal digits.","def reverse_integer(value):
    current = 0
    while value > 0:
        item = value % 10
        current = current * 10 + item
        value //= 10
    return current",fast_offsets,False,25,25,53,52,True,0.42442459803239146,0.08847127482295036,0.6111112253737874,22.070079097684356,0.4964033328990179,0.09427015483379364,0.7718935475165162,25.81297331074893,0.8572138857382995,0.9848517179489136,0.9900026321411133,0.6923076923076923,0.4423076923076923,9,8,0.5203587541889683,0.634687986866886,0.9615384615384616,0.6468512452367506
chunks_fixed_size__python__v3,chunks_fixed_size,chunking,python,3,"Given a list and a positive chunk size, split the list into consecutive chunks of at most that size.","def chunks_fixed_size(result, entry):
    element = []
    for x in range(0, len(result), entry):
        element.append(result[x:x + entry])
    return element",fast_offsets,False,31,31,49,48,True,0.6118454722503278,0.36567749083042145,0.647500307313033,29.368582668015733,0.7111021861734722,0.39304906129837036,0.8409648006818137,34.13290493632667,0.8022535121999681,0.9258682429790497,0.9856180138885975,0.5208333333333334,0.2708333333333333,6,5,0.6226710288666506,0.7762111359315508,0.9166666666666666,1.5113973711268045
matrix_column_sums__python__v3,matrix_column_sums,matrix_aggregate,python,3,"Given a non-empty rectangular matrix of numbers, return a list containing the sum of each column.","def matrix_column_sums(entry):
    x = []
    for element in range(len(entry[0])):
        n_count = 0
        for result in entry:
            n_count += result[element]
        x.append(n_count)
    return x",fast_offsets,False,31,31,68,67,True,0.4331213270753636,0.12937548756599426,0.6270422292220105,29.01912891404936,0.5194717611128867,0.1297072470188141,0.8079302797800912,34.80460799456341,0.8728583161510638,0.9812038540840149,0.9866280929366155,0.7164179104477612,0.417910447761194,27,7,0.49773619700113847,0.6086074483023505,0.9253731343283582,0.9882997152965922
scan_min__python__v3,scan_min,scan_extremum,python,3,"Given a non-empty list of numbers, find the smallest value by scanning the list once.","def scan_min(x):
    element = x[0]
    for entry in x[1:]:
        if entry < element:
            element = entry
    return element",fast_offsets,False,30,30,41,40,True,0.47199478580150755,0.10596320033073425,0.6726671276975338,18.8797914320603,0.5524431846104563,0.11512661352753639,0.8240100292434533,22.09772738441825,0.8555162098258734,0.9819630682468414,0.9889496341347694,0.7,0.4,12,5,0.43370344093403757,0.5290444262134724,0.95,0.8324540742221871
matrix_column_sums__nl__v1,matrix_column_sums,matrix_aggregate,nl,1,"Given a non-empty rectangular matrix of numbers, return a list containing the sum of each column.","Create an empty result list. For each column index, start a total at zero, add that column's value from every row, and append the total. Return the result.",fast_offsets,False,31,31,36,35,True,1.114396365585604,1.0489816665649414,0.5863322839144385,39.003872795496136,1.217638671358249,1.1033023595809937,0.6478129467938524,42.617353497538716,0.627748287149838,0.6593557000160217,0.9876458338328771,0.11428571428571428,0.02857142857142857,1,1,0.5572471102316152,0.6370717059985241,1.0,1.7258516626619633
dedupe_last__python__v1,dedupe_last,deduplication,python,1,"Given a list, remove duplicate values while keeping the last occurrence of each value and preserving the order of those kept occurrences.","def dedupe_last(values):
    result = []
    for value in reversed(values):
        if value not in result:
            result.append(value)
    result.reverse()
    return result",fast_offsets,False,38,38,50,49,True,0.37247092226213996,0.045626506209373474,0.5996372563058795,18.25107519084486,0.44700833348802654,0.04583482816815376,0.7672620853248404,21.903408340913302,0.8832348049903402,0.9932082295417786,0.9900790294822381,0.7346938775510204,0.5306122448979592,22,13,0.352949224863399,0.4646912745068524,1.0,0.6393428731275704
selection_sort_descending__nl__v3,selection_sort_descending,selection_sort,nl,3,"Given a list of numbers, sort it in descending order using selection sort and return the sorted copy.","Copy the list. For each position, find the largest value in the remaining suffix and swap it into the current position. Produce the copy.",fast_offsets,False,31,31,29,28,True,1.2090076665793146,1.3866139650344849,0.6067687337335339,33.85221466422081,1.3653104459600789,1.4864463806152344,0.7223022816679779,38.22869248688221,0.6116548308304378,0.5669630765914917,0.9784923472574779,0.21428571428571427,0.0,2,0,0.6823515185603389,0.8115206758181254,0.9285714285714286,2.027008030563593
absolute_values__python__v3,absolute_values,element_transform,python,3,"Given a list of numbers, create a list containing the absolute value of each element.","def absolute_values(x):
    element = []
    for entry in x:
        element.append(abs(entry))
    return element",fast_offsets,False,27,27,33,32,True,0.4449891259500873,0.10966474935412407,0.5821502646187479,14.239652030402794,0.5008419504374615,0.11131307482719421,0.673381512939653,16.026942413998768,0.8673637714236975,0.982259213924408,0.9934949856251478,0.6875,0.40625,11,4,0.48547192997930033,0.5465929585869514,0.9375,0.9642015210174577
merge_sorted_descending__nl__v2,merge_sorted_descending,merge_sorted,nl,2,"Given two lists sorted in descending order, merge them into one descending list.",Build an empty result and place one index at the start of each list. Repeatedly add the larger current value and advance its index. Add any remaining values and output the result.,fast_offsets,False,27,27,37,36,True,1.2210443155167416,1.1504133939743042,0.6418211448931737,43.9575953586027,1.4610200526917145,1.495840847492218,0.8058681749103221,52.59672189690173,0.6240978050563071,0.6551721692085266,0.9665194170342551,0.1111111111111111,0.027777777777777776,1,1,0.8036528121680021,0.9567147675369467,0.9166666666666666,2.3698014807952053
dedupe_first__python__v3,dedupe_first,deduplication,python,3,"Given a list, remove duplicate values while keeping the first occurrence of each value.","def dedupe_first(x):
    element = []
    for entry in x:
        if entry not in element:
            element.append(entry)
    return element",fast_offsets,False,27,27,41,40,True,0.4435520476923557,0.11162383481860161,0.6230531461645632,17.742081907694228,0.5212730738639948,0.11440704762935638,0.7554234919480708,20.850922954559792,0.8719099372625351,0.9811905026435852,0.9901503309607506,0.65,0.4,16,12,0.3557842627036361,0.4281510045268358,0.95,1.0342952522114501
count_character__python__v1,count_character,char_count,python,1,"Given a string and a character, count how many times that character appears.","def count_character(text, target):
    count = 0
    for char in text:
        if char == target:
            count += 1
    return count",fast_offsets,False,25,25,39,38,True,0.4113793778478315,0.06127150356769562,0.60619275611948,15.632416358217597,0.46735165391184735,0.06161745451390743,0.7062942537149639,17.7593628486502,0.8721777686947271,0.9899355173110962,0.993312878044028,0.7368421052631579,0.5,20,6,0.41185921347523863,0.47304220856607865,1.0,0.3711114220944326
linear_last_index__python__v3,linear_last_index,linear_search,python,3,"Given a list and a target, return the index of the last target occurrence or minus one if absent.","def linear_last_index(n_count, x):
    element = -1
    for entry, result in enumerate(n_count):
        if result == x:
            element = entry
    return element",fast_offsets,False,33,33,49,48,True,0.6414725126342091,0.4779711663722992,0.6562611299164809,30.790680606442038,0.7500361057088109,0.4894803911447525,0.8265299396956232,36.00173307402292,0.7902937342102329,0.8697312772274017,0.9854617975652218,0.4791666666666667,0.25,8,3,0.5675014185674607,0.7035567367305742,0.875,1.7384102778940285
are_disjoint__nl__v1,are_disjoint,set_relation,nl,1,"Given two collections, determine whether they have no value in common.","Examine each value in the first collection. If any value occurs in the second collection, return false. Return true if no common value is found.",fast_offsets,False,23,23,30,29,True,1.002954817280687,0.9500623345375061,0.6020664363893323,29.085689701139927,1.0826420072337677,0.9699023962020874,0.6496448114484442,31.396618209779263,0.6973489512657297,0.7216776609420776,0.9907611238545385,0.27586206896551724,0.0,3,0,0.593224508953946,0.6265970878303051,1.0,0.7670045777320348
scan_max__nl__v1,scan_max,scan_extremum,nl,1,"Given a non-empty list of numbers, find the largest value by scanning the list once.","Use the first value as the current maximum. Examine each remaining value. If a value is larger than the current maximum, replace the current maximum with it. Return the current maximum after the scan.",fast_offsets,False,30,30,40,39,True,1.0723977595185623,1.0097174644470215,0.7397256237181115,41.82351262122393,1.2461339176083222,1.0534586906433105,0.9997774408867346,48.59922278672457,0.6395948892220472,0.6233766674995422,0.9739836408541753,0.2564102564102564,0.07692307692307693,4,1,0.7878938564344456,0.9452164028035966,0.9743589743589743,1.2264684696968358
remove_digits__python__v2,remove_digits,string_filter,python,2,"Given a string, return a new string with all decimal digits removed.","def remove_digits(current):
    value = """"
    for item in current:
        if not item.isdigit():
            value += item
    return value",fast_offsets,False,25,25,39,38,True,0.44691559521934804,0.10364095866680145,0.6088825732051201,16.982792618335225,0.5224234315836312,0.1059008538722992,0.7496290938248122,19.852090400177985,0.8714431045871032,0.9842303395271301,0.990629073820616,0.6842105263157895,0.39473684210526316,14,3,0.5157187685458543,0.6016577216670722,0.9473684210526315,0.8133366740232879
flatten_pairs__nl__v1,flatten_pairs,flatten_one_level,nl,1,"Given a list of two-element pairs, flatten the pairs into one list in pair order.",Create an empty result list. Examine each pair in order and append its first value followed by its second value. Return the result.,fast_offsets,False,30,30,27,26,True,0.8448074895602006,0.7934396266937256,0.47352591358580665,21.964994728565216,0.9197444812609599,0.809761106967926,0.5238248197658146,23.913356512784958,0.7417014080744523,0.7714774310588837,0.9918462725786062,0.19230769230769232,0.0,2,0,0.5220278930664063,0.5693889951705933,0.9615384615384616,1.5173495460229998
insertion_sort_ascending__nl__v1,insertion_sort_ascending,insertion_sort,nl,1,"Given a list of numbers, sort it in ascending order using insertion sort and return the sorted copy.","Copy the list. Starting with the second element, shift larger earlier values one position right until the current value can be inserted in order. Return the copy.",fast_offsets,False,32,32,31,30,True,1.2265976001818975,1.16447514295578,0.616240098232053,36.797928005456924,1.3893697117765744,1.2514415383338928,0.7300449241139715,41.681091353297234,0.6324420402447383,0.6551355719566345,0.977232015132904,0.2,0.0,2,0,0.5917810941564625,0.7126755066986742,0.9666666666666667,2.243710052035749
product_one_to_n__python__v3,product_one_to_n,factorial_product,python,3,"Given a positive integer n, compute the product of all integers from one through n.","def product_one_to_n(element):
    entry = 1
    for x in range(1, element + 1):
        entry *= x
    return entry",fast_offsets,False,28,28,40,39,True,0.49120986989388865,0.17943847179412842,0.5760449551553639,19.157184925861657,0.5901468700000968,0.18014538288116455,0.7469818553202816,23.015727930003777,0.8570415205680407,0.9574325084686279,0.9872226409423046,0.5897435897435898,0.2564102564102564,6,4,0.5023290675231501,0.6049145893316323,0.9487179487179487,1.0672256491782788
window_sum_three__nl__v2,window_sum_three,sliding_window,nl,2,"Given a list of numbers, return the sum of every consecutive window of three values.","Build an empty result list. For each starting index that leaves three values available, add those three values and add the sum. Output the result.",fast_offsets,False,27,27,29,28,True,1.3807443236666066,1.263654112815857,0.6860830194181589,38.660841062664986,1.6491840646735259,1.2986223697662354,0.8748262866988843,46.17715381085873,0.5706925919013364,0.625329315662384,0.9602240983928952,0.07142857142857142,0.0,1,0,0.7583832111623552,0.9664270336981173,0.9642857142857143,2.5290389735517755
bubble_sort_descending__python__v1,bubble_sort_descending,bubble_sort,python,1,"Given a list of numbers, sort it in descending order using bubble sort and return the sorted copy.","def bubble_sort_descending(values):
    result = values[:]
    for end in range(len(result) - 1, 0, -1):
        for index in range(end):
            if result[index] < result[index + 1]:
                result[index], result[index + 1] = result[index + 1], result[index]
    return result",fast_offsets,False,31,31,92,91,True,0.2646732990118895,0.031033167615532875,0.4404143038767179,24.085270210081944,0.2873132782414969,0.03139800950884819,0.4951256027275136,26.145508319976216,0.9148806477641012,0.9956905245780945,0.9974298850520626,0.7802197802197802,0.5934065934065934,26,11,0.2919907684509073,0.3172824480850573,0.978021978021978,0.3767070135095709
ordered_unique_intersection__nl__v3,ordered_unique_intersection,ordered_intersection,nl,3,"Given two lists, return distinct values from the first list that also occur in the second list, preserving first-list order.","Initialize an empty result. Process each value in the first list. If it occurs in the second list and is not already in the result, append it. Produce the result.",fast_offsets,False,36,36,36,35,True,0.7651029223842281,0.5825883150100708,0.6022761758885584,26.77860228344798,0.8335896898593221,0.600065290927887,0.6544417051857715,29.175639145076275,0.7654923643384661,0.8309880495071411,0.9923784817968097,0.4,0.05714285714285714,4,1,0.6540764778414193,0.708118715268724,0.9428571428571428,1.3604453944268504
main_diagonal_sum__python__v3,main_diagonal_sum,diagonal_aggregate,python,3,"Given a square matrix, calculate the sum of its main diagonal.","def main_diagonal_sum(entry):
    x = 0
    for element in range(len(entry)):
        x += entry[element][element]
    return x",fast_offsets,False,23,23,41,40,True,0.41453876121668143,0.09259489923715591,0.5852945747274874,16.581550448667258,0.46838121937471444,0.09472211077809334,0.6957237989133995,18.735248774988577,0.8746670104563237,0.983971893787384,0.9926203608512878,0.7,0.375,10,6,0.3896668265836361,0.4424595289075604,0.95,0.9849175660961919
flatten_pairs__python__v1,flatten_pairs,flatten_one_level,python,1,"Given a list of two-element pairs, flatten the pairs into one list in pair order.","def flatten_pairs(pairs):
    result = []
    for pair in pairs:
        result.append(pair[0])
        result.append(pair[1])
    return result",fast_offsets,False,30,30,46,45,True,0.2705373932749757,0.02310418337583542,0.44505461169226046,12.174182697373908,0.3106575715653081,0.024066731333732605,0.5413522879765974,13.979590720438864,0.9198188026746114,0.9971340894699097,0.995381071832445,0.7777777777777778,0.6,19,16,0.31786899532942864,0.37001605223155243,1.0,0.14572063003029648
flatten_pairs__nl__v2,flatten_pairs,flatten_one_level,nl,2,"Given a list of two-element pairs, flatten the pairs into one list in pair order.",Build an empty result list. Inspect each pair in order and add its first value followed by its second value. Output the result.,fast_offsets,False,30,30,27,26,True,1.0007948279380798,0.9389994144439697,0.5118155547044801,26.020665526390076,1.1244620815492594,1.0653283298015594,0.5899478542409642,29.236014120280743,0.688217642215582,0.749750941991806,0.9857239218858572,0.11538461538461539,0.0,1,0,0.4615339469909668,0.5182888776063919,0.9615384615384616,1.9090568004892423
list_divisors__python__v2,list_divisors,divisors,python,2,"Given a positive integer n, return all positive divisors of n in increasing order.","def list_divisors(value):
    current = []
    for item in range(1, value + 1):
        if value % item == 0:
            current.append(item)
    return current",fast_offsets,False,27,27,50,49,True,0.36267322430634225,0.14357735216617584,0.48277659366869674,17.77098799101077,0.429082011423853,0.14553973078727722,0.6321884668798616,21.025018559768796,0.8909536229104412,0.9723353385925293,0.9916239855240803,0.673469387755102,0.4489795918367347,8,8,0.28613744406417635,0.36529481468217756,0.9591836734693877,0.8051857222896188
factorial_iterative__nl__v1,factorial_iterative,factorial_product,nl,1,"Given a nonnegative integer n, compute n factorial iteratively.",Start a product at one. Multiply it by every integer from two through n. Return the final product.,fast_offsets,False,24,24,23,22,True,1.1735231957652352,1.2523472309112549,0.6777615790942374,25.817510306835175,1.3407726294615052,1.3653100728988647,0.798872113118105,29.496997848153114,0.6283582733436064,0.6431705951690674,0.9773262983018701,0.22727272727272727,0.0,2,0,0.8744619176501319,1.0190355281035106,1.0,1.8029901644384319
scan_max__python__v2,scan_max,scan_extremum,python,2,"Given a non-empty list of numbers, find the largest value by scanning the list once.","def scan_max(current):
    item = current[0]
    for value in current[1:]:
        if value > item:
            item = value
    return item",fast_offsets,False,30,30,41,40,True,0.46806286146165804,0.06697499006986618,0.6598609016520769,18.72251445846632,0.5418579797958956,0.06911419332027435,0.79781854925937,21.67431919183582,0.8572958122938872,0.9909238517284393,0.990237794816494,0.7,0.55,12,9,0.44345144872577524,0.5318356210318131,0.95,0.9119098416151246
count_unique_words__python__v2,count_unique_words,word_count,python,2,"Given a string containing words separated by whitespace, count the distinct words.","def count_unique_words(item):
    current = item.split()
    value = set(current)
    return len(value)",fast_offsets,False,25,25,32,31,True,0.6128346187122646,0.47272807359695435,0.6452912150906597,18.997873180080205,0.6840415796595475,0.5026298761367798,0.7624806686311223,21.205288969445974,0.8113413107010626,0.9092419743537903,0.9908729022549044,0.5161290322580645,0.22580645161290322,10,3,0.584801887627691,0.6805721832128863,0.9032258064516129,1.3585593871727226
first_even_index__nl__v2,first_even_index,first_match_index,nl,2,"Given a list of integers, return the index of the first even value, or minus one if none exists.","Inspect the list from the beginning while tracking the current index. If an even value is encountered, output its index. When the end is reached with no match, output minus one.",fast_offsets,False,34,34,38,37,True,0.9895797260703418,0.895650327205658,0.6390504868148911,36.61444986460265,1.1303575715282932,1.0477651357650757,0.7716243937052369,41.82323014654685,0.692850663049801,0.7674949169158936,0.9817851620751459,0.2702702702702703,0.02702702702702703,3,1,0.49337650512784925,0.614174096166001,0.9459459459459459,1.7854785200386785
bubble_sort_ascending__python__v1,bubble_sort_ascending,bubble_sort,python,1,"Given a list of numbers, sort it in ascending order using bubble sort and return the sorted copy.","def bubble_sort_ascending(values):
    result = values[:]
    for end in range(len(result) - 1, 0, -1):
        for index in range(end):
            if result[index] > result[index + 1]:
                result[index], result[index + 1] = result[index + 1], result[index]
    return result",fast_offsets,False,31,31,92,91,True,0.28377246343722445,0.03269296512007713,0.5029640795344552,25.823294172787428,0.31910568810309375,0.03289123997092247,0.6121576767093154,29.038617617381533,0.9060281765657466,0.9951569437980652,0.9953212574288085,0.7912087912087912,0.5824175824175825,26,11,0.328749571605537,0.37649110821746745,0.978021978021978,0.40214214643818663
count_increases__python__v2,count_increases,adjacent_analysis,python,2,"Given a list of numbers, count how many positions contain a value larger than the immediately preceding value.","def count_increases(current):
    item = 0
    for value in range(1, len(current)):
        if current[value] > current[value - 1]:
            item += 1
    return item",fast_offsets,False,31,31,53,52,True,0.43275539903977633,0.08304581791162491,0.629994084264158,22.50328075006837,0.5605073330566833,0.08529171347618103,0.9069664479615621,29.146381318947533,0.876249261200428,0.9875332415103912,0.9822798164991232,0.6923076923076923,0.4423076923076923,14,5,0.4391272170355032,0.5654318641047176,0.9615384615384616,0.8556881499332751
transpose_matrix__nl__v3,transpose_matrix,matrix_transform,nl,3,"Given a non-empty rectangular matrix, return its transpose.","Initialize an empty result. For every column index, build a new row by taking that column value from each original row. Place each new row and return the result.",fast_offsets,False,24,24,33,32,True,1.3377522802911699,1.3188855648040771,0.5828704459300316,42.808072969317436,1.5462410869076848,1.5661713480949402,0.7131601061314363,49.479714781045914,0.5934508126229048,0.5804918110370636,0.9713584948331118,0.0625,0.0,1,0,0.6815821518821101,0.8494887217398612,0.875,2.4212944647297263
count_words__python__v1,count_words,word_count,python,1,"Given a string containing words separated by whitespace, count the words.","def count_words(text):
    words = text.split()
    return len(words)",fast_offsets,False,24,24,22,21,True,0.4309964179881804,0.18329697847366333,0.5218637818567874,9.050924777751788,0.4650221088612896,0.1864212453365326,0.5750508613132903,9.76546428608708,0.8680715745403653,0.9629144072532654,0.996353546778361,0.6666666666666666,0.38095238095238093,8,4,0.4483350408845581,0.4864986268454231,1.0,0.35045326381840003
linear_first_index__python__v1,linear_first_index,linear_search,python,1,"Given a list and a target, return the index of the first target occurrence or minus one if absent.","def linear_first_index(values, target):
    for index, value in enumerate(values):
        if value == target:
            return index
    return -1",fast_offsets,False,33,33,39,38,True,0.42762634773106056,0.09210388734936714,0.6140889274281071,16.2498012137803,0.49957393885415513,0.10261567682027817,0.7522765365670608,18.983809676457895,0.8624291929759478,0.9844176173210144,0.9910758561209628,0.7105263157894737,0.42105263157894735,22,6,0.4180734589533893,0.5231614276480459,0.9736842105263158,0.6355911069826298
contains_target__python__v2,contains_target,membership_test,python,2,"Given a list of values and a target, determine whether the target occurs in the list.","def contains_target(current, item):
    for value in current:
        if value == item:
            return True
    return False",fast_offsets,False,28,28,31,30,True,0.5442678235471249,0.14352620393037796,0.705248656381373,16.328034706413746,0.6472574474910895,0.15414153039455414,0.8753925663487424,19.417723424732685,0.8389679804444313,0.9759635925292969,0.9863419969876607,0.6333333333333333,0.3333333333333333,15,3,0.4492652976307376,0.5854206044098427,0.9333333333333333,1.0839570501431202
bubble_sort_ascending__python__v2,bubble_sort_ascending,bubble_sort,python,2,"Given a list of numbers, sort it in ascending order using bubble sort and return the sorted copy.","def bubble_sort_ascending(output):
    current = output[:]
    for item in range(len(current) - 1, 0, -1):
        for value in range(item):
            if current[value] > current[value + 1]:
                current[value], current[value + 1] = current[value + 1], current[value]
    return current",fast_offsets,False,31,31,92,91,True,0.33435845905378403,0.05125937610864639,0.5455635116853665,30.426619773894345,0.3777106846755487,0.051515135914087296,0.6683797221574276,34.37167230547493,0.8877426400616929,0.9917080998420715,0.9940928115949526,0.7582417582417582,0.5164835164835165,26,11,0.3339884376711982,0.3940267559873367,0.9560439560439561,0.6064769053827159
is_nondecreasing__python__v3,is_nondecreasing,monotonicity,python,3,"Given a list of numbers, determine whether it is in nondecreasing order.","def is_nondecreasing(entry):
    for element in range(1, len(entry)):
        if entry[element - 1] > entry[element]:
            return False
    return True",fast_offsets,False,27,27,46,45,True,0.3331951197029816,0.043088819831609726,0.5224431500203088,14.993780386634171,0.368496417159137,0.044513873755931854,0.6008598179335938,16.582338772161165,0.8936739424864452,0.9938628673553467,0.9958339916335212,0.7555555555555555,0.5777777777777777,16,9,0.33437653168485587,0.3713698800777572,0.9777777777777777,0.7252791477264812
count_even__python__v2,count_even,parity_count,python,2,"Given a list of integers, count how many values are even.","def count_even(current):
    item = 0
    for value in current:
        if value % 2 == 0:
            item += 1
    return item",fast_offsets,False,24,24,41,40,True,0.4438884929579217,0.1176370233297348,0.6170928752391552,17.755539718316868,0.49901192273027845,0.1200590431690216,0.7252748877170151,19.96047690921114,0.8730974830687046,0.978892594575882,0.9928068146109581,0.7,0.375,24,4,0.37749544515584904,0.43647302389115045,0.95,0.8921499887185291
anti_diagonal_sum__nl__v1,anti_diagonal_sum,diagonal_aggregate,nl,1,"Given a square matrix, calculate the sum of its anti-diagonal.","Start a total at zero. For every row index, add the element whose column index is the mirrored position from the right. Return the total.",fast_offsets,False,25,25,31,30,True,1.3140389346983283,1.3316689729690552,0.7303480935563406,39.42116804094985,1.5445031447801738,1.4565590620040894,0.9120440088858895,46.33509434340522,0.5911182187497616,0.589225560426712,0.9656497279802958,0.16666666666666666,0.06666666666666667,2,2,0.7983465530941712,0.9610365115684169,0.9,2.549551416382504
binary_search_insertion__python__v3,binary_search_insertion,binary_search,python,3,"Given an ascending sorted list and a target value, return the index where the target could be inserted while preserving order.","def binary_search_insertion(n_count, result):
    entry = 0
    element = len(n_count)
    while entry < element:
        x = (entry + element) // 2
        if n_count[x] < result:
            entry = x + 1
        else:
            element = x
    return entry",fast_offsets,False,35,35,82,81,True,0.479785642377038,0.25606173276901245,0.579088196277391,38.86263703254008,0.5448216760534121,0.25893861055374146,0.707206699372952,44.13055576032639,0.8462475039708761,0.9408044815063477,0.9913157342392721,0.5802469135802469,0.3333333333333333,12,4,0.45791879175585565,0.5525694785259475,0.9382716049382716,1.0329455006446304
window_sum_three__python__v2,window_sum_three,sliding_window,python,2,"Given a list of numbers, return the sum of every consecutive window of three values.","def window_sum_three(output):
    value = []
    for item in range(len(output) - 2):
        current = output[item] + output[item + 1] + output[item + 2]
        value.append(current)
    return value",fast_offsets,False,27,27,65,64,True,0.4274660679984663,0.07976138591766357,0.5997823908145872,27.357828351901844,0.5038990030870991,0.08549489080905914,0.7615092128108891,32.24953619757434,0.8654954844387248,0.9888283312320709,0.9894775031134486,0.65625,0.484375,20,13,0.4601863213253045,0.5694759948168039,0.96875,0.7586285210784354
first_negative_index__nl__v1,first_negative_index,first_match_index,nl,1,"Given a list of numbers, return the index of the first negative value, or minus one if none exists.","Examine the list from the beginning while tracking the current index. When a negative value is encountered, return its index. If the end is reached with no match, return minus one.",fast_offsets,False,33,33,38,37,True,1.0031571590996071,0.96352219581604,0.6403171730751086,37.11681488668546,1.1370753666474107,1.2121965885162354,0.7508591432859262,42.07178856595419,0.6841391300832903,0.6657260060310364,0.9827315372389716,0.2702702702702703,0.02702702702702703,4,1,0.49337695841677487,0.5858271928219538,0.918918918918919,1.344868950947342
count_even_digits__nl__v3,count_even_digits,digit_count,nl,3,"Given a positive integer, count how many of its decimal digits are even.","Initialize a counter at zero. While the number is positive, inspect the last digit, increase the counter if it is even, then remove the digit using integer division by ten. Produce the counter.",fast_offsets,False,26,26,40,39,True,1.1013691912476833,1.0945701599121094,0.6441999751464617,42.95339845865965,1.2489823510822577,1.1281001567840576,0.791265149095891,48.71031169220805,0.6369623763438983,0.6660379767417908,0.9790109304281381,0.20512820512820512,0.02564102564102564,2,1,0.780268715008309,0.937023460276817,0.9230769230769231,1.924008661069167
filter_nonnegative__python__v3,filter_nonnegative,sign_filter,python,3,"Given a list of numbers, create a new list containing only values greater than or equal to zero.","def filter_nonnegative(x):
    element = []
    for entry in x:
        if entry >= 0:
            element.append(entry)
    return element",fast_offsets,False,30,30,40,39,True,0.41962896756684553,0.1035529151558876,0.5941911833656517,16.365529735106975,0.4834495553834877,0.10436032712459564,0.7189805130646574,18.85453265995602,0.8753535495354579,0.9792370796203613,0.992015187556927,0.717948717948718,0.4358974358974359,17,11,0.4196909432740588,0.4816943049740267,0.9487179487179487,0.9837422255528881
count_below__nl__v3,count_below,threshold_count,nl,3,"Given a list of numbers and a threshold, count the values less than the threshold.","Initialize a counter at zero. Process every value. For any case in which the current value is less than the threshold, increase the counter by one. Produce the counter.",fast_offsets,False,27,27,35,34,True,0.804748984218082,0.6884162127971649,0.5776168044465796,27.36146546341479,0.8807069769348291,0.7440619468688965,0.6336844906301908,29.944037215784192,0.7419659140355447,0.8291003108024597,0.9917483452488395,0.38235294117647056,0.058823529411764705,9,1,0.576364991678433,0.6358492671314514,0.9117647058823529,2.149657088852323
factorial_iterative__python__v1,factorial_iterative,factorial_product,python,1,"Given a nonnegative integer n, compute n factorial iteratively.","def factorial_iterative(n):
    product = 1
    for value in range(2, n + 1):
        product *= value
    return product",fast_offsets,False,24,24,38,37,True,0.2986476280273417,0.07902469485998154,0.3966030782005064,11.049962237011641,0.32499636743670784,0.08144734054803848,0.4411036151258479,12.02486559515819,0.9160559435148496,0.9880245923995972,0.9972415663100578,0.7297297297297297,0.4864864864864865,12,6,0.348000470833439,0.36803832212980425,1.0,0.4633784539591697
chunks_fixed_size__nl__v2,chunks_fixed_size,chunking,nl,2,"Given a list and a positive chunk size, split the list into consecutive chunks of at most that size.","Build an empty result list. Move a starting index through the input in steps equal to the chunk size. At each step, add the corresponding slice. Output the result.",fast_offsets,False,31,31,34,33,True,1.1078692372098113,0.9852871894836426,0.7095680404660256,36.559684827923775,1.3400309307105613,1.1946485042572021,0.8956865274413564,44.221020713448524,0.6550644148479808,0.6901890635490417,0.9678128759066263,0.2727272727272727,0.0,5,0,0.9018009854480624,1.1600369485095143,0.8787878787878788,2.008640254085714
is_prime__nl__v3,is_prime,primality,nl,3,"Given an integer n, determine whether it is prime.",Produce false for values below two. Test divisors starting at two while the divisor squared is no greater than n. Produce false if any divisor divides n exactly; otherwise return true.,fast_offsets,False,21,21,42,41,True,1.0828494793712728,0.9794875383377075,0.7644290654113473,44.39682865422219,1.3036338485800094,1.0417778491973877,0.9955522542674158,53.44898779178038,0.6624577924972628,0.7075359225273132,0.9678395099756194,0.2682926829268293,0.07317073170731707,2,1,0.7939849032554775,0.9952768484828993,0.9512195121951219,2.0304991769172798
selection_sort_ascending__nl__v1,selection_sort_ascending,selection_sort,nl,1,"Given a list of numbers, sort it in ascending order using selection sort and return the sorted copy.","Copy the list. For each position, find the smallest value in the remaining suffix and swap it into the current position. Return the copy.",fast_offsets,False,31,31,28,27,True,1.0697434878459684,1.130759835243225,0.5810145016857551,28.883074171841145,1.184807216403661,1.3287076950073242,0.6693029300774849,31.989794842898846,0.666988522918136,0.6712358593940735,0.984978316006837,0.25925925925925924,0.0,2,0,0.6788137939113837,0.7879510986117216,0.9629629629629629,1.6756984871915646
matrix_row_sums__python__v3,matrix_row_sums,matrix_aggregate,python,3,"Given a matrix of numbers, return a list containing the sum of each row.","def matrix_row_sums(element):
    entry = []
    for x in element:
        result = 0
        for n_count in x:
            result += n_count
        entry.append(result)
    return entry",fast_offsets,False,26,26,56,55,True,0.48640348365694414,0.16030822694301605,0.6454502550034005,26.752191601131926,0.5673367926309848,0.17966648936271667,0.803475338187618,31.203523594704166,0.8529504106803374,0.9715273380279541,0.9883177692239935,0.6727272727272727,0.32727272727272727,20,5,0.4965381961066871,0.5972030245792228,0.9454545454545454,1.1873671869521372
count_below__nl__v1,count_below,threshold_count,nl,1,"Given a list of numbers and a threshold, count the values less than the threshold.","Start a counter at zero. Examine every value. Whenever the current value is less than the threshold, increase the counter by one. Return the counter.",fast_offsets,False,27,27,31,30,True,0.8115331108371416,0.6139312386512756,0.6749667259183495,24.34599332511425,0.8739442432920138,0.6532097458839417,0.736818771450198,26.218327298760414,0.7149785136183103,0.832086056470871,0.9928027431170146,0.43333333333333335,0.06666666666666667,10,1,0.6384985888826435,0.6822459430530153,0.9666666666666667,1.3916703139431774
scan_min__nl__v2,scan_min,scan_extremum,nl,2,"Given a non-empty list of numbers, find the smallest value by scanning the list once.","Take the first value as the current minimum. Inspect each remaining value. If a value is smaller than the current minimum, replace the current minimum with it. Output the current minimum after the scan.",fast_offsets,False,30,30,40,39,True,1.0846415603390107,1.1166374683380127,0.7097364970291598,42.30102085322142,1.1972452127016509,1.170639157295227,0.7918001231128086,46.69256329536438,0.6339426006262119,0.5919759273529053,0.9857019965465252,0.28205128205128205,0.02564102564102564,4,1,0.7394561442105394,0.7938466966152191,0.9743589743589743,1.2667974040198784
binary_search_exact__nl__v3,binary_search_exact,binary_search,nl,3,"Given an ascending sorted list and a target value, return the target index or minus one if absent.","Set low and high indices around the search range. Repeatedly inspect the middle value, returning its index on a match. Discard the half that cannot contain the target. Produce minus one if the range becomes empty.",fast_offsets,False,32,32,46,45,True,1.3349221886032157,1.4400696754455566,0.7376650754392156,60.07149848714471,1.6936327934265136,1.8104496002197266,1.0045212508522818,76.21347570419312,0.5730224870973163,0.5227023959159851,0.9460240006446838,0.17777777777777778,0.044444444444444446,2,1,0.8837044901129875,1.2170064422217282,0.8888888888888888,2.2201978569488143
bubble_sort_ascending__nl__v3,bubble_sort_ascending,bubble_sort,nl,3,"Given a list of numbers, sort it in ascending order using bubble sort and return the sorted copy.","Proceed as follows. Copy the input list. Repeatedly scan adjacent pairs and swap them when the left value is greater than the right value. After enough passes, return the copy.",fast_offsets,False,31,31,38,37,True,1.1450056641840853,1.284724473953247,0.7346330443408007,42.36520957481116,1.346359413821955,1.4226487874984741,0.9131267713934507,49.815298311412334,0.6509784403684977,0.6331657767295837,0.9694441879117811,0.2702702702702703,0.05405405405405406,3,1,0.8014632432928516,0.9685034648411803,0.8648648648648649,2.23197105169183
is_subset__python__v2,is_subset,set_relation,python,2,"Given two collections, determine whether every value in the first collection occurs in the second.","def is_subset(item, value):
    for current in item:
        if current not in value:
            return False
    return True",fast_offsets,False,27,27,32,31,True,0.6493553127717948,0.14602980017662048,0.8522731873982771,20.130014695925638,0.8212284809203758,0.14902333915233612,1.1675064715493824,25.45808290853165,0.7918886400518879,0.9753883481025696,0.9729980403377164,0.6129032258064516,0.45161290322580644,17,8,0.4612329136735449,0.6657034002399693,0.9032258064516129,0.9071918209924807
count_character__nl__v2,count_character,char_count,nl,2,"Given a string and a character, count how many times that character appears.","Begin a counter at zero. Inspect each character in the string. If it equals the target character, increase the counter by one. Output the counter.",fast_offsets,False,25,25,31,30,True,0.9732077459494273,0.8445597887039185,0.6663596116529035,29.19623237848282,1.058556641638279,0.908410519361496,0.7549335680824624,31.75669924914837,0.6735974361499151,0.6997187435626984,0.9891669233640035,0.3,0.06666666666666667,2,1,0.7493557847779373,0.8296620403898174,1.0,1.2778629678301514
count_character__python__v2,count_character,char_count,python,2,"Given a string and a character, count how many times that character appears.","def count_character(output, current):
    value = 0
    for item in output:
        if item == current:
            value += 1
    return value",fast_offsets,False,25,25,39,38,True,0.5783059543862595,0.22330854833126068,0.7179148159001122,21.975626266677864,0.6892492126008667,0.22726187855005264,0.9096624645047542,26.191470078832936,0.8221010926522707,0.9503849744796753,0.9848112636490872,0.631578947368421,0.3157894736842105,10,5,0.5609685463918926,0.7007011686785247,0.9210526315789473,0.9415896189383555
integer_to_binary__python__v3,integer_to_binary,base_conversion,python,3,"Given a positive integer, return its binary representation as a string without a prefix.","def integer_to_binary(entry):
    element = []
    while entry > 0:
        element.append(str(entry % 2))
        entry //= 2
    element.reverse()
    return """".join(element)",fast_offsets,False,26,26,57,56,True,0.42507498675071737,0.11223547533154488,0.5945423273858367,23.80419925804017,0.4960803436333663,0.11755693703889847,0.737870647406106,27.780499243468512,0.8622960631868669,0.9816915094852448,0.9907973014882633,0.6607142857142857,0.42857142857142855,9,6,0.49555283835030756,0.5929730708520351,0.9642857142857143,0.759675065000725
merge_sorted_descending__python__v1,merge_sorted_descending,merge_sorted,python,1,"Given two lists sorted in descending order, merge them into one descending list.","def merge_sorted_descending(left_values, right_values):
    result = []
    i = 0
    j = 0
    while i < len(left_values) and j < len(right_values):
        if left_values[i] >= right_values[j]:
            result.append(left_values[i])
            i += 1
        else:
            result.append(right_values[j])
            j += 1
    result.extend(left_values[i:])
    result.extend(right_values[j:])
    return result",fast_offsets,False,27,27,140,139,True,0.18116957504933964,0.005853693000972271,0.4023527391775906,25.18257093185821,0.19647061742101307,0.00592889403924346,0.4517854419536774,27.309415821520815,0.9376516641258336,0.9993653297424316,0.9981857328106174,0.8633093525179856,0.7338129496402878,47,20,0.1789255009558553,0.1932452579566798,1.0,0.21311772536691997
group_by_length__nl__v2,group_by_length,grouping,nl,2,"Given a list of strings, build a dictionary grouping strings by their length while preserving input order inside each group.","Begin with an empty dictionary. Inspect each string, use its length as the key, build an empty list for a new key, and add the string to that key's list. Output the dictionary.",fast_offsets,False,34,34,42,41,True,1.0108984250535553,0.9800251126289368,0.6454569688726663,41.446835427195765,1.1761448752907355,1.0406947135925293,0.8378540528307328,48.221939886920154,0.7048918117837208,0.7165189385414124,0.9755518741723967,0.24390243902439024,0.024390243902439025,2,1,0.7540635422512423,0.892980399960652,0.926829268292683,1.5989047166768593
count_increases__nl__v1,count_increases,adjacent_analysis,nl,1,"Given a list of numbers, count how many positions contain a value larger than the immediately preceding value.",Start a counter at zero. Compare each value after the first with its predecessor. Increase the counter when the current value is larger. Return the counter.,fast_offsets,False,31,31,33,32,True,1.0085518929408863,1.0688693523406982,0.6767876121434743,32.27366057410836,1.1051754096115474,1.1542062759399414,0.7704605347595664,35.365613107569516,0.6547196535393596,0.6433784663677216,0.9871465768665075,0.3125,0.0625,3,1,0.8870761661279586,0.9904903035851256,0.96875,1.2359573272733542
linear_first_index__nl__v2,linear_first_index,linear_search,nl,2,"Given a list and a target, return the index of the first target occurrence or minus one if absent.",Inspect the list from left to right while tracking the index. Output the index at the first value equal to the target. Output minus one if no match is found.,fast_offsets,False,33,33,35,34,True,1.168215908055358,1.29412442445755,0.7003810052172459,39.719340873882174,1.388445749091368,1.4706168174743652,0.8640357410266842,47.20715546910651,0.6312534291954601,0.6254761815071106,0.970613931908327,0.23529411764705882,0.08823529411764706,2,1,0.6785629266365008,0.7945963034095863,0.9117647058823529,1.69138468676144
binary_search_exact__nl__v1,binary_search_exact,binary_search,nl,1,"Given an ascending sorted list and a target value, return the target index or minus one if absent.","Set low and high indices around the search range. Repeatedly inspect the middle value, returning its index on a match. Discard the half that cannot contain the target. Return minus one if the range becomes empty.",fast_offsets,False,32,32,45,44,True,1.3273167766059155,1.4304583072662354,0.73254040020635,58.40193817066029,1.6601297342408956,1.7461649179458618,0.9873387018313949,73.04570830659941,0.5779263580387289,0.5296829342842102,0.9497765858064998,0.1590909090909091,0.045454545454545456,2,1,0.825768566387164,1.1131324092099486,0.9090909090909091,2.060720542575423
factorial_iterative__python__v2,factorial_iterative,factorial_product,python,2,"Given a nonnegative integer n, compute n factorial iteratively.","def factorial_iterative(item):
    value = 1
    for current in range(2, item + 1):
        value *= current
    return value",fast_offsets,False,24,24,38,37,True,0.3996383606934467,0.21293418109416962,0.488725714971795,14.786619345657527,0.4510917095970866,0.228713259100914,0.589138566551308,16.690393255092204,0.8857950366832115,0.9581979513168335,0.9936079479552604,0.6486486486486487,0.43243243243243246,9,6,0.4180905426231523,0.4715542841392259,0.972972972972973,0.8338348006489813
sum_positive__nl__v1,sum_positive,sign_sum,nl,1,"Given a list of numbers, sum only the positive values.","Start the total at zero. Examine every number. Whenever a number is greater than zero, add it to the total. Return the total after the list has been processed.",fast_offsets,False,22,22,35,34,True,0.8941033357644782,0.6888147294521332,0.6682608397063604,30.39951341599226,0.9775733125998693,0.7756586074829102,0.7490659539481181,33.23749262839556,0.7151256063405205,0.7845211029052734,0.9895217664101544,0.3235294117647059,0.0,4,0,0.7444814782251011,0.8158835362304341,0.9705882352941176,1.5272858439232497
running_sum__nl__v3,running_sum,cumulative_scan,nl,3,"Given a list of numbers, produce the running sum after each position.",Initialize a total at zero and create an empty result list. Process the numbers in order. Accumulate each value to the total and append the updated total to the result. Produce the result.,fast_offsets,False,24,24,40,39,True,1.0404300424150932,0.9528404474258423,0.6135675733188619,40.57677165418863,1.1889070716614907,1.0477724075317383,0.7192311953625776,46.367375794798136,0.671677617690502,0.6964685320854187,0.9811593691507975,0.23076923076923078,0.05128205128205128,4,1,0.6074648385769442,0.7402525122620558,0.9487179487179487,1.7527388415765017
contains_zero__nl__v3,contains_zero,membership_test,nl,3,"Given a list of numbers, determine whether zero occurs in the list.","Process the numbers one by one. If the current number equals zero, return true immediately. If the scan finishes without finding zero, return false.",fast_offsets,False,24,24,30,29,True,1.0000568712852766,1.0465967655181885,0.6939113225783496,29.001649267273024,1.111239797849176,1.0911927223205566,0.7912214698512287,32.225954137626104,0.687864480861302,0.6974660754203796,0.986323712200954,0.3103448275862069,0.10344827586206896,4,1,0.596927127717728,0.6487954642174633,1.0,1.1341312690903955
binary_search_exact__python__v1,binary_search_exact,binary_search,python,1,"Given an ascending sorted list and a target value, return the target index or minus one if absent.","def binary_search_exact(values, target):
    low = 0
    high = len(values) - 1
    while low <= high:
        middle = (low + high) // 2
        if values[middle] == target:
            return middle
        if values[middle] < target:
            low = middle + 1
        else:
            high = middle - 1
    return -1",fast_offsets,False,32,32,97,96,True,0.28296296398972726,0.05533343181014061,0.5067083659377042,27.164444543013815,0.3272932673424596,0.057633351534605026,0.6582999891211351,31.420153664876125,0.9126788466237485,0.9919796288013458,0.9932658256342014,0.7604166666666666,0.5520833333333334,14,8,0.31293874931840326,0.3814697323958267,0.9895833333333334,0.3120003420759379
frequency_map_chars__python__v1,frequency_map_chars,frequency_map,python,1,"Given a string, build a dictionary mapping each character to its occurrence count.","def frequency_map_chars(text):
    counts = {}
    for char in text:
        if char in counts:
            counts[char] += 1
        else:
            counts[char] = 1
    return counts",fast_offsets,False,26,26,54,53,True,0.3584181172561827,0.04358016699552536,0.6235109918177102,18.996160214577685,0.4223619280440649,0.04754753038287163,0.7775688764005496,22.38518218633544,0.8842910837452367,0.9939963221549988,0.9914752773518832,0.7547169811320755,0.5471698113207547,28,15,0.4178364093201638,0.5022160746756037,1.0,0.5584580082461987
group_by_length__nl__v3,group_by_length,grouping,nl,3,"Given a list of strings, build a dictionary grouping strings by their length while preserving input order inside each group.","Initialize with an empty dictionary. Process each string, use its length as the key, create an empty list for a new key, and append the string to that key's list. Produce the dictionary.",fast_offsets,False,34,34,42,41,True,1.0456966800052991,1.0498452186584473,0.6498443904169676,42.87356388021726,1.1855500204852079,1.1668047904968262,0.8050218597215507,48.60755083989352,0.6720823603795796,0.6863605976104736,0.9799036427241999,0.2682926829268293,0.04878048780487805,2,1,0.7330522860342171,0.8414978469256311,0.926829268292683,1.7425448780344506
scan_max__nl__v2,scan_max,scan_extremum,nl,2,"Given a non-empty list of numbers, find the largest value by scanning the list once.","Take the first value as the current maximum. Inspect each remaining value. If a value is larger than the current maximum, replace the current maximum with it. Output the current maximum after the scan.",fast_offsets,False,30,30,40,39,True,1.0944100148402727,1.1552404165267944,0.6956628223326083,42.68199057877064,1.2049575841579683,1.2429969310760498,0.7815602452079764,46.99334578216076,0.6330846597750982,0.529539942741394,0.9858115452986497,0.23076923076923078,0.02564102564102564,4,1,0.7104150519559258,0.7597449186601137,0.9743589743589743,1.2933629275156329
binary_search_insertion__nl__v2,binary_search_insertion,binary_search,nl,2,"Given an ascending sorted list and a target value, return the index where the target could be inserted while preserving order.",Set low to the start and high just past the end. Repeatedly inspect the middle. Move low right when the middle value is below the target; otherwise move high to the middle. Output low when the range closes.,fast_offsets,False,35,35,46,45,True,1.1315999978506524,1.1970648765563965,0.7343679462172873,50.92199990327936,1.3567835543938498,1.430760145187378,0.9699399225179087,61.05525994772324,0.6283882942464617,0.5745238065719604,0.96632911629147,0.2222222222222222,0.06666666666666667,4,1,0.7736997661149044,0.9824304327934938,0.8888888888888888,2.53509016819177
count_digits__nl__v2,count_digits,digit_count,nl,2,"Given a positive integer, count its decimal digits.","Begin a counter at zero. While the number is positive, remove its last digit using integer division by ten and increase the counter by one. Output the counter.",fast_offsets,False,21,21,32,31,True,1.1621844520972622,1.172468662261963,0.6710791245723616,36.027718015015125,1.3453710586313279,1.204085111618042,0.8627614563592702,41.70650281757116,0.622918859364525,0.6339507699012756,0.973327725164352,0.16129032258064516,0.03225806451612903,2,1,0.8616335267821947,1.0578118408719699,0.9354838709677419,1.526314738416864
matrix_contains__python__v3,matrix_contains,matrix_search,python,3,"Given a matrix and a target value, determine whether the target occurs anywhere in the matrix.","def matrix_contains(element, x):
    for entry in element:
        for result in entry:
            if result == x:
                return True
    return False",fast_offsets,False,28,28,39,38,True,0.508744150008026,0.16291572898626328,0.6641989639260456,19.332277700304985,0.6169876671935383,0.16824587434530258,0.8684282954640209,23.445531353354454,0.8500265086952009,0.9717540442943573,0.9845478205304397,0.6578947368421053,0.3157894736842105,10,4,0.563304143706085,0.7110380014606021,0.9210526315789473,1.65575861823163
count_even_digits__python__v3,count_even_digits,digit_count,python,3,"Given a positive integer, count how many of its decimal digits are even.","def count_even_digits(x):
    element = 0
    while x > 0:
        entry = x % 10
        if entry % 2 == 0:
            element += 1
        x //= 10
    return element",fast_offsets,False,26,26,62,61,True,0.3399159434846923,0.06511853635311127,0.5181200030767348,20.73487255256623,0.37984262140335123,0.07724328339099884,0.6048716449962924,23.170399905604427,0.897544152668265,0.9908815026283264,0.9951234547818293,0.7377049180327869,0.5081967213114754,17,9,0.34266095554145676,0.39057783249445494,0.9672131147540983,0.5775787339239212
adjacent_sums__python__v1,adjacent_sums,adjacent_transform,python,1,"Given a list of numbers, create a list containing the sum of each adjacent pair.","def adjacent_sums(values):
    result = []
    for index in range(1, len(values)):
        result.append(values[index] + values[index - 1])
    return result",fast_offsets,False,27,27,48,47,True,0.44762408223493577,0.09993714094161987,0.5992573684681444,21.038331865041982,0.49466936793605587,0.10253195464611053,0.6975706239877257,23.249460292994627,0.8456950713979438,0.9851645231246948,0.9943705454785773,0.6170212765957447,0.46808510638297873,6,6,0.49478734635150706,0.5524687402288216,1.0,0.4676375291596258
contains_zero__nl__v1,contains_zero,membership_test,nl,1,"Given a list of numbers, determine whether zero occurs in the list.","Examine the numbers one by one. If the current number equals zero, return true immediately. If the scan finishes without finding zero, return false.",fast_offsets,False,24,24,31,30,True,0.9662236911690949,1.031490534543991,0.6497832213400526,28.986710735072847,1.0537113769290347,1.0741726756095886,0.7095654807202876,31.611341307871044,0.6923584411541621,0.689456433057785,0.9895533899466197,0.3,0.1,4,1,0.5538004996166725,0.5908950778559364,1.0,1.0970797120394613
ordered_unique_intersection__python__v3,ordered_unique_intersection,ordered_intersection,python,3,"Given two lists, return distinct values from the first list that also occur in the second list, preserving first-list order.","def ordered_unique_intersection(element, x):
    entry = []
    for result in element:
        if result in x and result not in entry:
            entry.append(result)
    return entry",fast_offsets,False,36,36,48,47,True,0.5958647684298178,0.20998908579349518,0.7271778316221346,28.005644116201438,0.7675539166691336,0.21055565774440765,1.0304030204252987,36.07503408344928,0.8277443140111072,0.9596211910247803,0.9750125382808928,0.5957446808510638,0.2978723404255319,16,12,0.6244933736844637,0.8409134103643262,0.8936170212765957,1.5055882533909406
minmax_normalize__nl__v3,minmax_normalize,bounded_numeric_transform,nl,3,"Given a non-empty list of numbers with distinct minimum and maximum values, scale each value into the interval from zero to one using min-max normalization.","Find the minimum and maximum values. Initialize an empty result list. For each value, subtract the minimum and divide by the difference between maximum and minimum, then append the result. Produce the list.",fast_offsets,False,42,42,41,40,True,0.765354882273823,0.7568583488464355,0.5461690831890793,30.61419529095292,0.837441070517525,0.7935663163661957,0.6304507157594342,33.497642820701,0.7520942375063896,0.7989973425865173,0.9913291543722152,0.325,0.1,4,2,0.5458679256530908,0.6016585575655485,0.95,1.3175575398374348
insertion_sort_descending__python__v3,insertion_sort_descending,insertion_sort,python,3,"Given a list of numbers, sort it in descending order using insertion sort and return the sorted copy.","def insertion_sort_descending(n_count):
    result = n_count[:]
    for entry in range(1, len(result)):
        element = result[entry]
        x = entry - 1
        while x >= 0 and result[x] < element:
            result[x + 1] = result[x]
            x -= 1
        result[x + 1] = element
    return result",fast_offsets,False,32,32,101,100,True,0.2903349701231127,0.04978012852370739,0.46801465470625814,29.033497012311273,0.32246121374191716,0.050950583070516586,0.544838394615817,32.246121374191716,0.9069050711393356,0.9927754700183868,0.996239567399025,0.73,0.54,26,11,0.3489086621733014,0.39368396869042155,0.96,0.6072503577057796
invert_unique_map__python__v3,invert_unique_map,dictionary_transform,python,3,"Given a dictionary whose values are unique, return a new dictionary mapping each original value to its original key.","def invert_unique_map(entry):
    x = {}
    for element, result in entry.items():
        x[result] = element
    return x",fast_offsets,False,31,31,38,37,True,0.45443026609152454,0.14332661032676697,0.5793482324698572,16.81391984538641,0.5278913121532045,0.14376133680343628,0.713219631017736,19.531978549668565,0.8543324204715522,0.9737957715988159,0.9909746759646648,0.6486486486486487,0.3783783783783784,17,5,0.4244097212859843,0.5161549069582381,0.8918918918918919,1.5961336203126357
numeric_palindrome__python__v2,numeric_palindrome,numeric_reverse,python,2,"Given a nonnegative integer, determine whether its decimal digits form a palindrome.","def numeric_palindrome(value):
    current = value
    output = 0
    while value > 0:
        item = value % 10
        output = output * 10 + item
        value //= 10
    return current == output",fast_offsets,False,28,28,63,62,True,0.40382616277647976,0.1018446758389473,0.5490514723368415,25.037222092141747,0.47170916088937026,0.10254814475774765,0.694758457156083,29.245967975140957,0.864892287600425,0.9814862310886383,0.9912507966641457,0.6290322580645161,0.4838709677419355,9,8,0.4741618909599206,0.5829507351719839,0.9516129032258065,0.7960308060958288
anti_diagonal_sum__nl__v2,anti_diagonal_sum,diagonal_aggregate,nl,2,"Given a square matrix, calculate the sum of its anti-diagonal.","Begin a total at zero. For every row index, add the element whose column index is the mirrored position from the right. Output the total.",fast_offsets,False,25,25,31,30,True,1.420468604293031,1.4549583196640015,0.7298426385814465,42.61405812879093,1.6943743817818662,1.6209286451339722,0.9240244009791301,50.831231453455985,0.5633274048566819,0.5215044766664505,0.9586184422175089,0.13333333333333333,0.06666666666666667,2,2,0.7853376020613159,0.9833453438276875,0.8666666666666667,2.721476734922423
gcd_two__python__v1,gcd_two,gcd_family,python,1,"Given two nonnegative integers, compute their greatest common divisor using the Euclidean algorithm.","def gcd_two(a, b):
    while b != 0:
        a, b = b, a % b
    return a",fast_offsets,False,31,31,33,32,True,0.40610935317818075,0.10489296168088913,0.5483676140276019,12.995499301701784,0.4779515985128455,0.10582893714308739,0.7239333527030442,15.294451152411057,0.8714006328955293,0.9804537892341614,0.9908277094364166,0.65625,0.4375,11,5,0.37471062924352383,0.49382884785600545,0.96875,0.47029646575811057
rotate_matrix_clockwise__python__v3,rotate_matrix_clockwise,matrix_transform,python,3,"Given a non-empty square matrix, return a new matrix rotated ninety degrees clockwise.","def rotate_matrix_clockwise(entry):
    result = []
    aggregate = len(entry)
    for element in range(aggregate):
        x = []
        for n_count in range(aggregate - 1, -1, -1):
            x.append(entry[n_count][element])
        result.append(x)
    return result",fast_offsets,False,30,30,88,87,True,0.4746230634021717,0.16409988701343536,0.6721774784525963,41.29220651598894,0.5896152287444044,0.17735368013381958,0.9214885772323609,51.29652490076319,0.859321111406403,0.9702974557876587,0.9822953192667029,0.6896551724137931,0.367816091954023,20,6,0.5670899632210517,0.7407418301942429,0.9540229885057471,0.9619994745877929
string_palindrome__nl__v3,string_palindrome,palindrome_test,nl,3,"Given a string, determine whether it reads the same forward and backward.",Set one index at the beginning and another at the end. Compare the two characters and move both indices inward. Produce false on a mismatch; return true if all mirrored pairs match.,fast_offsets,False,24,24,42,41,True,1.2213094696323046,1.2220699787139893,0.7222590694758946,50.07368825492449,1.4460566062366635,1.4354848861694336,0.9225036382740861,59.288320855703205,0.603365363144293,0.6337912082672119,0.9683625334646644,0.17073170731707318,0.0975609756097561,2,2,0.8429895443259738,1.0228038533823565,0.926829268292683,2.0036490999734338
binary_search_insertion__nl__v3,binary_search_insertion,binary_search,nl,3,"Given an ascending sorted list and a target value, return the index where the target could be inserted while preserving order.",Set low to the start and high just past the end. Repeatedly inspect the middle. Move low right when the middle value is below the target; otherwise move high to the middle. Produce low when the range closes.,fast_offsets,False,35,35,47,46,True,1.1192594760656862,1.2358441948890686,0.7426757131065068,51.48593589902157,1.3510191581571354,1.42888343334198,0.9809755527239657,62.146881275228225,0.6413928646108379,0.6310693323612213,0.9655330232951952,0.2391304347826087,0.06521739130434782,4,1,0.7960867910516551,1.0039799421870461,0.9130434782608695,2.5363323884262767
frequency_map_chars__python__v3,frequency_map_chars,frequency_map,python,3,"Given a string, build a dictionary mapping each character to its occurrence count.","def frequency_map_chars(x):
    entry = {}
    for element in x:
        if element in entry:
            entry[element] += 1
        else:
            entry[element] = 1
    return entry",fast_offsets,False,26,26,54,53,True,0.3972566802848684,0.0850100964307785,0.6360462828095341,21.054604055098025,0.4740089978550491,0.09239364415407181,0.8036093292069738,25.1224768863176,0.8791710970536718,0.986968457698822,0.989690492737968,0.7358490566037735,0.4339622641509434,28,15,0.41719506216311575,0.5224377334435792,0.9622641509433962,0.7879405484996858
sum_positive__python__v3,sum_positive,sign_sum,python,3,"Given a list of numbers, sum only the positive values.","def sum_positive(x):
    element = 0
    for entry in x:
        if entry > 0:
            element += entry
    return element",fast_offsets,False,22,22,38,37,True,0.5022834808616018,0.19222840666770935,0.6133157217254884,18.584488791879267,0.5537196103785489,0.20260591804981232,0.7036389510670051,20.48762558400631,0.8405582055046752,0.9653913974761963,0.9934238292075492,0.5945945945945946,0.35135135135135137,6,4,0.3965830328201668,0.44082215759489274,0.9459459459459459,0.892925612333882
ordered_intersection__python__v1,ordered_intersection,ordered_intersection,python,1,"Given two lists, return values from the first list that also occur in the second list, preserving duplicates and order from the first list.","def ordered_intersection(first, second):
    result = []
    for value in first:
        if value in second:
            result.append(value)
    return result",fast_offsets,False,40,40,41,40,True,0.356567656165862,0.09122413769364357,0.5472189342347126,14.26270624663448,0.4362723523954628,0.10238023847341537,0.6892254857149464,17.450894095818512,0.9003813311457634,0.9858281314373016,0.990483021736145,0.775,0.425,22,6,0.3689562244466148,0.43679179595663953,0.975,0.48529679757903066
keep_letters__python__v3,keep_letters,string_filter,python,3,"Given a string, return a new string containing only alphabetic characters.","def keep_letters(x):
    entry = """"
    for element in x:
        if element.isalpha():
            entry += element
    return entry",fast_offsets,False,26,26,37,36,True,0.49016691060064155,0.1280350312590599,0.6211473401361961,17.646008781623095,0.57211766909394,0.13006455078721046,0.7404448595493465,20.59623608738184,0.8560080139173402,0.9746435582637787,0.9900641689697901,0.6944444444444444,0.2777777777777778,7,2,0.5179636947012374,0.6099352565194879,0.9444444444444444,1.119767937673411
count_below__python__v1,count_below,threshold_count,python,1,"Given a list of numbers and a threshold, count the values less than the threshold.","def count_below(values, threshold):
    count = 0
    for value in values:
        if value < threshold:
            count += 1
    return count",fast_offsets,False,27,27,40,39,True,0.30938919654372743,0.06855534762144089,0.5201675303322262,12.06617866520537,0.357906341406469,0.06881747394800186,0.611588514952021,13.95834731485229,0.9170017066674355,0.9885919690132141,0.9944483729509207,0.7692307692307693,0.48717948717948717,20,5,0.369444812957418,0.42119877888992624,1.0,0.29143608564547135
count_even_digits__nl__v2,count_even_digits,digit_count,nl,2,"Given a positive integer, count how many of its decimal digits are even.","Begin a counter at zero. While the number is positive, inspect the last digit, increase the counter if it is even, then remove the digit using integer division by ten. Output the counter.",fast_offsets,False,26,26,39,38,True,1.1991907846378653,1.179258108139038,0.6688746816315287,45.56924981623888,1.4030313787883835,1.340092122554779,0.8870297472770291,53.31519239395857,0.6100480960387933,0.6330496966838837,0.9695028474456385,0.15789473684210525,0.0,2,0,0.8164336016854724,1.065180695137462,0.9210526315789473,1.8380811374732537
rotate_right_one__nl__v1,rotate_right_one,rotation,nl,1,"Given a non-empty list, rotate it right by one position.","Create an empty result list. Append the original last element, then append every earlier element in original order. Return the result.",fast_offsets,False,25,25,25,24,True,1.2550627340873082,1.139047622680664,0.5605222880709776,30.121505618095398,1.509725200633208,1.471252977848053,0.7235975544172528,36.23340481519699,0.6107409835482637,0.6581954956054688,0.9639891435702642,0.041666666666666664,0.0,1,0,0.5631685334703197,0.7372749292332194,0.9166666666666666,2.3014287563661733
list_divisors__nl__v3,list_divisors,divisors,nl,3,"Given a positive integer n, return all positive divisors of n in increasing order.","Initialize an empty result list. Process every integer from one through n. If n is divisible by the current integer, append it. Produce the result.",fast_offsets,False,27,27,32,31,True,1.1263968902489832,1.2552495002746582,0.652669534643871,34.91830359771848,1.2954648743954398,1.300001621246338,0.7989555967636931,40.15941110625863,0.6350686381901464,0.5767390131950378,0.9768037373019803,0.1935483870967742,0.03225806451612903,2,1,0.7222108113269011,0.8848821746806304,0.9354838709677419,2.22670410206962
reverse_integer__nl__v3,reverse_integer,numeric_reverse,nl,3,"Given a nonnegative integer, reverse the order of its decimal digits.","Initialize the reversed value at zero. While the number is positive, take its last digit, append that digit to the reversed value by multiplying by ten and adding, then remove the last input digit. Produce the reversed value.",fast_offsets,False,25,25,49,48,True,1.0360483306625003,1.0214572548866272,0.7107293837004466,49.73031987180002,1.2146815117400063,1.1350273489952087,0.904523430141741,58.3047125635203,0.6729764677584171,0.6976322531700134,0.973292072614034,0.25,0.10416666666666667,2,1,0.8161031204632464,1.0018493013278125,0.9583333333333334,1.9314956270906503
list_divisors__nl__v2,list_divisors,divisors,nl,2,"Given a positive integer n, return all positive divisors of n in increasing order.","Build an empty result list. Inspect every integer from one through n. If n is divisible by the current integer, add it. Output the result.",fast_offsets,False,27,27,32,31,True,1.261704217522375,1.2620854377746582,0.5577126738879576,39.112830743193626,1.4984396285107058,1.4637309312820435,0.719012952480869,46.45162848383188,0.5987101245310998,0.570033073425293,0.9679888006179563,0.12903225806451613,0.0,2,0,0.6194820096095403,0.7880412752429644,0.9354838709677419,2.260514746089616
filter_negative__python__v3,filter_negative,sign_filter,python,3,"Given a list of numbers, create a new list containing only negative values.","def filter_negative(x):
    element = []
    for entry in x:
        if entry < 0:
            element.append(entry)
    return element",fast_offsets,False,25,25,39,38,True,0.3990219404712613,0.1011556014418602,0.5783977637436823,15.162833737907931,0.44035064552506237,0.10447065904736519,0.6487055599913181,16.73332452995237,0.8792489084758257,0.9844374060630798,0.9951967377411691,0.7368421052631579,0.42105263157894735,23,7,0.36294269789564043,0.4103740259715532,0.9473684210526315,0.815244552029502
absolute_values__nl__v2,absolute_values,element_transform,nl,2,"Given a list of numbers, create a list containing the absolute value of each element.","Build an empty result list. Inspect each input number, compute its absolute value, and add that value to the result. Output the result.",fast_offsets,False,27,27,29,28,True,0.9759131354678955,0.981388509273529,0.6448441323780448,27.325567793101072,1.1226772226925408,1.0063541531562805,0.8266556716872995,31.43496223539114,0.6879173932330949,0.704484224319458,0.9792875945568085,0.21428571428571427,0.03571428571428571,3,1,0.5848623257544305,0.7687440431780286,1.0,1.5661516326113738
count_increases__nl__v3,count_increases,adjacent_analysis,nl,3,"Given a list of numbers, count how many positions contain a value larger than the immediately preceding value.",Initialize a counter at zero. Compare each value after the first with its predecessor. Increase the counter when the current value is larger. Produce the counter.,fast_offsets,False,31,31,34,33,True,0.9954954687731735,0.963202953338623,0.6525663817687817,32.85135046951473,1.0953942290648366,1.0422743558883667,0.739946455742698,36.14800955913961,0.6535254509160013,0.5886358022689819,0.9873585267500444,0.30303030303030304,0.09090909090909091,3,1,0.8445549869211391,0.9492120171198621,0.9393939393939394,1.6607213766864417
main_diagonal_sum__nl__v1,main_diagonal_sum,diagonal_aggregate,nl,1,"Given a square matrix, calculate the sum of its main diagonal.","Start a total at zero. For every index, add the matrix element whose row and column both equal that index. Return the total.",fast_offsets,False,23,23,27,26,True,1.2322473669281373,1.2494555115699768,0.6099065991469603,32.03843154013157,1.3927098845060055,1.3323025703430176,0.7430313848663432,36.21045699715614,0.5998312269265835,0.5698891580104828,0.9778249699335831,0.15384615384615385,0.0,1,0,0.6485746085643769,0.7665439176559449,0.9615384615384616,2.0097204546372476
filter_mapping_by_value__nl__v1,filter_mapping_by_value,dictionary_transform,nl,1,"Given a dictionary with numeric values and a threshold, return a new dictionary containing only entries whose value is greater than the threshold.","Start with an empty result dictionary. Examine each key and value. If the value is greater than the threshold, copy that entry into the result. Return the result.",fast_offsets,False,36,36,34,33,True,0.47747821112473804,0.27117806673049927,0.43428928296328584,15.756780967116356,0.5015288366738594,0.2852581739425659,0.4606819627607904,16.55045161023736,0.8541235092914465,0.9476442337036133,0.9976322741219492,0.6060606060606061,0.12121212121212122,9,1,0.48854604084044695,0.5130127787124366,0.9696969696969697,1.3921763658114341
least_frequent__nl__v2,least_frequent,mode_selection,nl,2,"Given a non-empty list, return a value with the lowest occurrence count, choosing the first such value on ties.",Build occurrence counts. Then scan the original list while tracking the best value and lowest count seen. Replace the best only when a strictly lower count is found. Output the best value.,fast_offsets,False,35,35,38,37,True,1.3965264687667023,1.1714447736740112,0.7040009773699569,51.67147934436798,1.7778293401808352,1.5903915166854858,0.9692954855505954,65.7796855866909,0.5679091952137045,0.6342795491218567,0.9423545502327584,0.10810810810810811,0.0,2,0,0.5446787724892298,0.8093178686168458,0.8918918918918919,2.5199524823676898
adjacent_sums__python__v3,adjacent_sums,adjacent_transform,python,3,"Given a list of numbers, create a list containing the sum of each adjacent pair.","def adjacent_sums(x):
    entry = []
    for element in range(1, len(x)):
        entry.append(x[element] + x[element - 1])
    return entry",fast_offsets,False,27,27,48,47,True,0.55085015508589,0.1658545732498169,0.6162778574934151,25.88995728903683,0.6216927848160614,0.16858229041099548,0.7313123404132528,29.219560886354884,0.8133425921835797,0.9689894318580627,0.9913669431463201,0.5957446808510638,0.2978723404255319,6,4,0.5612115935174465,0.6424892029039178,0.9787234042553191,0.8008263087563621
count_digits__python__v3,count_digits,digit_count,python,3,"Given a positive integer, count its decimal digits.","def count_digits(entry):
    element = 0
    while entry > 0:
        entry //= 10
        element += 1
    return element",fast_offsets,False,21,21,40,39,True,0.4884113266229039,0.13957737386226654,0.632171515966252,19.04804173829325,0.5591101546362132,0.14926402270793915,0.7671905892938584,21.805296030812315,0.840326094474548,0.9773247241973877,0.9908590912818909,0.6410256410256411,0.41025641025641024,14,11,0.5029945137388208,0.5900853396535815,0.9487179487179487,0.8932038588819313
square_values__python__v1,square_values,element_transform,python,1,"Given a list of numbers, create a list containing the square of each element.","def square_values(values):
    result = []
    for value in values:
        result.append(value * value)
    return result",fast_offsets,False,26,26,33,32,True,0.4068474527448416,0.08097903616726398,0.5715717578202643,13.01911848783493,0.4365790758529329,0.08248905465006828,0.615994646734016,13.970530427293852,0.8788515897467732,0.988122433423996,0.9968654103577137,0.71875,0.5,10,5,0.5084882695828715,0.5422361419355918,1.0,0.5383194442365493
minmax_normalize__python__v3,minmax_normalize,bounded_numeric_transform,python,3,"Given a non-empty list of numbers with distinct minimum and maximum values, scale each value into the interval from zero to one using min-max normalization.","def minmax_normalize(n_count):
    entry = min(n_count)
    element = max(n_count)
    x = []
    for result in n_count:
        x.append((result - entry) / (element - entry))
    return x",fast_offsets,False,42,42,65,64,True,0.4786814607489305,0.11900841444730759,0.6792441909982873,30.63561348793155,0.5524929104706757,0.12216682732105255,0.8256898907858863,35.359546270123246,0.8419240310322493,0.9815163314342499,0.9898916622623801,0.640625,0.390625,10,7,0.5117304894545611,0.6058529258648161,0.921875,1.2336014501418546
count_primes_up_to__nl__v2,count_primes_up_to,primality,nl,2,"Given a nonnegative integer n, count how many prime numbers are at most n.","Begin a prime counter at zero. For every candidate from two through n, test divisors up to its square root. Increase the counter when no divisor is found. Output the counter.",fast_offsets,False,27,27,39,38,True,1.1261265924886654,1.1808894872665405,0.7249981847874625,42.79281051456928,1.3431256507572376,1.4209325909614563,0.9100735273021646,51.038774728775024,0.64661807959017,0.6452511250972748,0.9699478102357764,0.2894736842105263,0.02631578947368421,3,1,0.8208639742554845,1.0292219841802441,0.9210526315789473,2.109964905306697
dedupe_first__nl__v3,dedupe_first,deduplication,nl,3,"Given a list, remove duplicate values while keeping the first occurrence of each value.","Initialize with an empty result list. Process the input values in order. If the current value is not already in the result, append it. Produce the result after the scan.",fast_offsets,False,27,27,36,35,True,0.9271442572453192,1.0570353269577026,0.49193821497188756,32.45004900358617,1.0042052838419164,1.0781652927398682,0.5478226015212381,35.14718493446708,0.6993632631642478,0.6713574528694153,0.9912826674325126,0.2,0.05714285714285714,3,1,0.5259013987858506,0.5773771039265043,0.9142857142857143,1.9555454135606332
partition_by_threshold__python__v1,partition_by_threshold,partition,python,1,"Given a list of numbers and a threshold, return two lists: values below the threshold and values at least the threshold, preserving order.","def partition_by_threshold(values, threshold):
    below = []
    at_least = []
    for value in values:
        if value < threshold:
            below.append(value)
        else:
            at_least.append(value)
    return below, at_least",fast_offsets,False,38,38,70,69,True,0.2869474412313982,0.01575622893869877,0.5345129039077253,19.799373444966477,0.3394850839015988,0.01841689646244049,0.6782306385044917,23.424470789210318,0.9052244938802028,0.9979881048202515,0.9931326413500137,0.782608695652174,0.6376811594202898,20,13,0.3225363015237556,0.3867756201110858,1.0,0.26246651064143145
count_increases__python__v1,count_increases,adjacent_analysis,python,1,"Given a list of numbers, count how many positions contain a value larger than the immediately preceding value.","def count_increases(values):
    count = 0
    for index in range(1, len(values)):
        if values[index] > values[index - 1]:
            count += 1
    return count",fast_offsets,False,31,31,53,52,True,0.3400613668097951,0.03363596461713314,0.5704447426924396,17.683191074109345,0.44414402390583957,0.03721773624420166,0.8383647858814404,23.095489243103657,0.8976314383057448,0.9949440658092499,0.9856005311012268,0.75,0.5961538461538461,16,10,0.3744586384652625,0.4819329531370279,1.0,0.22458527135646678
selection_sort_ascending__nl__v3,selection_sort_ascending,selection_sort,nl,3,"Given a list of numbers, sort it in ascending order using selection sort and return the sorted copy.","Copy the list. For each position, find the smallest value in the remaining suffix and swap it into the current position. Produce the copy.",fast_offsets,False,31,31,29,28,True,1.1840115210839681,1.373740792274475,0.614676770378031,33.152322590351105,1.3358551519257682,1.459864616394043,0.7345186934771415,37.40394425392151,0.6232846954039165,0.6280429363250732,0.9789243872676577,0.21428571428571427,0.0,2,0,0.7075819041993883,0.826864551614832,0.9285714285714286,2.049546666842486
digit_sum__python__v3,digit_sum,digit_aggregate,python,3,"Given a nonnegative integer, compute the sum of its decimal digits.","def digit_sum(element):
    entry = 0
    while element > 0:
        entry += element % 10
        element //= 10
    return entry",fast_offsets,False,25,25,42,41,True,0.39838950044107085,0.09253518283367157,0.5431934207397445,16.333969518083904,0.45899732426666406,0.09440255910158157,0.6579417109766273,18.818890294933226,0.8839502865221442,0.9829182624816895,0.9925168461915923,0.6585365853658537,0.43902439024390244,8,6,0.42866083121589327,0.5175058342487319,0.9512195121951219,0.8059616517774463
fibonacci_nth__python__v1,fibonacci_nth,fibonacci,python,1,"Given a nonnegative integer n with F0 equal to zero and F1 equal to one, return Fn iteratively.","def fibonacci_nth(n):
    a = 0
    b = 1
    for _ in range(n):
        a, b = b, a + b
    return a",fast_offsets,False,35,35,46,45,True,0.41278973182456363,0.12590152025222778,0.5105011343835961,18.575537932105362,0.46018829345703127,0.1271747350692749,0.6050729565713048,20.708473205566406,0.8639541314707861,0.973443329334259,0.9943474504682753,0.6444444444444445,0.35555555555555557,12,6,0.43403336486186495,0.5004802260293879,1.0,0.5122117574598329
count_unique_words__python__v1,count_unique_words,word_count,python,1,"Given a string containing words separated by whitespace, count the distinct words.","def count_unique_words(text):
    words = text.split()
    unique = set(words)
    return len(unique)",fast_offsets,False,25,25,32,31,True,0.4524796081053454,0.22633743286132812,0.5278114406508996,14.026867851265706,0.4898221073747282,0.22766980528831482,0.5896646992593382,15.184485328616574,0.8595432283416871,0.9482218027114868,0.9959356880957081,0.6129032258064516,0.3225806451612903,9,4,0.48976552693638953,0.5371681111864746,1.0,0.5893626814811854
linear_last_index__python__v1,linear_last_index,linear_search,python,1,"Given a list and a target, return the index of the last target occurrence or minus one if absent.","def linear_last_index(values, target):
    found = -1
    for index, value in enumerate(values):
        if value == target:
            found = index
    return found",fast_offsets,False,33,33,45,44,True,0.47337398251957813,0.21610867977142334,0.5794096612972988,20.828455230861437,0.5482003570525028,0.23582689464092255,0.7125897914251371,24.120815710310126,0.8515895371409979,0.9552743136882782,0.9904298971999775,0.6136363636363636,0.36363636363636365,16,3,0.4511990481040029,0.5453495615375835,0.9318181818181818,0.8200329200764661
lcm_two__python__v3,lcm_two,lcm_family,python,3,"Given two positive integers, compute their least common multiple using their greatest common divisor.","def lcm_two(element, entry):
    x = element
    result = entry
    while result != 0:
        x, result = result, x % result
    return (element // x) * entry",fast_offsets,False,28,28,49,48,True,0.7264205560495611,0.47755618393421173,0.6750699316023946,34.868186690378934,0.8491033754835371,0.4848170131444931,0.8693741113307729,40.75696202320978,0.7715323710193237,0.8984653651714325,0.9835469933847586,0.4791666666666667,0.16666666666666666,5,2,0.6416568454711679,0.8190278388916495,0.9166666666666666,1.6561271865466551
adjacent_sums__python__v2,adjacent_sums,adjacent_transform,python,2,"Given a list of numbers, create a list containing the sum of each adjacent pair.","def adjacent_sums(current):
    value = []
    for item in range(1, len(current)):
        value.append(current[item] + current[item - 1])
    return value",fast_offsets,False,27,27,48,47,True,0.5442562247651253,0.1444787234067917,0.626700408312407,25.580042563960887,0.6073024378986682,0.14846959710121155,0.7377787043112223,28.543214581237407,0.8161456879783184,0.9770464301109314,0.9922958599760178,0.5531914893617021,0.3617021276595745,6,4,0.5714125873510847,0.6459583762068929,0.9574468085106383,0.9058522730854438
lcm_two__python__v1,lcm_two,lcm_family,python,1,"Given two positive integers, compute their least common multiple using their greatest common divisor.","def lcm_two(a, b):
    x = a
    y = b
    while y != 0:
        x, y = y, x % y
    return (a // x) * b",fast_offsets,False,28,28,49,48,True,0.5142676765099168,0.26033078134059906,0.5665800888385524,24.684848472476006,0.5773466977698263,0.26351892948150635,0.678142493846238,27.71264149295166,0.8355420318742593,0.943634033203125,0.9924932743112246,0.5625,0.2916666666666667,10,4,0.44166117010915534,0.5338196207353092,0.9791666666666666,0.7351183609510675
factorial_iterative__nl__v3,factorial_iterative,factorial_product,nl,3,"Given a nonnegative integer n, compute n factorial iteratively.",Initialize a product at one. Multiply it by every integer from two through n. Produce the final product.,fast_offsets,False,24,24,24,23,True,1.2162554121535758,1.3269798755645752,0.6207385183861037,27.973874479532242,1.383629344727682,1.4788486957550049,0.722648611445304,31.823474928736687,0.624996591521346,0.6181584596633911,0.9780004853787629,0.17391304347826086,0.0,2,0,0.7571604495698755,0.8832124160094694,0.8695652173913043,2.168892676334666
filter_mapping_by_value__nl__v2,filter_mapping_by_value,dictionary_transform,nl,2,"Given a dictionary with numeric values and a threshold, return a new dictionary containing only entries whose value is greater than the threshold.","Begin with an empty result dictionary. Inspect each key and value. When the value is greater than the threshold, copy that entry into the result. Output the result.",fast_offsets,False,36,36,34,33,True,0.6255823563445698,0.41559720039367676,0.48707737330898915,20.644217759370804,0.6778865226854881,0.4380854666233063,0.5291396271474417,22.370255248621106,0.8137195796677561,0.9156060814857483,0.994635699373303,0.5454545454545454,0.030303030303030304,5,1,0.5880007050000131,0.6327152390731499,0.9696969696969697,1.8701536655073252
linear_last_index__python__v2,linear_last_index,linear_search,python,2,"Given a list and a target, return the index of the last target occurrence or minus one if absent.","def linear_last_index(counter, current):
    item = -1
    for value, output in enumerate(counter):
        if output == current:
            item = value
    return item",fast_offsets,False,33,33,45,44,True,0.6471665495429823,0.3438079208135605,0.6453997838324893,28.47532817989122,0.7589359337209978,0.3640321046113968,0.8070105445855663,33.3931810837239,0.7983257269317453,0.9268650114536285,0.9856742065061223,0.5227272727272727,0.18181818181818182,8,2,0.5878599338547521,0.7271393446121798,0.8863636363636364,1.68244440042806
linear_first_index__nl__v3,linear_first_index,linear_search,nl,3,"Given a list and a target, return the index of the first target occurrence or minus one if absent.",Process the list from left to right while tracking the index. Produce the index at the first value equal to the target. Produce minus one if no match is found.,fast_offsets,False,33,33,36,35,True,1.1552601705538108,1.3247953653335571,0.7227656693810989,40.43410596938338,1.3745243249028656,1.5290718078613281,0.8873434056874437,48.10835137160029,0.6298635980912617,0.6131085157394409,0.970398223400116,0.2857142857142857,0.05714285714285714,2,1,0.7523613524253425,0.9000452104202636,0.9428571428571428,1.4851734423660674
matrix_contains__nl__v3,matrix_contains,matrix_search,nl,3,"Given a matrix and a target value, determine whether the target occurs anywhere in the matrix.",Process every row and every value within each row. Produce true as soon as a value equals the target. Produce false if the whole matrix is scanned without a match.,fast_offsets,False,28,28,36,35,True,1.045810453114765,1.257928490638733,0.6464074655507159,36.603365859016776,1.1924778075622662,1.34260892868042,0.7395355074319896,41.73672326467931,0.6680125040667397,0.6310533881187439,0.9821824278150286,0.2857142857142857,0.05714285714285714,2,1,0.7670856228865245,0.9055279788068112,0.9428571428571428,2.0298520717603554
filter_negative__python__v2,filter_negative,sign_filter,python,2,"Given a list of numbers, create a new list containing only negative values.","def filter_negative(current):
    item = []
    for value in current:
        if value < 0:
            item.append(value)
    return item",fast_offsets,False,25,25,39,38,True,0.39920053708881725,0.07509995251893997,0.5911515080623758,15.169620409375057,0.4416872854957259,0.07854066416621208,0.6717304453173221,16.784116848837584,0.8763100959752735,0.9894513189792633,0.9949140046772204,0.7105263157894737,0.5,23,7,0.3569470289213633,0.40778938982937785,0.9473684210526315,0.8979140189062731
scan_min__nl__v3,scan_min,scan_extremum,nl,3,"Given a non-empty list of numbers, find the smallest value by scanning the list once.","Set the first value as the current minimum. Process each remaining value. If a value is smaller than the current minimum, replace the current minimum with it. Produce the current minimum after the scan.",fast_offsets,False,30,30,40,39,True,1.0657147866411087,1.1247233152389526,0.6790143800243662,41.56287667900324,1.1661607589190588,1.210538625717163,0.770527523206022,45.48026959784329,0.6483766237894694,0.6206637024879456,0.9873065856786875,0.28205128205128205,0.05128205128205128,4,1,0.6638262871848909,0.7261461347929741,0.9487179487179487,1.489410851843273
is_nondecreasing__nl__v2,is_nondecreasing,monotonicity,nl,2,"Given a list of numbers, determine whether it is in nondecreasing order.","Inspect each adjacent pair from left to right. If an earlier value is greater than the following value, output false. Output true if no such pair exists.",fast_offsets,False,27,27,32,31,True,1.0188999215080854,1.082672357559204,0.5893323759230072,31.585897566750646,1.1348278120520614,1.2350292205810547,0.6822540921311752,35.179662173613906,0.6586165827128195,0.623062014579773,0.985777824155746,0.25806451612903225,0.06451612903225806,2,1,0.6878428934762876,0.7518025007098913,0.9354838709677419,1.7798216312132296
digit_product__python__v3,digit_product,digit_aggregate,python,3,"Given a positive integer, compute the product of its decimal digits.","def digit_product(element):
    entry = 1
    while element > 0:
        entry *= element % 10
        element //= 10
    return entry",fast_offsets,False,24,24,42,41,True,0.4448275600750604,0.18086746335029602,0.5492411697046623,18.237929963077477,0.5131993174221773,0.18161405622959137,0.6850538274264557,21.041172014309268,0.8650531347204999,0.9575023651123047,0.9911032711587301,0.5853658536585366,0.4146341463414634,8,6,0.4655739951027499,0.5675385196005663,0.9512195121951219,0.9514529366751071
is_nondecreasing__nl__v3,is_nondecreasing,monotonicity,nl,3,"Given a list of numbers, determine whether it is in nondecreasing order.","Process each adjacent pair from left to right. If an earlier value is greater than the following value, return false. Produce true if no such pair exists.",fast_offsets,False,27,27,32,31,True,0.9986684771795427,1.0513403415679932,0.5585751999432791,30.958722792565823,1.1102241508722785,1.1388853788375854,0.6393170272535728,34.41694867704064,0.6790670358365581,0.658606231212616,0.9867777093764274,0.2903225806451613,0.03225806451612903,2,1,0.5605720177292823,0.6317312538002928,0.967741935483871,1.7173831766929417
count_character__nl__v1,count_character,char_count,nl,1,"Given a string and a character, count how many times that character appears.","Start a counter at zero. Examine each character in the string. Whenever it equals the target character, increase the counter by one. Return the counter.",fast_offsets,False,25,25,31,30,True,0.9296444557607174,0.6912375092506409,0.707599635947011,27.88933367282152,0.9969554747144381,0.7337237298488617,0.782887033675004,29.908664241433144,0.6776157602667808,0.7776574194431305,0.9914896945158641,0.3333333333333333,0.0,4,0,0.8306634318211983,0.9024000445316578,0.9666666666666667,1.294290172898521
merge_sorted_descending__python__v3,merge_sorted_descending,merge_sorted,python,3,"Given two lists sorted in descending order, merge them into one descending list.","def merge_sorted_descending(x, n_count):
    result = []
    element = 0
    entry = 0
    while element < len(x) and entry < len(n_count):
        if x[element] >= n_count[entry]:
            result.append(x[element])
            element += 1
        else:
            result.append(n_count[entry])
            entry += 1
    result.extend(x[element:])
    result.extend(n_count[entry:])
    return result",fast_offsets,False,27,27,130,129,True,0.3021841853156631,0.04935299605131149,0.5280472421120964,38.98175990572054,0.34470233155272667,0.05230516567826271,0.6460811460569477,44.46660077030174,0.8996953394754913,0.9929960370063782,0.9941634438758673,0.7829457364341085,0.5348837209302325,24,16,0.31870783236047373,0.3761767189508305,0.9767441860465116,0.5363485199037462
matrix_row_sums__nl__v1,matrix_row_sums,matrix_aggregate,nl,1,"Given a matrix of numbers, return a list containing the sum of each row.","Create an empty result list. For each row, start a row total at zero, add every value in the row, and append the row total. Return the result.",fast_offsets,False,26,26,34,33,True,0.9597450025153883,0.85874342918396,0.5582424466899365,31.671585083007812,1.0281018790873615,0.9274122714996338,0.6091355261176095,33.92736200988293,0.6803050935268402,0.7440984845161438,0.9921424840435837,0.21212121212121213,0.0,2,0,0.5004597608931363,0.5644214102067053,1.0,1.538257644878644
chunks_fixed_size__nl__v3,chunks_fixed_size,chunking,nl,3,"Given a list and a positive chunk size, split the list into consecutive chunks of at most that size.","Initialize an empty result list. Move a starting index through the input in steps equal to the chunk size. At each step, append the corresponding slice. Produce the result.",fast_offsets,False,31,31,35,34,True,1.0576056419488262,1.0395296514034271,0.7355647396069094,35.95859182626009,1.243627728346516,1.1246308088302612,0.902187250714129,42.28334276378155,0.6770946357180091,0.7274402379989624,0.9741441625006059,0.35294117647058826,0.0,5,0,0.9809211253216772,1.2060324224558743,0.9117647058823529,1.9650867253213244
dedupe_first__nl__v1,dedupe_first,deduplication,nl,1,"Given a list, remove duplicate values while keeping the first occurrence of each value.","Start with an empty result list. Examine the input values in order. If the current value is not already in the result, append it. Return the result after the scan.",fast_offsets,False,27,27,36,35,True,0.8586267942828791,0.7948805093765259,0.5829852260798732,30.05193779990077,0.911389172449708,0.8152114152908325,0.6341581212626489,31.89862103573978,0.7094042428902217,0.7798529267311096,0.9938723989895412,0.2571428571428571,0.08571428571428572,3,1,0.6472870113656801,0.7020377544138361,0.9714285714285714,1.498848285585908
count_odd__nl__v1,count_odd,parity_count,nl,1,"Given a list of integers, count how many values are odd.","Start a counter at zero. Examine every integer. Whenever the current value is odd, increase the counter by one. Return the counter after all values are processed.",fast_offsets,False,24,24,33,32,True,0.9547347959596664,0.7113505601882935,0.6831846131466447,30.551513470709324,1.0362191468011588,0.765607625246048,0.7546414916944908,33.15901269763708,0.6720669097267091,0.6926969885826111,0.9899567104876041,0.34375,0.0625,6,1,0.7107822012997442,0.7790772667334925,0.96875,1.7033019973896444
remove_digits__nl__v1,remove_digits,string_filter,nl,1,"Given a string, return a new string with all decimal digits removed.","Start with an empty result string. Examine each character. If it is not a decimal digit, append it to the result. Return the result.",fast_offsets,False,25,25,30,29,True,0.7670015453778464,0.7755172252655029,0.5677264096888384,22.243044815957546,0.8582017853342253,0.8123303651809692,0.6589877307631243,24.887851774692535,0.7427609234020628,0.7685240507125854,0.9892658817357031,0.3793103448275862,0.0,3,0,0.652066380317722,0.729214893920081,0.9655172413793104,0.9254720374171076
reverse_integer__nl__v2,reverse_integer,numeric_reverse,nl,2,"Given a nonnegative integer, reverse the order of its decimal digits.","Begin the reversed value at zero. While the number is positive, take its last digit, add that digit to the reversed value by multiplying by ten and adding, then remove the last input digit. Output the reversed value.",fast_offsets,False,25,25,48,47,True,1.141176326898858,1.1286146640777588,0.7055348671644812,53.635287364246324,1.3610484078080651,1.2643792629241943,0.9293157343736885,63.96927516697906,0.6452967438926088,0.6557135581970215,0.967049627862078,0.1702127659574468,0.06382978723404255,1,1,0.7944261461962014,1.0411002795596647,0.9361702127659575,1.8328528828309611
partition_by_threshold__python__v3,partition_by_threshold,partition,python,3,"Given a list of numbers and a threshold, return two lists: values below the threshold and values at least the threshold, preserving order.","def partition_by_threshold(n_count, x):
    entry = []
    element = []
    for result in n_count:
        if result < x:
            entry.append(result)
        else:
            element.append(result)
    return entry, element",fast_offsets,False,38,38,65,64,True,0.47116434380768624,0.08483352139592171,0.6846982151803245,30.15451800369192,0.5897953746753046,0.08888690546154976,0.9148621256394259,37.746903979219496,0.852456150110811,0.9876958429813385,0.983535229228437,0.671875,0.46875,12,12,0.469682951343231,0.6091423603809543,0.9375,1.128410389077203
merge_sorted_ascending__python__v2,merge_sorted_ascending,merge_sorted,python,2,"Given two lists sorted in ascending order, merge them into one ascending list.","def merge_sorted_ascending(current, counter):
    output = []
    item = 0
    value = 0
    while item < len(current) and value < len(counter):
        if current[item] <= counter[value]:
            output.append(current[item])
            item += 1
        else:
            output.append(counter[value])
            value += 1
    output.extend(current[item:])
    output.extend(counter[value:])
    return output",fast_offsets,False,27,27,120,119,True,0.2739442871369181,0.03691525757312775,0.5014090775057444,32.59937016929325,0.3165408129832696,0.037241287529468536,0.6250901651911768,37.66835674500908,0.9115442136506072,0.994635283946991,0.9943356288581335,0.773109243697479,0.5882352941176471,22,18,0.25737436477887105,0.32263330482706126,0.9663865546218487,0.5391905261434842
filter_negative__nl__v1,filter_negative,sign_filter,nl,1,"Given a list of numbers, create a new list containing only negative values.","Start with an empty result list. Examine every number. Whenever a number is less than zero, append it to the result. Return the result after processing the input.",fast_offsets,False,25,25,34,33,True,0.7464292595783869,0.564532458782196,0.6122632561068255,24.63216556608677,0.8034401638715556,0.6457699537277222,0.6806736637432687,26.513525407761335,0.749149380308209,0.8835731148719788,0.9929984681534044,0.3939393939393939,0.06060606060606061,4,1,0.676635455340147,0.7272735692095011,0.9696969696969697,1.780731577454417
square_values__python__v3,square_values,element_transform,python,3,"Given a list of numbers, create a list containing the square of each element.","def square_values(x):
    element = []
    for entry in x:
        element.append(entry * entry)
    return element",fast_offsets,False,26,26,33,32,True,0.48380548841669224,0.11633866280317307,0.5688910766989038,15.481775629334152,0.5324061048449948,0.11749923974275589,0.633924432797184,17.036995355039835,0.8583725886419415,0.9822939336299896,0.9945387542247772,0.65625,0.34375,6,4,0.5132873044499466,0.5720443639063066,0.9375,1.2083781050241669
count_character__python__v3,count_character,char_count,python,3,"Given a string and a character, count how many times that character appears.","def count_character(result, x):
    entry = 0
    for element in result:
        if element == x:
            entry += 1
    return entry",fast_offsets,False,25,25,39,38,True,0.6315039358037451,0.2667992562055588,0.7242753972342497,23.99714956054231,0.749019439563486,0.2735210061073303,0.9161150139228359,28.46273870341247,0.8102297069210755,0.9396512508392334,0.9836911998297039,0.5789473684210527,0.2631578947368421,10,4,0.6066426123347687,0.7620549301925191,0.9210526315789473,1.1361166410418886
reverse_string__python__v2,reverse_string,reverse_sequence,python,2,"Given a string, create a new string containing the same characters in reverse order.","def reverse_string(current):
    value = """"
    for item in range(len(current) - 1, -1, -1):
        value += current[item]
    return value",fast_offsets,False,26,26,45,44,True,0.3745745556873523,0.1049518994987011,0.5516123126374612,16.481280450243503,0.4104878356156405,0.11174106225371361,0.6203275383446365,18.061464767088182,0.8882992172783072,0.9813390672206879,0.9957404245029796,0.75,0.36363636363636365,13,5,0.47327039737341015,0.5109268340206337,0.9545454545454546,0.7664678536626028
binary_to_integer__nl__v1,binary_to_integer,base_conversion,nl,1,"Given a string of binary digits, convert it to a nonnegative integer.","Start the result at zero. Examine the digits from left to right, doubling the result and adding the numeric value of the current digit. Return the result.",fast_offsets,False,26,26,35,34,True,1.1033090977203648,0.9616132974624634,0.8345032010656892,37.512509322492406,1.2491893011063118,0.9948808550834656,1.0041977608248909,42.4724362376146,0.6276802933391403,0.6477136313915253,0.9778956613119911,0.3235294117647059,0.08823529411764706,3,1,0.9874341140896308,1.1863494639877568,0.9705882352941176,1.2942454059195692
factorial_iterative__nl__v2,factorial_iterative,factorial_product,nl,2,"Given a nonnegative integer n, compute n factorial iteratively.",Begin a product at one. Multiply it by every integer from two through n. Output the final product.,fast_offsets,False,24,24,23,22,True,1.231106091629375,1.3084594011306763,0.6440478625269562,27.084334015846252,1.4257683632048694,1.5271426439285278,0.7858955422956806,31.366903990507126,0.5964932272380049,0.5847471058368683,0.9731670292941007,0.13636363636363635,0.0,2,0,0.8030345099312919,0.9645286741710845,1.0,1.9077422312376173
filter_nonnegative__nl__v3,filter_nonnegative,sign_filter,nl,3,"Given a list of numbers, create a new list containing only values greater than or equal to zero.","Initialize with an empty result list. Process every number. For any case in which a number is at least zero, append it to the result. Produce the result after processing the input.",fast_offsets,False,30,30,38,37,True,0.919964021625551,0.8981866836547852,0.5241350684073618,34.03866880014539,1.019021509164894,0.972602128982544,0.585024498123344,37.703795839101076,0.707848865438152,0.7566846609115601,0.988960404653807,0.24324324324324326,0.02702702702702703,3,1,0.5730833698891931,0.6411132669697205,0.8918918918918919,2.6609254820221984
insertion_sort_descending__nl__v3,insertion_sort_descending,insertion_sort,nl,3,"Given a list of numbers, sort it in descending order using insertion sort and return the sorted copy.","Copy the list. Starting with the second element, shift smaller earlier values one position right until the current value can be inserted in order. Produce the copy.",fast_offsets,False,32,32,32,31,True,1.3204816041454193,1.2927592992782593,0.6063966876820784,40.934929728507996,1.5087939491195064,1.3661887645721436,0.7273602119482998,46.7726124227047,0.5950610301186962,0.5833262205123901,0.973442062254875,0.0967741935483871,0.0,1,0,0.5478534559408824,0.684272430340449,0.8709677419354839,2.718132000536688
most_frequent__nl__v2,most_frequent,mode_selection,nl,2,"Given a non-empty list, return a value with the highest occurrence count, choosing the first such value on ties.",Build occurrence counts. Then scan the original list while tracking the best value and highest count seen. Replace the best only when a strictly higher count is found. Output the best value.,fast_offsets,False,35,35,38,37,True,1.4084742439759743,1.2656447887420654,0.6855358194594198,52.11354702711105,1.764753823344772,1.6446890830993652,0.9374931913850267,65.29589146375656,0.5580798600976532,0.5485144853591919,0.9466313510327726,0.02702702702702703,0.0,1,0,0.5751320471366247,0.8077492846382989,0.8648648648648649,2.5554685993371784
digit_product__nl__v3,digit_product,digit_aggregate,nl,3,"Given a positive integer, compute the product of its decimal digits.","Initialize a product at one. While the number is positive, multiply the product by its last decimal digit and remove that digit using integer division by ten. Produce the product.",fast_offsets,False,24,24,36,35,True,1.0818230561379876,1.0280163288116455,0.6441227773427377,37.863806964829564,1.2485838141292334,1.2225947380065918,0.7842257353456206,43.70043349452317,0.6614108566726957,0.7121866345405579,0.9774098311151777,0.2,0.02857142857142857,2,1,0.7348500068354256,0.8930099745664526,0.9714285714285714,1.8646349592267402
rotate_matrix_clockwise__nl__v3,rotate_matrix_clockwise,matrix_transform,nl,3,"Given a non-empty square matrix, return a new matrix rotated ninety degrees clockwise.","Initialize an empty result. For each original column from left to right, build a row by reading that column from bottom to top. Place each row and return the result.",fast_offsets,False,30,30,34,33,True,1.255802348876993,1.3372845649719238,0.7344308688012058,41.441477512940764,1.5057836531689672,1.4497934579849243,0.9554173409733532,49.69086055457592,0.5954984561963514,0.540184497833252,0.9617811025995197,0.18181818181818182,0.06060606060606061,2,1,0.8838193990522996,1.1497914278879762,0.8181818181818182,2.3317698021031297
sum_positive__nl__v2,sum_positive,sign_sum,nl,2,"Given a list of numbers, sum only the positive values.","Begin the total at zero. Inspect every number. If a number is greater than zero, add it to the total. Output the total after the list has been processed.",fast_offsets,False,22,22,35,34,True,0.947436822907013,0.7607170045375824,0.7165555466247973,32.212851978838444,1.0570165988276987,0.8355632424354553,0.8376511624442994,35.938564360141754,0.6905894055962563,0.7798531353473663,0.9855011210722082,0.29411764705882354,0.029411764705882353,3,1,0.7446010595921314,0.8502184233882211,0.9705882352941176,1.4494282817468047
binary_search_exact__nl__v2,binary_search_exact,binary_search,nl,2,"Given an ascending sorted list and a target value, return the target index or minus one if absent.","Set low and high indices around the search range. Repeatedly inspect the middle value, returning its index on a match. Discard the half that cannot contain the target. Output minus one if the range becomes empty.",fast_offsets,False,32,32,45,44,True,1.3260908859374467,1.4175682067871094,0.7292159769958303,58.347998981247656,1.660402720910497,1.7227065563201904,0.984502945151739,73.05771972006187,0.5805124464360151,0.5400843620300293,0.9495753117583015,0.1590909090909091,0.045454545454545456,2,1,0.8360993735286472,1.1298018854414655,0.8863636363636364,2.1932812826327623
filter_nonnegative__nl__v2,filter_nonnegative,sign_filter,nl,2,"Given a list of numbers, create a new list containing only values greater than or equal to zero.","Begin with an empty result list. Inspect every number. If a number is at least zero, add it to the result. Output the result after processing the input.",fast_offsets,False,30,30,34,33,True,0.7655093001596855,0.572880744934082,0.5681431055305605,25.261806905269623,0.8390077792785384,0.642551839351654,0.652202838341353,27.68725671619177,0.7592550759965723,0.8649784326553345,0.9909510486053698,0.3939393939393939,0.06060606060606061,4,2,0.6136315022595227,0.6876153331249952,0.9393939393939394,1.9453607520765879
first_even_index__python__v3,first_even_index,first_match_index,python,3,"Given a list of integers, return the index of the first even value, or minus one if none exists.","def first_even_index(x):
    for element, entry in enumerate(x):
        if entry % 2 == 0:
            return element
    return -1",fast_offsets,False,34,34,41,40,True,0.33166188495379173,0.06585102155804634,0.4638592592953475,13.26647539815167,0.3588838462237618,0.06717923656105995,0.5170559433807793,14.355353848950472,0.8951021008193493,0.9906640350818634,0.9970901250839234,0.675,0.55,10,9,0.31518582022713065,0.34487790564516896,0.95,0.8979592128467857
sum_negative__nl__v2,sum_negative,sign_sum,nl,2,"Given a list of numbers, sum only the negative values.","Begin the total at zero. Inspect every number. If a number is less than zero, add it to the total. Output the total after the list has been processed.",fast_offsets,False,22,22,35,34,True,0.9211115582900888,0.6931332945823669,0.7216080614682988,31.317792981863022,1.0293991876875652,0.7580065131187439,0.8424614183666823,34.99957238137722,0.690556609455277,0.8023138046264648,0.985864486764459,0.35294117647058826,0.0,4,0,0.6955713629722595,0.8056856524763685,0.9411764705882353,1.4660444814328324
adjacent_differences__nl__v3,adjacent_differences,adjacent_transform,nl,3,"Given a list of numbers, create a list of differences between each value and its predecessor.","Initialize an empty result list. Starting with the second input value, subtract the preceding value from the current value and append the difference. Produce the result.",fast_offsets,False,29,29,33,32,True,0.9419396938756108,0.9564274251461029,0.5888483210948613,30.142070204019547,1.0386569874244742,0.9750644266605377,0.6894055674198375,33.237023597583175,0.6882940181531012,0.71494260430336,0.9878534227609634,0.25,0.0625,2,1,0.7415717474875911,0.8514510331855666,0.96875,1.6121523594047176
digit_product__python__v2,digit_product,digit_aggregate,python,2,"Given a positive integer, compute the product of its decimal digits.","def digit_product(item):
    value = 1
    while item > 0:
        value *= item % 10
        item //= 10
    return value",fast_offsets,False,24,24,42,41,True,0.3902302383546002,0.10250604897737503,0.5502823755515072,15.999439772538608,0.44045167447319084,0.11499179899692535,0.6522265998721127,18.058518653400824,0.8798592046993535,0.9849843978881836,0.9936751737827207,0.6829268292682927,0.4634146341463415,8,7,0.5057238818815677,0.5779987780253577,0.9512195121951219,0.5965857676970899
integer_to_binary__nl__v3,integer_to_binary,base_conversion,nl,3,"Given a positive integer, return its binary representation as a string without a prefix.","Initialize with an empty digit list. Repeatedly append the remainder after division by two and divide the number by two. Reverse the collected digits, join them, and return the string.",fast_offsets,False,26,26,39,38,True,1.1446389372852679,1.0685330033302307,0.7489051420115982,43.496279616840184,1.3690580687926788,1.3280641436576843,0.9557339321216644,52.024206614121795,0.6305952809358898,0.6519292593002319,0.9671226567343661,0.2631578947368421,0.05263157894736842,2,1,0.8857768860117003,1.154993850335076,0.868421052631579,2.095768593998065
reverse_string__nl__v2,reverse_string,reverse_sequence,nl,2,"Given a string, create a new string containing the same characters in reverse order.",Begin with an empty result string. Inspect the input from the last position to the first and add each character to the result. Output the result.,fast_offsets,False,26,26,30,29,True,0.9852539267519425,0.9832557439804077,0.6102032868007831,28.57236387580633,1.107679957459713,1.1669833660125732,0.7026463738233295,32.12271876633167,0.698265723113356,0.7054843306541443,0.9846637824486042,0.27586206896551724,0.034482758620689655,3,1,0.7347942404448986,0.8469290254371507,0.9655172413793104,1.557356027918386
digit_product__nl__v2,digit_product,digit_aggregate,nl,2,"Given a positive integer, compute the product of its decimal digits.","Begin a product at one. While the number is positive, multiply the product by its last decimal digit and remove that digit using integer division by ten. Output the product.",fast_offsets,False,24,24,35,34,True,1.142306291279109,1.146747648715973,0.6878285092053714,38.83841390348971,1.3636236261192929,1.409362256526947,0.9075878081735695,46.363203288055956,0.6402834338300368,0.691970020532608,0.9676091232720543,0.20588235294117646,0.029411764705882353,2,1,0.8479835439586279,1.0832953524747582,0.9705882352941176,1.7939518379417303
count_equal_neighbors__nl__v1,count_equal_neighbors,adjacent_analysis,nl,1,"Given a list, count how many adjacent pairs contain equal values.",Start a counter at zero. Compare each value after the first with its predecessor. Increase the counter when the two values are equal. Return the counter.,fast_offsets,False,23,23,33,32,True,1.1148315407772316,1.2210946679115295,0.6719890549628484,35.67460930487141,1.2296693485695869,1.2914925813674927,0.7650494112300193,39.34941915422678,0.6313649090006948,0.621552586555481,0.9851092826575041,0.1875,0.0625,2,1,0.7999210472128564,0.902404036733412,0.9375,1.5137729055586533
contains_zero__python__v3,contains_zero,membership_test,python,3,"Given a list of numbers, determine whether zero occurs in the list.","def contains_zero(entry):
    for element in entry:
        if element == 0:
            return True
    return False",fast_offsets,False,24,24,30,29,True,0.41102724771039434,0.06993918120861053,0.6561212036081835,11.919790183601435,0.4557229133346921,0.07326102256774902,0.7446339392346989,13.21596448670607,0.878031523063265,0.9902877807617188,0.9943973319283848,0.7586206896551724,0.5172413793103449,19,6,0.36030582393868826,0.4088544261259293,0.9655172413793104,0.9213545079602572
count_digits__python__v2,count_digits,digit_count,python,2,"Given a positive integer, count its decimal digits.","def count_digits(value):
    item = 0
    while value > 0:
        value //= 10
        item += 1
    return item",fast_offsets,False,21,21,40,39,True,0.45871631600125395,0.1258777678012848,0.588058478330474,17.889936324048904,0.5122151752952143,0.1264996975660324,0.6884364467073338,19.976391836513358,0.8499866242592151,0.97657310962677,0.9933545925678351,0.6410256410256411,0.4358974358974359,14,11,0.44489972544205986,0.5070685863607459,0.9743589743589743,0.7031406931852101
count_vowels__python__v2,count_vowels,char_count,python,2,"Given a lowercase string, count how many characters are vowels.","def count_vowels(current):
    value = 0
    for item in current:
        if item in ""aeiou"":
            value += 1
    return value",fast_offsets,False,25,25,42,41,True,0.43343113198884897,0.14833128452301025,0.5774376872122099,17.77067641154281,0.48750458750305925,0.1492217481136322,0.6745959724843913,19.98768808762543,0.8733411961939277,0.9713073968887329,0.9936467903416332,0.7073170731707317,0.2682926829268293,10,2,0.474636693073262,0.5336257075541653,0.9512195121951219,0.786967243278568
insertion_sort_descending__nl__v1,insertion_sort_descending,insertion_sort,nl,1,"Given a list of numbers, sort it in descending order using insertion sort and return the sorted copy.","Copy the list. Starting with the second element, shift smaller earlier values one position right until the current value can be inserted in order. Return the copy.",fast_offsets,False,32,32,31,30,True,1.2682086884975434,1.2699692845344543,0.6084247477045154,38.0462606549263,1.4438660164674124,1.3237570524215698,0.7245154927513578,43.31598049402237,0.6199777175982794,0.5985644459724426,0.9753921389579773,0.13333333333333333,0.0,2,0,0.5515691339969635,0.6817887199336085,0.9,2.3755106245477995
integer_to_binary__python__v1,integer_to_binary,base_conversion,python,1,"Given a positive integer, return its binary representation as a string without a prefix.","def integer_to_binary(number):
    digits = []
    while number > 0:
        digits.append(str(number % 2))
        number //= 2
    digits.reverse()
    return """".join(digits)",fast_offsets,False,26,26,61,60,True,0.3130486692835499,0.04540841281414032,0.48613531718664077,18.782920157012995,0.34860959055634644,0.04834939353168011,0.5780833677595757,20.916575433380785,0.8953892181317011,0.993635892868042,0.9956530193487804,0.7166666666666667,0.5666666666666667,9,6,0.37628419432291854,0.4170820374555799,0.9833333333333333,0.39387028735549545
selection_sort_descending__nl__v1,selection_sort_descending,selection_sort,nl,1,"Given a list of numbers, sort it in descending order using selection sort and return the sorted copy.","Copy the list. For each position, find the largest value in the remaining suffix and swap it into the current position. Return the copy.",fast_offsets,False,31,31,28,27,True,1.0974892463397097,1.3102965354919434,0.5834604574055927,29.63220965117216,1.2199969929125574,1.4236786365509033,0.672370244157176,32.93991880863905,0.6540265800776305,0.6293050050735474,0.9839292720512107,0.25925925925925924,0.037037037037037035,2,1,0.670311304812248,0.7877584094038377,0.9629629629629629,1.6750182250376653
selection_sort_ascending__nl__v2,selection_sort_ascending,selection_sort,nl,2,"Given a list of numbers, sort it in ascending order using selection sort and return the sorted copy.","Copy the list. For each position, find the smallest value in the remaining suffix and swap it into the current position. Output the copy.",fast_offsets,False,31,31,28,27,True,1.1150096555550892,1.3235501050949097,0.5585139048452076,30.10526069998741,1.2380602133494836,1.3828256130218506,0.6395751420805488,33.42762576043606,0.6541063586870829,0.638110876083374,0.9840684201982286,0.2222222222222222,0.0,2,0,0.6759897630948287,0.7797737729090911,0.9259259259259259,1.841825344496303
product_one_to_n__nl__v3,product_one_to_n,factorial_product,nl,3,"Given a positive integer n, compute the product of all integers from one through n.","Initialize a product at one. Process every integer from one through n, multiplying it into the product. Produce the final product.",fast_offsets,False,28,28,27,26,True,1.1906792647563493,1.263974905014038,0.5221717028732494,30.957660883665085,1.33932453336624,1.4071335792541504,0.6265996544029835,34.82243786752224,0.6113345961158092,0.5881655514240265,0.9807504300887768,0.11538461538461539,0.0,1,0,0.5754315304756165,0.6770843231678009,0.8846153846153846,1.8277821623576949
clamp_values__nl__v2,clamp_values,bounded_numeric_transform,nl,2,"Given a list of numbers and lower and upper bounds, clamp each value into the inclusive interval.","Build an empty result list. Inspect each value. Replace values below the lower bound with the lower bound, values above the upper bound with the upper bound, and keep all others unchanged. Output the result.",fast_offsets,False,30,30,44,43,True,0.8444016474450744,0.7184200286865234,0.6737559588355378,36.3092708401382,0.9739963687783064,0.8382909297943115,0.8297025755929563,41.881843857467175,0.736353712026463,0.7665430903434753,0.9829224195591238,0.37209302325581395,0.11627906976744186,7,3,0.5116130821406841,0.6224684287749586,0.9534883720930233,1.4180244212526134
least_frequent__python__v3,least_frequent,mode_selection,python,3,"Given a non-empty list, return a value with the lowest occurrence count, choosing the first such value on ties.","def least_frequent(result):
    entry = {}
    for x in result:
        entry[x] = entry.get(x, 0) + 1
    element = result[0]
    for x in result:
        if entry[x] < entry[element]:
            element = x
    return element",fast_offsets,False,35,35,76,75,True,0.49271645228456085,0.13935650885105133,0.708307740338753,36.953733921342064,0.5946054238358435,0.14227868616580963,0.9126687517281008,44.59540678768826,0.8431630067030589,0.9709969758987427,0.9852754068374634,0.72,0.36,17,6,0.45185703287574436,0.5703173906835759,0.96,0.6958487321584047
lcm_two__nl__v3,lcm_two,lcm_family,nl,3,"Given two positive integers, compute their least common multiple using their greatest common divisor.","Compute the greatest common divisor with the Euclidean algorithm, then divide one input by that gcd and multiply by the other input. Produce the product.",fast_offsets,False,28,28,35,34,True,1.0001854764242821,1.1134618520736694,0.71282136978367,34.00630619842559,1.1848405254456926,1.1919129490852356,0.8825676291430892,40.28457786515355,0.6774641306084745,0.6845709383487701,0.9754820746534011,0.29411764705882354,0.17647058823529413,3,1,0.7126181452450427,0.8316284813212625,0.9411764705882353,1.4005912578098052
is_strictly_increasing__python__v1,is_strictly_increasing,monotonicity,python,1,"Given a list of numbers, determine whether it is strictly increasing.","def is_strictly_increasing(values):
    for index in range(1, len(values)):
        if values[index - 1] >= values[index]:
            return False
    return True",fast_offsets,False,23,23,48,47,True,0.2558422232122734,0.02806209772825241,0.4591400726165167,12.02458449097685,0.27761881628465107,0.02819860354065895,0.5159207613868502,13.0480843653786,0.9179716573116627,0.9963924288749695,0.9975661774899097,0.8085106382978723,0.6170212765957447,16,9,0.2957902925227245,0.3228930574563413,1.0,0.3264636773027671
frequency_map_items__nl__v3,frequency_map_items,frequency_map,nl,3,"Given a list of hashable values, build a dictionary mapping each value to its occurrence count.","Initialize with an empty dictionary. Process each value. If it is already a key, increase its count; otherwise create the key with count one. Produce the dictionary.",fast_offsets,False,30,30,34,33,True,0.7980811711908742,0.7490807771682739,0.4851540883872305,26.336678649298847,0.8479966297181267,0.8088788390159607,0.5175188500373309,27.98388878069818,0.7346274365078319,0.7708319425582886,0.9945783163561965,0.24242424242424243,0.12121212121212122,2,1,0.4925211326335557,0.5133423671359196,0.9393939393939394,2.03549718343173
are_disjoint__nl__v3,are_disjoint,set_relation,nl,3,"Given two collections, determine whether they have no value in common.","Process each value in the first collection. If any value occurs in the second collection, return false. Produce true if no common value is found.",fast_offsets,False,23,23,30,29,True,1.138503465159186,1.2151408195495605,0.6187131595306371,33.016600489616394,1.2633546842583294,1.328125,0.7099597438956924,36.637285843491554,0.6410135750112862,0.6446840763092041,0.9850021477403312,0.2413793103448276,0.0,3,0,0.6060539036989212,0.6752410690699305,0.9655172413793104,1.286023123189807
binary_to_integer__nl__v2,binary_to_integer,base_conversion,nl,2,"Given a string of binary digits, convert it to a nonnegative integer.","Begin the result at zero. Inspect the digits from left to right, doubling the result and adding the numeric value of the current digit. Output the result.",fast_offsets,False,26,26,35,34,True,1.1867984710740582,1.2184914946556091,0.8075691086847333,40.35114801651798,1.381567668498439,1.2752649188041687,1.0182143671759074,46.973300728946924,0.5940288165036369,0.5091225504875183,0.9696100406786975,0.2647058823529412,0.08823529411764706,2,1,0.973303686051319,1.211985849747152,0.9411764705882353,1.609959355511391
chunks_pairs__python__v3,chunks_pairs,chunking,python,3,"Given a list, split it into consecutive chunks containing at most two elements.","def chunks_pairs(x):
    element = []
    for entry in range(0, len(x), 2):
        element.append(x[entry:entry + 2])
    return element",fast_offsets,False,25,25,48,47,True,0.5244449952845165,0.3210936486721039,0.633758092372032,24.648914778372273,0.6115132315763014,0.3215803802013397,0.7991730160443257,28.74112188408617,0.8375523309124276,0.9359065294265747,0.9879666072257022,0.574468085106383,0.2127659574468085,5,2,0.501874166753386,0.6028382192396194,0.9361702127659575,1.1349628724340792
numeric_palindrome__nl__v3,numeric_palindrome,numeric_reverse,nl,3,"Given a nonnegative integer, determine whether its decimal digits form a palindrome.",Proceed as follows. Save the original number and build its reversed decimal value digit by digit. Compare the reversed value with the original and return whether they are equal.,fast_offsets,False,28,28,36,35,True,1.2135466763749718,1.190773844718933,0.7484189966089307,42.474133673124015,1.4804176687529045,1.4837861061096191,1.0042301530741649,51.814618406351656,0.6292836857693536,0.6279274225234985,0.9593138933181763,0.17142857142857143,0.08571428571428572,2,1,0.8832521892755347,1.163775337229976,0.9142857142857143,1.9146147407574712
group_by_length__python__v2,group_by_length,grouping,python,2,"Given a list of strings, build a dictionary grouping strings by their length while preserving input order inside each group.","def group_by_length(output):
    item = {}
    for current in output:
        value = len(current)
        if value not in item:
            item[value] = []
        item[value].append(current)
    return item",fast_offsets,False,34,34,59,58,True,0.4603507370258489,0.09961555898189545,0.6412382056628145,26.700342747499235,0.5316993391817708,0.09995029494166374,0.7732228008724257,30.83856167254271,0.8584557298956246,0.980362594127655,0.9905042709975407,0.6551724137931034,0.43103448275862066,11,7,0.4630919649764046,0.5426635494876424,0.9482758620689655,0.6840340381137328
lcm_two__python__v2,lcm_two,lcm_family,python,2,"Given two positive integers, compute their least common multiple using their greatest common divisor.","def lcm_two(item, value):
    current = item
    output = value
    while output != 0:
        current, output = output, current % output
    return (item // current) * value",fast_offsets,False,28,28,49,48,True,0.7338170969936376,0.4958382248878479,0.6706582034043334,35.223220655694604,0.8686935809091665,0.5057009607553482,0.8989468413712631,41.69729188363999,0.7636562747259935,0.8721108734607697,0.9812537431716919,0.4791666666666667,0.16666666666666666,7,2,0.7185836046775604,0.938160994942201,0.8958333333333334,1.6553848058295746
are_disjoint__nl__v2,are_disjoint,set_relation,nl,2,"Given two collections, determine whether they have no value in common.","Inspect each value in the first collection. If any value occurs in the second collection, output false. Output true if no common value is found.",fast_offsets,False,23,23,30,29,True,1.0964414076558475,1.124281883239746,0.64495925216696,31.796800822019577,1.2096010040620278,1.2848609685897827,0.760092307015424,35.078429117798805,0.6532169133424759,0.6540778279304504,0.9855541997942431,0.27586206896551724,0.0,3,0,0.5927877564515386,0.6462900745017188,0.9310344827586207,1.3577046958922312
is_prime__nl__v1,is_prime,primality,nl,1,"Given an integer n, determine whether it is prime.",Return false for values below two. Test divisors starting at two while the divisor squared is no greater than n. Return false if any divisor divides n exactly; otherwise return true.,fast_offsets,False,21,21,40,39,True,1.0233482910821645,0.8834794759750366,0.6906660454347122,39.91058335220441,1.1750191480685503,0.9356726408004761,0.8509319806426278,45.82574677467346,0.6739861644231356,0.7148488759994507,0.9787928492594988,0.23076923076923078,0.07692307692307693,2,1,0.7674522005070589,0.9285029565033159,1.0,1.9044182674633936
binary_search_insertion__nl__v1,binary_search_insertion,binary_search,nl,1,"Given an ascending sorted list and a target value, return the index where the target could be inserted while preserving order.",Set low to the start and high just past the end. Repeatedly inspect the middle. Move low right when the middle value is below the target; otherwise move high to the middle. Return low when the range closes.,fast_offsets,False,35,35,46,45,True,1.125802396196458,1.1991848945617676,0.7296699068432946,50.66110782884061,1.3476058850220094,1.3974971771240234,0.9645482231541893,60.642264825990424,0.6297945711347792,0.5853451490402222,0.966912583510081,0.2222222222222222,0.06666666666666667,4,1,0.7703463927080686,0.9828478017589077,0.8888888888888888,2.4289251886710796
absolute_values__python__v1,absolute_values,element_transform,python,1,"Given a list of numbers, create a list containing the absolute value of each element.","def absolute_values(values):
    result = []
    for value in values:
        result.append(abs(value))
    return result",fast_offsets,False,27,27,33,32,True,0.3469450560514815,0.06467690318822861,0.5293904188097659,11.102241793647408,0.3844428014344885,0.0657244548201561,0.6043117357546309,12.302169645903632,0.9006016533821821,0.9901319146156311,0.9957697000354528,0.75,0.53125,17,8,0.43450464386372795,0.47416185426916324,1.0,0.37321542784548
list_palindrome__nl__v1,list_palindrome,palindrome_test,nl,1,"Given a list, determine whether its values read the same forward and backward.",Set one index at the beginning and another at the end. Compare the two values and move both indices inward. Return false on a mismatch; return true if all mirrored pairs match.,fast_offsets,False,25,25,41,40,True,1.2783153730561025,1.4522422552108765,0.6977643442048488,51.1326149222441,1.4950581293785945,1.6214022040367126,0.8813966228892883,59.80232517514378,0.5794962678104639,0.53972527384758,0.9699265241622925,0.175,0.1,2,2,0.7120311160643513,0.8664162872980038,0.95,1.7736295518603584
linear_last_index__nl__v2,linear_last_index,linear_search,nl,2,"Given a list and a target, return the index of the last target occurrence or minus one if absent.","Begin a saved index at minus one. Inspect the list from left to right. If a value equals the target, replace the saved index with the current index. Output the saved index after the scan.",fast_offsets,False,33,33,42,41,True,1.2247639062655409,1.4470956325531006,0.8015101035510358,50.215320156887174,1.4841046208606623,1.6001148223876953,1.0313990877957997,60.84828945528716,0.6272219492167961,0.5827550888061523,0.9618694506040434,0.24390243902439024,0.07317073170731707,2,1,0.6758355653844774,0.8880475329700858,0.9512195121951219,1.7584076436767468
contains_zero__nl__v2,contains_zero,membership_test,nl,2,"Given a list of numbers, determine whether zero occurs in the list.","Inspect the numbers one by one. When the current number equals zero, output true immediately. When the scan finishes without finding zero, output false.",fast_offsets,False,24,24,31,30,True,1.1103174707619474,1.1859488487243652,0.6925942680053642,33.30952412285842,1.26061293585614,1.2725048065185547,0.8248041877330374,37.8183880756842,0.6524098758896192,0.6509755849838257,0.9803040544191997,0.26666666666666666,0.1,2,1,0.5926918302469983,0.6927742392129811,0.9333333333333333,1.819365217397717
